{
    "parent": "item/handheld",
    "textures": {
        "layer0": "item/netherite_hoe_0"
    },
    "overrides": [
        {
            "predicate": {
                "damaged": 1,
                "damage": 0.20
            },
            "model": "item/netherite_hoe/netherite_hoe_1"
        },
        {
            "predicate": {
                "damaged": 1,
                "damage": 0.40
            },
            "model": "item/netherite_hoe/netherite_hoe_2"
        },
        {
            "predicate": {
                "damaged": 1,
                "damage": 0.60
            },
            "model": "item/netherite_hoe/netherite_hoe_3"
        },
        {
            "predicate": {
                "damaged": 1,
                "damage": 0.80
            },
            "model": "item/netherite_hoe/netherite_hoe_4"
        },
        {
            "predicate": {
                "damaged": 1,
                "damage": 0.90
            },
            "model": "item/netherite_hoe/netherite_hoe_5"
        },
        {
            "predicate": {
                "damaged": 1,
                "damage": 0.99
            },
            "model": "item/netherite_hoe/netherite_hoe_6"
        }
    ]
}