{
    "parent": "item/handheld",
    "textures": {
        "layer0": "item/netherite_sword_0"
    },
    "overrides": [
        {
            "predicate": {
                "damaged": 1,
                "damage": 0.20
            },
            "model": "item/netherite_sword/netherite_sword_1"
        },
        {
            "predicate": {
                "damaged": 1,
                "damage": 0.40
            },
            "model": "item/netherite_sword/netherite_sword_2"
        },
        {
            "predicate": {
                "damaged": 1,
                "damage": 0.60
            },
            "model": "item/netherite_sword/netherite_sword_3"
        },
        {
            "predicate": {
                "damaged": 1,
                "damage": 0.80
            },
            "model": "item/netherite_sword/netherite_sword_4"
        },
        {
            "predicate": {
                "damaged": 1,
                "damage": 0.90
            },
            "model": "item/netherite_sword/netherite_sword_5"
        },
        {
            "predicate": {
                "damaged": 1,
                "damage": 0.99
            },
            "model": "item/netherite_sword/netherite_sword_6"
        }
    ]
}