{
    "parent": "item/handheld",
    "textures": {
        "layer0": "item/netherite_pickaxe_0"
    },
    "overrides": [
        {
            "predicate": {
                "damaged": 1,
                "damage": 0.20
            },
            "model": "item/netherite_pickaxe/netherite_pickaxe_1"
        },
        {
            "predicate": {
                "damaged": 1,
                "damage": 0.40
            },
            "model": "item/netherite_pickaxe/netherite_pickaxe_2"
        },
        {
            "predicate": {
                "damaged": 1,
                "damage": 0.60
            },
            "model": "item/netherite_pickaxe/netherite_pickaxe_3"
        },
        {
            "predicate": {
                "damaged": 1,
                "damage": 0.80
            },
            "model": "item/netherite_pickaxe/netherite_pickaxe_4"
        },
        {
            "predicate": {
                "damaged": 1,
                "damage": 0.90
            },
            "model": "item/netherite_pickaxe/netherite_pickaxe_5"
        },
        {
            "predicate": {
                "damaged": 1,
                "damage": 0.99
            },
            "model": "item/netherite_pickaxe/netherite_pickaxe_6"
        }
    ]
}