{"credit":"By KeepMeow","texture_size":[64,64],"textures":{"0":"pets/animation/arch_illager_anim1_pet","1":"pets/animation/arch_illager_anim2_pet"},"elements":[{"from":[7,12,3],"to":[9,16,5],"faces":{"north":{"uv":[3.5,8.5,4,9.5],"texture":"#0"},"east":{"uv":[3,8.5,3.5,9.5],"texture":"#0"},"south":{"uv":[4.5,8.5,5,9.5],"texture":"#0"},"west":{"uv":[4,8.5,4.5,9.5],"texture":"#0"},"up":{"uv":[4,8.5,3.5,8],"texture":"#0"},"down":{"uv":[4.5,8,4,8.5],"texture":"#0"}}},{"from":[6,20.1,10],"to":[10,31.1,10],"faces":{"north":{"uv":[15,13.25,16,16],"texture":"#0"},"east":{"uv":[12,13.25,13,16],"texture":"#0"},"south":{"uv":[15,13.25,16,16],"texture":"#0"},"west":{"uv":[14,13.25,15,16],"texture":"#0"},"up":{"uv":[14,13.25,13,12.25],"texture":"#0"},"down":{"uv":[15,12.25,14,13.25],"texture":"#0"}}},{"from":[6,20.1,6],"to":[6,31.1,10],"faces":{"north":{"uv":[14,13.25,15,16],"texture":"#0"},"east":{"uv":[15,13.25,16,16],"texture":"#0"},"south":{"uv":[12,13.25,13,16],"texture":"#0"},"west":{"uv":[15,13.25,16,16],"texture":"#0"},"up":{"uv":[14,13.25,13,12.25],"rotation":90,"texture":"#0"},"down":{"uv":[15,12.25,14,13.25],"rotation":270,"texture":"#0"}}},{"from":[10,20.1,6],"to":[10,31.1,10],"faces":{"north":{"uv":[14,13.25,15,16],"texture":"#0"},"east":{"uv":[15,13.25,16,16],"texture":"#0"},"south":{"uv":[12,13.25,13,16],"texture":"#0"},"west":{"uv":[15,13.25,16,16],"texture":"#0"},"up":{"uv":[14,13.25,13,12.25],"rotation":90,"texture":"#0"},"down":{"uv":[15,12.25,14,13.25],"rotation":270,"texture":"#0"}}},{"from":[6,20.1,6],"to":[10,20.1,10],"faces":{"north":{"uv":[14,13.25,15,16],"texture":"#0"},"east":{"uv":[15,13.25,16,16],"texture":"#0"},"south":{"uv":[12,13.25,13,16],"texture":"#0"},"west":{"uv":[15,13.25,16,16],"texture":"#0"},"up":{"uv":[15,13.25,14,12.25],"rotation":90,"texture":"#0"},"down":{"uv":[15,12.25,14,13.25],"rotation":270,"texture":"#0"}}},{"from":[6,20.1,6],"to":[10,31.1,6],"faces":{"north":{"uv":[13,13.25,14,16],"texture":"#0"},"east":{"uv":[12,13.25,13,16],"texture":"#0"},"south":{"uv":[15,13.25,16,16],"texture":"#0"},"west":{"uv":[14,13.25,15,16],"texture":"#0"},"up":{"uv":[14,13.25,13,12.25],"texture":"#0"},"down":{"uv":[15,12.25,14,13.25],"texture":"#0"}}},{"from":[11.25,2,6.5],"to":[11.25,5,9.5],"faces":{"north":{"uv":[9.75,2.5,10.5,3.25],"texture":"#0"},"east":{"uv":[9,2.5,9.75,3.25],"texture":"#0"},"south":{"uv":[11.25,2.5,12,3.25],"texture":"#0"},"west":{"uv":[10.5,2.5,11.25,3.25],"texture":"#0"},"up":{"uv":[10.5,2.5,9.75,1.75],"texture":"#0"},"down":{"uv":[11.25,1.75,10.5,2.5],"texture":"#0"}}},{"from":[8.25,2,6.5],"to":[8.25,5,9.5],"faces":{"north":{"uv":[9.75,2.5,10.5,3.25],"texture":"#0"},"east":{"uv":[9,2.5,9.75,3.25],"texture":"#0"},"south":{"uv":[11.25,2.5,12,3.25],"texture":"#0"},"west":{"uv":[10.5,2.5,11.25,3.25],"texture":"#0"},"up":{"uv":[10.5,2.5,9.75,1.75],"texture":"#0"},"down":{"uv":[11.25,1.75,10.5,2.5],"texture":"#0"}}},{"from":[8.25,2,6.5],"to":[11.25,5,6.5],"faces":{"north":{"uv":[10.5,2.5,11.25,3.25],"texture":"#0"},"east":{"uv":[9.75,2.5,10.5,3.25],"texture":"#0"},"south":{"uv":[9,2.5,9.75,3.25],"texture":"#0"},"west":{"uv":[11.25,2.5,12,3.25],"texture":"#0"},"up":{"uv":[10.5,2.5,9.75,1.75],"rotation":90,"texture":"#0"},"down":{"uv":[11.25,1.75,10.5,2.5],"rotation":270,"texture":"#0"}}},{"from":[8.25,5,6.5],"to":[11.25,5,9.5],"faces":{"north":{"uv":[10.5,2.5,11.25,3.25],"texture":"#0"},"east":{"uv":[9.75,2.5,10.5,3.25],"texture":"#0"},"south":{"uv":[9,2.5,9.75,3.25],"texture":"#0"},"west":{"uv":[11.25,2.5,12,3.25],"texture":"#0"},"up":{"uv":[10.5,2.5,9.75,1.75],"rotation":90,"texture":"#0"},"down":{"uv":[10.5,1.75,9.75,2.5],"rotation":270,"texture":"#0"}}},{"from":[4.75,5,6.5],"to":[7.75,5,9.5],"faces":{"north":{"uv":[10.5,2.5,11.25,3.25],"texture":"#0"},"east":{"uv":[9.75,2.5,10.5,3.25],"texture":"#0"},"south":{"uv":[9,2.5,9.75,3.25],"texture":"#0"},"west":{"uv":[11.25,2.5,12,3.25],"texture":"#0"},"up":{"uv":[10.5,2.5,9.75,1.75],"rotation":90,"texture":"#0"},"down":{"uv":[10.5,1.75,9.75,2.5],"rotation":270,"texture":"#0"}}},{"from":[8.25,2,9.5],"to":[11.25,5,9.5],"faces":{"north":{"uv":[10.5,2.5,11.25,3.25],"texture":"#0"},"east":{"uv":[9.75,2.5,10.5,3.25],"texture":"#0"},"south":{"uv":[9,2.5,9.75,3.25],"texture":"#0"},"west":{"uv":[11.25,2.5,12,3.25],"texture":"#0"},"up":{"uv":[10.5,2.5,9.75,1.75],"rotation":90,"texture":"#0"},"down":{"uv":[11.25,1.75,10.5,2.5],"rotation":270,"texture":"#0"}}},{"from":[4.75,2,9.5],"to":[7.75,5,9.5],"faces":{"north":{"uv":[10.5,2.5,11.25,3.25],"texture":"#0"},"east":{"uv":[9.75,2.5,10.5,3.25],"texture":"#0"},"south":{"uv":[9,2.5,9.75,3.25],"texture":"#0"},"west":{"uv":[11.25,2.5,12,3.25],"texture":"#0"},"up":{"uv":[10.5,2.5,9.75,1.75],"rotation":90,"texture":"#0"},"down":{"uv":[11.25,1.75,10.5,2.5],"rotation":270,"texture":"#0"}}},{"from":[4.75,2,6.5],"to":[4.75,5,9.5],"faces":{"north":{"uv":[9.75,2.5,10.5,3.25],"texture":"#0"},"east":{"uv":[9,2.5,9.75,3.25],"texture":"#0"},"south":{"uv":[11.25,2.5,12,3.25],"texture":"#0"},"west":{"uv":[10.5,2.5,11.25,3.25],"texture":"#0"},"up":{"uv":[10.5,2.5,9.75,1.75],"texture":"#0"},"down":{"uv":[11.25,1.75,10.5,2.5],"texture":"#0"}}},{"from":[4.75,2,6.5],"to":[7.75,5,6.5],"faces":{"north":{"uv":[10.5,2.5,11.25,3.25],"texture":"#0"},"east":{"uv":[9.75,2.5,10.5,3.25],"texture":"#0"},"south":{"uv":[9,2.5,9.75,3.25],"texture":"#0"},"west":{"uv":[11.25,2.5,12,3.25],"texture":"#0"},"up":{"uv":[10.5,2.5,9.75,1.75],"rotation":90,"texture":"#0"},"down":{"uv":[11.25,1.75,10.5,2.5],"rotation":270,"texture":"#0"}}},{"from":[7.75,2,6.5],"to":[7.75,5,9.5],"faces":{"north":{"uv":[9.75,2.5,10.5,3.25],"texture":"#0"},"east":{"uv":[9,2.5,9.75,3.25],"texture":"#0"},"south":{"uv":[11.25,2.5,12,3.25],"texture":"#0"},"west":{"uv":[10.5,2.5,11.25,3.25],"texture":"#0"},"up":{"uv":[10.5,2.5,9.75,1.75],"texture":"#0"},"down":{"uv":[11.25,1.75,10.5,2.5],"texture":"#0"}}},{"from":[3.85,-2.4,5.6],"to":[12.15,-0.1,10.65],"faces":{"north":{"uv":[1,13.75,3,14.25],"texture":"#0"},"east":{"uv":[0,13.75,1,14.25],"texture":"#0"},"south":{"uv":[4,13.75,6,14.25],"texture":"#0"},"west":{"uv":[3,13.75,4,14.25],"texture":"#0"},"up":{"uv":[6,13,4,14],"texture":"#0"},"down":{"uv":[5,12.75,3,13.75],"texture":"#0"}}},{"from":[4,-2,5.75],"to":[12,13,5.75],"faces":{"north":{"uv":[1,4.25,3,8],"texture":"#0"},"east":{"uv":[0,4.25,1,8],"texture":"#0"},"south":{"uv":[1,4.25,3,8],"texture":"#0"},"west":{"uv":[3,4.25,4,8],"texture":"#0"},"up":{"uv":[3,4.25,1,3.25],"texture":"#0"},"down":{"uv":[5,3.25,3,4.25],"texture":"#0"}}},{"from":[4,-2,10.25],"to":[12,13,10.25],"faces":{"north":{"uv":[4,4.25,6,8],"texture":"#0"},"east":{"uv":[0,4.25,1,8],"texture":"#0"},"south":{"uv":[4,4.25,6,8],"texture":"#0"},"west":{"uv":[3,4.25,4,8],"texture":"#0"},"up":{"uv":[3,4.25,1,3.25],"texture":"#0"},"down":{"uv":[5,3.25,3,4.25],"texture":"#0"}}},{"from":[4,13,5.75],"to":[12,13,10.25],"faces":{"north":{"uv":[4,4.25,6,8],"texture":"#0"},"east":{"uv":[0,4.25,1,8],"texture":"#0"},"south":{"uv":[4,4.25,6,8],"texture":"#0"},"west":{"uv":[3,4.25,4,8],"texture":"#0"},"up":{"uv":[3,4.25,1,3.25],"texture":"#0"},"down":{"uv":[3,3.25,1,4.25],"texture":"#0"}}},{"from":[12,-2,5.75],"to":[12,13,10.25],"faces":{"north":{"uv":[4,4.25,6,8],"texture":"#0"},"east":{"uv":[3,4.25,4,8],"texture":"#0"},"south":{"uv":[4,4.25,6,8],"texture":"#0"},"west":{"uv":[3,4.25,4,8],"texture":"#0"},"up":{"uv":[3,4.25,1,3.25],"texture":"#0"},"down":{"uv":[5,3.25,3,4.25],"texture":"#0"}}},{"from":[4,-2,5.75],"to":[4,13,10.25],"faces":{"north":{"uv":[4,4.25,6,8],"texture":"#0"},"east":{"uv":[3,4.25,4,8],"texture":"#0"},"south":{"uv":[4,4.25,6,8],"texture":"#0"},"west":{"uv":[3,4.25,4,8],"texture":"#0"},"up":{"uv":[3,4.25,1,3.25],"texture":"#0"},"down":{"uv":[5,3.25,3,4.25],"texture":"#0"}}},{"from":[5,5,6],"to":[11,13,10],"faces":{"north":{"uv":[7,4.25,8.5,6.25],"texture":"#0"},"east":{"uv":[6,4.25,7,6.25],"texture":"#0"},"south":{"uv":[9.5,4.25,11,6.25],"texture":"#0"},"west":{"uv":[8.5,4.25,9.5,6.25],"texture":"#0"},"up":{"uv":[8.5,4.25,7,3.25],"texture":"#0"},"down":{"uv":[10,3.25,8.5,4.25],"texture":"#0"}}},{"from":[2.5,4.7,6.75],"to":[3.5,12.7,7.75],"faces":{"north":{"uv":[12.25,0.25,12.5,2.25],"texture":"#0"},"east":{"uv":[12,0.25,12.25,2.25],"texture":"#0"},"south":{"uv":[12.75,0.25,13,2.25],"texture":"#0"},"west":{"uv":[12.5,0.25,12.75,2.25],"texture":"#0"},"up":{"uv":[12.5,0.25,12.25,0],"texture":"#0"},"down":{"uv":[12.75,0,12.5,0.25],"texture":"#0"}}},{"from":[1,8.95,6.5],"to":[4,12.95,6.5],"faces":{"north":{"uv":[9.75,0.75,10.5,1.75],"texture":"#0"},"east":{"uv":[9,0.75,9.75,1.75],"texture":"#0"},"south":{"uv":[11.25,0.75,12,1.75],"texture":"#0"},"west":{"uv":[10.5,0.75,11.25,1.75],"texture":"#0"},"up":{"uv":[10.5,0.75,9.75,0],"texture":"#0"},"down":{"uv":[11.25,0,10.5,0.75],"texture":"#0"}}},{"from":[1,12.95,6.5],"to":[4,12.95,9.5],"faces":{"north":{"uv":[9.75,0.75,10.5,1.75],"texture":"#0"},"east":{"uv":[9,0.75,9.75,1.75],"texture":"#0"},"south":{"uv":[11.25,0.75,12,1.75],"texture":"#0"},"west":{"uv":[10.5,0.75,11.25,1.75],"texture":"#0"},"up":{"uv":[10.5,0.75,9.75,0],"texture":"#0"},"down":{"uv":[10.5,0,9.75,0.75],"texture":"#0"}}},{"from":[1,8.95,9.5],"to":[4,12.95,9.5],"faces":{"north":{"uv":[9.75,0.75,10.5,1.75],"texture":"#0"},"east":{"uv":[9,0.75,9.75,1.75],"texture":"#0"},"south":{"uv":[11.25,0.75,12,1.75],"texture":"#0"},"west":{"uv":[10.5,0.75,11.25,1.75],"texture":"#0"},"up":{"uv":[10.5,0.75,9.75,0],"texture":"#0"},"down":{"uv":[11.25,0,10.5,0.75],"texture":"#0"}}},{"from":[1,8.95,6.5],"to":[1,12.95,9.5],"faces":{"north":{"uv":[10.5,0.75,11.25,1.75],"texture":"#0"},"east":{"uv":[9.75,0.75,10.5,1.75],"texture":"#0"},"south":{"uv":[9,0.75,9.75,1.75],"texture":"#0"},"west":{"uv":[11.25,0.75,12,1.75],"texture":"#0"},"up":{"uv":[10.5,0.75,9.75,0],"rotation":90,"texture":"#0"},"down":{"uv":[11.25,0,10.5,0.75],"rotation":270,"texture":"#0"}}},{"from":[4,8.95,6.5],"to":[4,12.95,9.5],"faces":{"north":{"uv":[10.5,0.75,11.25,1.75],"texture":"#0"},"east":{"uv":[9.75,0.75,10.5,1.75],"texture":"#0"},"south":{"uv":[9,0.75,9.75,1.75],"texture":"#0"},"west":{"uv":[11.25,0.75,12,1.75],"texture":"#0"},"up":{"uv":[10.5,0.75,9.75,0],"rotation":90,"texture":"#0"},"down":{"uv":[11.25,0,10.5,0.75],"rotation":270,"texture":"#0"}}},{"from":[2,13,5],"to":[14,20,11],"faces":{"north":{"uv":[1.5,1.5,4.5,3.25],"texture":"#0"},"east":{"uv":[0,1.5,1.5,3.25],"texture":"#0"},"south":{"uv":[6,1.5,9,3.25],"texture":"#0"},"west":{"uv":[4.5,1.5,6,3.25],"texture":"#0"},"up":{"uv":[4.5,1.5,1.5,0],"texture":"#0"},"down":{"uv":[7.5,0,4.5,1.5],"texture":"#0"}}},{"from":[9.25,-6,8],"to":[10.25,2,9],"rotation":{"angle":-22.5,"axis":"x","origin":[0,0,0]},"faces":{"north":{"uv":[15.25,0.25,15.5,2.25],"texture":"#0"},"east":{"uv":[15,0.25,15.25,2.25],"texture":"#0"},"south":{"uv":[15.75,0.25,16,2.25],"texture":"#0"},"west":{"uv":[15.5,0.25,15.75,2.25],"texture":"#0"},"up":{"uv":[15.5,0.25,15.25,0],"texture":"#0"},"down":{"uv":[15.75,0,15.5,0.25],"texture":"#0"}}},{"from":[5.75,-6,8],"to":[6.75,2,9],"rotation":{"angle":-22.5,"axis":"x","origin":[0,0,0]},"faces":{"north":{"uv":[15.25,0.25,15.5,2.25],"texture":"#0"},"east":{"uv":[15,0.25,15.25,2.25],"texture":"#0"},"south":{"uv":[15.75,0.25,16,2.25],"texture":"#0"},"west":{"uv":[15.5,0.25,15.75,2.25],"texture":"#0"},"up":{"uv":[15.5,0.25,15.25,0],"texture":"#0"},"down":{"uv":[15.75,0,15.5,0.25],"texture":"#0"}}},{"from":[4,16.25,4.75],"to":[7,19.25,4.75],"faces":{"north":{"uv":[3.25,14.25,4,15],"texture":"#0"},"east":{"uv":[1.5,14.25,1.5,16],"texture":"#0"},"south":{"uv":[4,14.25,3.25,15],"texture":"#0"},"west":{"uv":[4.5,14.25,4.5,16],"texture":"#0"},"up":{"uv":[4.5,14.25,1.5,14.25],"texture":"#0"},"down":{"uv":[7.5,14.25,4.5,14.25],"texture":"#0"}}},{"from":[9,16.25,4.75],"to":[12,19.25,4.75],"faces":{"north":{"uv":[2,14.25,2.75,15],"texture":"#0"},"east":{"uv":[1.5,14.25,1.5,16],"texture":"#0"},"south":{"uv":[2.75,14.25,2,15],"texture":"#0"},"west":{"uv":[4.5,14.25,4.5,16],"texture":"#0"},"up":{"uv":[4.5,14.25,1.5,14.25],"texture":"#0"},"down":{"uv":[7.5,14.25,4.5,14.25],"texture":"#0"}}},{"from":[12,8.95,6.5],"to":[12,12.95,9.5],"rotation":{"angle":0,"axis":"y","origin":[-3,0,0]},"faces":{"north":{"uv":[10.5,0.75,11.25,1.75],"texture":"#0"},"east":{"uv":[9.75,0.75,10.5,1.75],"texture":"#0"},"south":{"uv":[9,0.75,9.75,1.75],"texture":"#0"},"west":{"uv":[11.25,0.75,12,1.75],"texture":"#0"},"up":{"uv":[10.5,0.75,9.75,0],"rotation":90,"texture":"#0"},"down":{"uv":[11.25,0,10.5,0.75],"rotation":270,"texture":"#0"}}},{"from":[12,8.95,9.5],"to":[15,12.95,9.5],"faces":{"north":{"uv":[9.75,0.75,10.5,1.75],"texture":"#0"},"east":{"uv":[9,0.75,9.75,1.75],"texture":"#0"},"south":{"uv":[11.25,0.75,12,1.75],"texture":"#0"},"west":{"uv":[10.5,0.75,11.25,1.75],"texture":"#0"},"up":{"uv":[10.5,0.75,9.75,0],"texture":"#0"},"down":{"uv":[11.25,0,10.5,0.75],"texture":"#0"}}},{"from":[15,8.95,6.5],"to":[15,12.95,9.5],"faces":{"north":{"uv":[10.5,0.75,11.25,1.75],"texture":"#0"},"east":{"uv":[9.75,0.75,10.5,1.75],"texture":"#0"},"south":{"uv":[9,0.75,9.75,1.75],"texture":"#0"},"west":{"uv":[11.25,0.75,12,1.75],"texture":"#0"},"up":{"uv":[10.5,0.75,9.75,0],"rotation":90,"texture":"#0"},"down":{"uv":[11.25,0,10.5,0.75],"rotation":270,"texture":"#0"}}},{"from":[12,8.95,6.5],"to":[15,12.95,6.5],"faces":{"north":{"uv":[9.75,0.75,10.5,1.75],"texture":"#0"},"east":{"uv":[9,0.75,9.75,1.75],"texture":"#0"},"south":{"uv":[11.25,0.75,12,1.75],"texture":"#0"},"west":{"uv":[10.5,0.75,11.25,1.75],"texture":"#0"},"up":{"uv":[10.5,0.75,9.75,0],"texture":"#0"},"down":{"uv":[11.25,0,10.5,0.75],"texture":"#0"}}},{"from":[12.5,4.7,6.75],"to":[13.5,12.7,7.75],"faces":{"north":{"uv":[12.25,0.25,12.5,2.25],"texture":"#0"},"east":{"uv":[12,0.25,12.25,2.25],"texture":"#0"},"south":{"uv":[12.75,0.25,13,2.25],"texture":"#0"},"west":{"uv":[12.5,0.25,12.75,2.25],"texture":"#0"},"up":{"uv":[12.5,0.25,12.25,0],"texture":"#0"},"down":{"uv":[12.75,0,12.5,0.25],"texture":"#0"}}},{"from":[12.75,8,-6.5],"to":[13.75,9,9.5],"rotation":{"angle":45,"axis":"x","origin":[0,0,0]},"faces":{"north":{"uv":[15.75,2.25,15.5,2.5],"rotation":180,"texture":"#0"},"east":{"uv":[15,2.5,15.25,6.5],"rotation":270,"texture":"#0"},"south":{"uv":[15.5,2.5,15.25,2.25],"texture":"#0"},"west":{"uv":[15.5,2.5,15.75,6.5],"rotation":90,"texture":"#0"},"up":{"uv":[15.25,2.5,15.5,6.5],"rotation":180,"texture":"#0"},"down":{"uv":[15.75,2.5,16,6.5],"texture":"#0"}}},{"from":[11.75,7,-7.75],"to":[14.75,10,-6.75],"rotation":{"angle":45,"axis":"x","origin":[0,0,0]},"faces":{"north":{"uv":[15.25,6.5,14.5,7.25],"rotation":180,"texture":"#0"},"east":{"uv":[13,7.25,13.75,7.5],"rotation":270,"texture":"#0"},"south":{"uv":[14.5,7.25,13.75,6.5],"texture":"#0"},"west":{"uv":[14.5,7.25,15.25,7.5],"rotation":90,"texture":"#0"},"up":{"uv":[13.75,7.25,14.5,7.5],"rotation":180,"texture":"#0"},"down":{"uv":[15.25,7.25,16,7.5],"texture":"#0"}}},{"from":[11.25,6.5,-12],"to":[15.25,10.5,-8],"rotation":{"angle":45,"axis":"x","origin":[0,0,0]},"faces":{"north":{"uv":[15,7.5,14,8.5],"rotation":180,"texture":"#0"},"east":{"uv":[12,8.5,13,9.5],"rotation":270,"texture":"#0"},"south":{"uv":[14,8.5,13,7.5],"texture":"#0"},"west":{"uv":[14,8.5,15,9.5],"rotation":90,"texture":"#0"},"up":{"uv":[13,8.5,14,9.5],"rotation":180,"texture":"#0"},"down":{"uv":[15,8.5,16,9.5],"texture":"#0"}}},{"from":[12,12.95,6.5],"to":[15,12.95,9.5],"faces":{"north":{"uv":[9.75,0.75,10.5,1.75],"texture":"#0"},"east":{"uv":[9,0.75,9.75,1.75],"texture":"#0"},"south":{"uv":[11.25,0.75,12,1.75],"texture":"#0"},"west":{"uv":[10.5,0.75,11.25,1.75],"texture":"#0"},"up":{"uv":[10.5,0.75,9.75,0],"texture":"#0"},"down":{"uv":[10.5,0,9.75,0.75],"texture":"#0"}}},{"from":[7,12,3],"to":[9,16,5],"faces":{"north":{"uv":[3.5,8.5,4,9.5],"texture":"#1"},"east":{"uv":[3,8.5,3.5,9.5],"texture":"#1"},"south":{"uv":[4.5,8.5,5,9.5],"texture":"#1"},"west":{"uv":[4,8.5,4.5,9.5],"texture":"#1"},"up":{"uv":[4,8.5,3.5,8],"texture":"#1"},"down":{"uv":[4.5,8,4,8.5],"texture":"#1"}}},{"from":[6,20.1,10],"to":[10,31.1,10],"faces":{"north":{"uv":[15,13.25,16,16],"texture":"#1"},"east":{"uv":[12,13.25,13,16],"texture":"#1"},"south":{"uv":[15,13.25,16,16],"texture":"#1"},"west":{"uv":[14,13.25,15,16],"texture":"#1"},"up":{"uv":[14,13.25,13,12.25],"texture":"#1"},"down":{"uv":[15,12.25,14,13.25],"texture":"#1"}}},{"from":[6,20.1,6],"to":[6,31.1,10],"faces":{"north":{"uv":[14,13.25,15,16],"texture":"#1"},"east":{"uv":[15,13.25,16,16],"texture":"#1"},"south":{"uv":[12,13.25,13,16],"texture":"#1"},"west":{"uv":[15,13.25,16,16],"texture":"#1"},"up":{"uv":[14,13.25,13,12.25],"rotation":90,"texture":"#1"},"down":{"uv":[15,12.25,14,13.25],"rotation":270,"texture":"#1"}}},{"from":[10,20.1,6],"to":[10,31.1,10],"faces":{"north":{"uv":[14,13.25,15,16],"texture":"#1"},"east":{"uv":[15,13.25,16,16],"texture":"#1"},"south":{"uv":[12,13.25,13,16],"texture":"#1"},"west":{"uv":[15,13.25,16,16],"texture":"#1"},"up":{"uv":[14,13.25,13,12.25],"rotation":90,"texture":"#1"},"down":{"uv":[15,12.25,14,13.25],"rotation":270,"texture":"#1"}}},{"from":[6,20.1,6],"to":[10,20.1,10],"faces":{"north":{"uv":[14,13.25,15,16],"texture":"#1"},"east":{"uv":[15,13.25,16,16],"texture":"#1"},"south":{"uv":[12,13.25,13,16],"texture":"#1"},"west":{"uv":[15,13.25,16,16],"texture":"#1"},"up":{"uv":[15,13.25,14,12.25],"rotation":90,"texture":"#1"},"down":{"uv":[15,12.25,14,13.25],"rotation":270,"texture":"#1"}}},{"from":[6,20.1,6],"to":[10,31.1,6],"faces":{"north":{"uv":[13,13.25,14,16],"texture":"#1"},"east":{"uv":[12,13.25,13,16],"texture":"#1"},"south":{"uv":[15,13.25,16,16],"texture":"#1"},"west":{"uv":[14,13.25,15,16],"texture":"#1"},"up":{"uv":[14,13.25,13,12.25],"texture":"#1"},"down":{"uv":[15,12.25,14,13.25],"texture":"#1"}}},{"from":[11.25,2,6.5],"to":[11.25,5,9.5],"faces":{"north":{"uv":[9.75,2.5,10.5,3.25],"texture":"#1"},"east":{"uv":[9,2.5,9.75,3.25],"texture":"#1"},"south":{"uv":[11.25,2.5,12,3.25],"texture":"#1"},"west":{"uv":[10.5,2.5,11.25,3.25],"texture":"#1"},"up":{"uv":[10.5,2.5,9.75,1.75],"texture":"#1"},"down":{"uv":[11.25,1.75,10.5,2.5],"texture":"#1"}}},{"from":[8.25,2,6.5],"to":[8.25,5,9.5],"faces":{"north":{"uv":[9.75,2.5,10.5,3.25],"texture":"#1"},"east":{"uv":[9,2.5,9.75,3.25],"texture":"#1"},"south":{"uv":[11.25,2.5,12,3.25],"texture":"#1"},"west":{"uv":[10.5,2.5,11.25,3.25],"texture":"#1"},"up":{"uv":[10.5,2.5,9.75,1.75],"texture":"#1"},"down":{"uv":[11.25,1.75,10.5,2.5],"texture":"#1"}}},{"from":[8.25,2,6.5],"to":[11.25,5,6.5],"faces":{"north":{"uv":[10.5,2.5,11.25,3.25],"texture":"#1"},"east":{"uv":[9.75,2.5,10.5,3.25],"texture":"#1"},"south":{"uv":[9,2.5,9.75,3.25],"texture":"#1"},"west":{"uv":[11.25,2.5,12,3.25],"texture":"#1"},"up":{"uv":[10.5,2.5,9.75,1.75],"rotation":90,"texture":"#1"},"down":{"uv":[11.25,1.75,10.5,2.5],"rotation":270,"texture":"#1"}}},{"from":[8.25,5,6.5],"to":[11.25,5,9.5],"faces":{"north":{"uv":[10.5,2.5,11.25,3.25],"texture":"#1"},"east":{"uv":[9.75,2.5,10.5,3.25],"texture":"#1"},"south":{"uv":[9,2.5,9.75,3.25],"texture":"#1"},"west":{"uv":[11.25,2.5,12,3.25],"texture":"#1"},"up":{"uv":[10.5,2.5,9.75,1.75],"rotation":90,"texture":"#1"},"down":{"uv":[10.5,1.75,9.75,2.5],"rotation":270,"texture":"#1"}}},{"from":[4.75,5,6.5],"to":[7.75,5,9.5],"faces":{"north":{"uv":[10.5,2.5,11.25,3.25],"texture":"#1"},"east":{"uv":[9.75,2.5,10.5,3.25],"texture":"#1"},"south":{"uv":[9,2.5,9.75,3.25],"texture":"#1"},"west":{"uv":[11.25,2.5,12,3.25],"texture":"#1"},"up":{"uv":[10.5,2.5,9.75,1.75],"rotation":90,"texture":"#1"},"down":{"uv":[10.5,1.75,9.75,2.5],"rotation":270,"texture":"#1"}}},{"from":[8.25,2,9.5],"to":[11.25,5,9.5],"faces":{"north":{"uv":[10.5,2.5,11.25,3.25],"texture":"#1"},"east":{"uv":[9.75,2.5,10.5,3.25],"texture":"#1"},"south":{"uv":[9,2.5,9.75,3.25],"texture":"#1"},"west":{"uv":[11.25,2.5,12,3.25],"texture":"#1"},"up":{"uv":[10.5,2.5,9.75,1.75],"rotation":90,"texture":"#1"},"down":{"uv":[11.25,1.75,10.5,2.5],"rotation":270,"texture":"#1"}}},{"from":[4.75,2,9.5],"to":[7.75,5,9.5],"faces":{"north":{"uv":[10.5,2.5,11.25,3.25],"texture":"#1"},"east":{"uv":[9.75,2.5,10.5,3.25],"texture":"#1"},"south":{"uv":[9,2.5,9.75,3.25],"texture":"#1"},"west":{"uv":[11.25,2.5,12,3.25],"texture":"#1"},"up":{"uv":[10.5,2.5,9.75,1.75],"rotation":90,"texture":"#1"},"down":{"uv":[11.25,1.75,10.5,2.5],"rotation":270,"texture":"#1"}}},{"from":[4.75,2,6.5],"to":[4.75,5,9.5],"faces":{"north":{"uv":[9.75,2.5,10.5,3.25],"texture":"#1"},"east":{"uv":[9,2.5,9.75,3.25],"texture":"#1"},"south":{"uv":[11.25,2.5,12,3.25],"texture":"#1"},"west":{"uv":[10.5,2.5,11.25,3.25],"texture":"#1"},"up":{"uv":[10.5,2.5,9.75,1.75],"texture":"#1"},"down":{"uv":[11.25,1.75,10.5,2.5],"texture":"#1"}}},{"from":[4.75,2,6.5],"to":[7.75,5,6.5],"faces":{"north":{"uv":[10.5,2.5,11.25,3.25],"texture":"#1"},"east":{"uv":[9.75,2.5,10.5,3.25],"texture":"#1"},"south":{"uv":[9,2.5,9.75,3.25],"texture":"#1"},"west":{"uv":[11.25,2.5,12,3.25],"texture":"#1"},"up":{"uv":[10.5,2.5,9.75,1.75],"rotation":90,"texture":"#1"},"down":{"uv":[11.25,1.75,10.5,2.5],"rotation":270,"texture":"#1"}}},{"from":[7.75,2,6.5],"to":[7.75,5,9.5],"faces":{"north":{"uv":[9.75,2.5,10.5,3.25],"texture":"#1"},"east":{"uv":[9,2.5,9.75,3.25],"texture":"#1"},"south":{"uv":[11.25,2.5,12,3.25],"texture":"#1"},"west":{"uv":[10.5,2.5,11.25,3.25],"texture":"#1"},"up":{"uv":[10.5,2.5,9.75,1.75],"texture":"#1"},"down":{"uv":[11.25,1.75,10.5,2.5],"texture":"#1"}}},{"from":[3.85,-2.4,5.6],"to":[12.15,-0.1,10.65],"faces":{"north":{"uv":[1,13.75,3,14.25],"texture":"#1"},"east":{"uv":[0,13.75,1,14.25],"texture":"#1"},"south":{"uv":[4,13.75,6,14.25],"texture":"#1"},"west":{"uv":[3,13.75,4,14.25],"texture":"#1"},"up":{"uv":[6,13,4,14],"texture":"#1"},"down":{"uv":[5,12.75,3,13.75],"texture":"#1"}}},{"from":[4,-2,5.75],"to":[12,13,5.75],"faces":{"north":{"uv":[1,4.25,3,8],"texture":"#1"},"east":{"uv":[0,4.25,1,8],"texture":"#1"},"south":{"uv":[1,4.25,3,8],"texture":"#1"},"west":{"uv":[3,4.25,4,8],"texture":"#1"},"up":{"uv":[3,4.25,1,3.25],"texture":"#1"},"down":{"uv":[5,3.25,3,4.25],"texture":"#1"}}},{"from":[4,-2,10.25],"to":[12,13,10.25],"faces":{"north":{"uv":[4,4.25,6,8],"texture":"#1"},"east":{"uv":[0,4.25,1,8],"texture":"#1"},"south":{"uv":[4,4.25,6,8],"texture":"#1"},"west":{"uv":[3,4.25,4,8],"texture":"#1"},"up":{"uv":[3,4.25,1,3.25],"texture":"#1"},"down":{"uv":[5,3.25,3,4.25],"texture":"#1"}}},{"from":[4,13,5.75],"to":[12,13,10.25],"faces":{"north":{"uv":[4,4.25,6,8],"texture":"#1"},"east":{"uv":[0,4.25,1,8],"texture":"#1"},"south":{"uv":[4,4.25,6,8],"texture":"#1"},"west":{"uv":[3,4.25,4,8],"texture":"#1"},"up":{"uv":[3,4.25,1,3.25],"texture":"#1"},"down":{"uv":[3,3.25,1,4.25],"texture":"#1"}}},{"from":[12,-2,5.75],"to":[12,13,10.25],"faces":{"north":{"uv":[4,4.25,6,8],"texture":"#1"},"east":{"uv":[3,4.25,4,8],"texture":"#1"},"south":{"uv":[4,4.25,6,8],"texture":"#1"},"west":{"uv":[3,4.25,4,8],"texture":"#1"},"up":{"uv":[3,4.25,1,3.25],"texture":"#1"},"down":{"uv":[5,3.25,3,4.25],"texture":"#1"}}},{"from":[4,-2,5.75],"to":[4,13,10.25],"faces":{"north":{"uv":[4,4.25,6,8],"texture":"#1"},"east":{"uv":[3,4.25,4,8],"texture":"#1"},"south":{"uv":[4,4.25,6,8],"texture":"#1"},"west":{"uv":[3,4.25,4,8],"texture":"#1"},"up":{"uv":[3,4.25,1,3.25],"texture":"#1"},"down":{"uv":[5,3.25,3,4.25],"texture":"#1"}}},{"from":[5,5,6],"to":[11,13,10],"faces":{"north":{"uv":[7,4.25,8.5,6.25],"texture":"#1"},"east":{"uv":[6,4.25,7,6.25],"texture":"#1"},"south":{"uv":[9.5,4.25,11,6.25],"texture":"#1"},"west":{"uv":[8.5,4.25,9.5,6.25],"texture":"#1"},"up":{"uv":[8.5,4.25,7,3.25],"texture":"#1"},"down":{"uv":[10,3.25,8.5,4.25],"texture":"#1"}}},{"from":[2.5,4.7,6.75],"to":[3.5,12.7,7.75],"faces":{"north":{"uv":[12.25,0.25,12.5,2.25],"texture":"#1"},"east":{"uv":[12,0.25,12.25,2.25],"texture":"#1"},"south":{"uv":[12.75,0.25,13,2.25],"texture":"#1"},"west":{"uv":[12.5,0.25,12.75,2.25],"texture":"#1"},"up":{"uv":[12.5,0.25,12.25,0],"texture":"#1"},"down":{"uv":[12.75,0,12.5,0.25],"texture":"#1"}}},{"from":[1,8.95,6.5],"to":[4,12.95,6.5],"faces":{"north":{"uv":[9.75,0.75,10.5,1.75],"texture":"#1"},"east":{"uv":[9,0.75,9.75,1.75],"texture":"#1"},"south":{"uv":[11.25,0.75,12,1.75],"texture":"#1"},"west":{"uv":[10.5,0.75,11.25,1.75],"texture":"#1"},"up":{"uv":[10.5,0.75,9.75,0],"texture":"#1"},"down":{"uv":[11.25,0,10.5,0.75],"texture":"#1"}}},{"from":[1,12.95,6.5],"to":[4,12.95,9.5],"faces":{"north":{"uv":[9.75,0.75,10.5,1.75],"texture":"#1"},"east":{"uv":[9,0.75,9.75,1.75],"texture":"#1"},"south":{"uv":[11.25,0.75,12,1.75],"texture":"#1"},"west":{"uv":[10.5,0.75,11.25,1.75],"texture":"#1"},"up":{"uv":[10.5,0.75,9.75,0],"texture":"#1"},"down":{"uv":[10.5,0,9.75,0.75],"texture":"#1"}}},{"from":[1,8.95,9.5],"to":[4,12.95,9.5],"faces":{"north":{"uv":[9.75,0.75,10.5,1.75],"texture":"#1"},"east":{"uv":[9,0.75,9.75,1.75],"texture":"#1"},"south":{"uv":[11.25,0.75,12,1.75],"texture":"#1"},"west":{"uv":[10.5,0.75,11.25,1.75],"texture":"#1"},"up":{"uv":[10.5,0.75,9.75,0],"texture":"#1"},"down":{"uv":[11.25,0,10.5,0.75],"texture":"#1"}}},{"from":[1,8.95,6.5],"to":[1,12.95,9.5],"faces":{"north":{"uv":[10.5,0.75,11.25,1.75],"texture":"#1"},"east":{"uv":[9.75,0.75,10.5,1.75],"texture":"#1"},"south":{"uv":[9,0.75,9.75,1.75],"texture":"#1"},"west":{"uv":[11.25,0.75,12,1.75],"texture":"#1"},"up":{"uv":[10.5,0.75,9.75,0],"rotation":90,"texture":"#1"},"down":{"uv":[11.25,0,10.5,0.75],"rotation":270,"texture":"#1"}}},{"from":[4,8.95,6.5],"to":[4,12.95,9.5],"faces":{"north":{"uv":[10.5,0.75,11.25,1.75],"texture":"#1"},"east":{"uv":[9.75,0.75,10.5,1.75],"texture":"#1"},"south":{"uv":[9,0.75,9.75,1.75],"texture":"#1"},"west":{"uv":[11.25,0.75,12,1.75],"texture":"#1"},"up":{"uv":[10.5,0.75,9.75,0],"rotation":90,"texture":"#1"},"down":{"uv":[11.25,0,10.5,0.75],"rotation":270,"texture":"#1"}}},{"from":[2,13,5],"to":[14,20,11],"faces":{"north":{"uv":[1.5,1.5,4.5,3.25],"texture":"#1"},"east":{"uv":[0,1.5,1.5,3.25],"texture":"#1"},"south":{"uv":[6,1.5,9,3.25],"texture":"#1"},"west":{"uv":[4.5,1.5,6,3.25],"texture":"#1"},"up":{"uv":[4.5,1.5,1.5,0],"texture":"#1"},"down":{"uv":[7.5,0,4.5,1.5],"texture":"#1"}}},{"from":[5.75,-6,8],"to":[6.75,2,9],"rotation":{"angle":-22.5,"axis":"x","origin":[0,0,0]},"faces":{"north":{"uv":[15.25,0.25,15.5,2.25],"texture":"#1"},"east":{"uv":[15,0.25,15.25,2.25],"texture":"#1"},"south":{"uv":[15.75,0.25,16,2.25],"texture":"#1"},"west":{"uv":[15.5,0.25,15.75,2.25],"texture":"#1"},"up":{"uv":[15.5,0.25,15.25,0],"texture":"#1"},"down":{"uv":[15.75,0,15.5,0.25],"texture":"#1"}}},{"from":[9.25,-6,8],"to":[10.25,2,9],"rotation":{"angle":-22.5,"axis":"x","origin":[0,0,0]},"faces":{"north":{"uv":[15.25,0.25,15.5,2.25],"texture":"#1"},"east":{"uv":[15,0.25,15.25,2.25],"texture":"#1"},"south":{"uv":[15.75,0.25,16,2.25],"texture":"#1"},"west":{"uv":[15.5,0.25,15.75,2.25],"texture":"#1"},"up":{"uv":[15.5,0.25,15.25,0],"texture":"#1"},"down":{"uv":[15.75,0,15.5,0.25],"texture":"#1"}}},{"from":[-3,17.15,4.75],"to":[0,20.15,4.75],"rotation":{"angle":-22.5,"axis":"z","origin":[0,0,0]},"faces":{"north":{"uv":[3.25,14.25,4,15],"texture":"#1"},"east":{"uv":[1.5,14.25,1.5,16],"texture":"#1"},"south":{"uv":[4,14.25,3.25,15],"texture":"#1"},"west":{"uv":[4.5,14.25,4.5,16],"texture":"#1"},"up":{"uv":[4.5,14.25,1.5,14.25],"texture":"#1"},"down":{"uv":[7.5,14.25,4.5,14.25],"texture":"#1"}}},{"from":[14.75,11,4.75],"to":[17.75,14,4.75],"rotation":{"angle":22.5,"axis":"z","origin":[0,0,0]},"faces":{"north":{"uv":[2,14.25,2.75,15],"texture":"#1"},"east":{"uv":[1.5,14.25,1.5,16],"texture":"#1"},"south":{"uv":[2.75,14.25,2,15],"texture":"#1"},"west":{"uv":[4.5,14.25,4.5,16],"texture":"#1"},"up":{"uv":[4.5,14.25,1.5,14.25],"texture":"#1"},"down":{"uv":[7.5,14.25,4.5,14.25],"texture":"#1"}}},{"from":[12,17.7,0.5],"to":[12,21.7,3.5],"rotation":{"angle":45,"axis":"x","origin":[-3,8.75,-6]},"faces":{"north":{"uv":[10.5,0.75,11.25,1.75],"texture":"#1"},"east":{"uv":[9.75,0.75,10.5,1.75],"texture":"#1"},"south":{"uv":[9,0.75,9.75,1.75],"texture":"#1"},"west":{"uv":[11.25,0.75,12,1.75],"texture":"#1"},"up":{"uv":[10.5,0.75,9.75,0],"rotation":90,"texture":"#1"},"down":{"uv":[11.25,0,10.5,0.75],"rotation":270,"texture":"#1"}}},{"from":[12,17.7,3.5],"to":[15,21.7,3.5],"rotation":{"angle":45,"axis":"x","origin":[0,8.75,-6]},"faces":{"north":{"uv":[9.75,0.75,10.5,1.75],"texture":"#1"},"east":{"uv":[9,0.75,9.75,1.75],"texture":"#1"},"south":{"uv":[11.25,0.75,12,1.75],"texture":"#1"},"west":{"uv":[10.5,0.75,11.25,1.75],"texture":"#1"},"up":{"uv":[10.5,0.75,9.75,0],"texture":"#1"},"down":{"uv":[11.25,0,10.5,0.75],"texture":"#1"}}},{"from":[15,17.7,0.5],"to":[15,21.7,3.5],"rotation":{"angle":45,"axis":"x","origin":[0,8.75,-6]},"faces":{"north":{"uv":[10.5,0.75,11.25,1.75],"texture":"#1"},"east":{"uv":[9.75,0.75,10.5,1.75],"texture":"#1"},"south":{"uv":[9,0.75,9.75,1.75],"texture":"#1"},"west":{"uv":[11.25,0.75,12,1.75],"texture":"#1"},"up":{"uv":[10.5,0.75,9.75,0],"rotation":90,"texture":"#1"},"down":{"uv":[11.25,0,10.5,0.75],"rotation":270,"texture":"#1"}}},{"from":[12,17.7,0.5],"to":[15,21.7,0.5],"rotation":{"angle":45,"axis":"x","origin":[0,8.75,-6]},"faces":{"north":{"uv":[9.75,0.75,10.5,1.75],"texture":"#1"},"east":{"uv":[9,0.75,9.75,1.75],"texture":"#1"},"south":{"uv":[11.25,0.75,12,1.75],"texture":"#1"},"west":{"uv":[10.5,0.75,11.25,1.75],"texture":"#1"},"up":{"uv":[10.5,0.75,9.75,0],"texture":"#1"},"down":{"uv":[11.25,0,10.5,0.75],"texture":"#1"}}},{"from":[12.5,13.45,0.75],"to":[13.5,21.45,1.75],"rotation":{"angle":45,"axis":"x","origin":[0,8.75,-6]},"faces":{"north":{"uv":[12.25,0.25,12.5,2.25],"texture":"#1"},"east":{"uv":[12,0.25,12.25,2.25],"texture":"#1"},"south":{"uv":[12.75,0.25,13,2.25],"texture":"#1"},"west":{"uv":[12.5,0.25,12.75,2.25],"texture":"#1"},"up":{"uv":[12.5,0.25,12.25,0],"texture":"#1"},"down":{"uv":[12.75,0,12.5,0.25],"texture":"#1"}}},{"from":[12.75,-3.75,1],"to":[13.75,12.25,2],"rotation":{"angle":-22.5,"axis":"x","origin":[0,8.75,-6]},"faces":{"north":{"uv":[15.75,2.5,16,6.5],"rotation":180,"texture":"#1"},"east":{"uv":[15,2.5,15.25,6.5],"rotation":180,"texture":"#1"},"south":{"uv":[15.25,2.5,15.5,6.5],"rotation":180,"texture":"#1"},"west":{"uv":[15.5,2.5,15.75,6.5],"rotation":180,"texture":"#1"},"up":{"uv":[15.75,2.25,15.5,2.5],"texture":"#1"},"down":{"uv":[15.5,2.5,15.25,2.25],"texture":"#1"}}},{"from":[11.75,12.5,0],"to":[14.75,13.5,3],"rotation":{"angle":-22.5,"axis":"x","origin":[0,8.75,-6]},"faces":{"north":{"uv":[15.25,7.25,16,7.5],"rotation":180,"texture":"#1"},"east":{"uv":[13,7.25,13.75,7.5],"rotation":180,"texture":"#1"},"south":{"uv":[13.75,7.25,14.5,7.5],"rotation":180,"texture":"#1"},"west":{"uv":[14.5,7.25,15.25,7.5],"rotation":180,"texture":"#1"},"up":{"uv":[15.25,6.5,14.5,7.25],"texture":"#1"},"down":{"uv":[14.5,7.25,13.75,6.5],"texture":"#1"}}},{"from":[11.25,13.75,-0.5],"to":[15.25,17.75,3.5],"rotation":{"angle":-22.5,"axis":"x","origin":[0,8.75,-6]},"faces":{"north":{"uv":[15,8.5,16,9.5],"rotation":180,"texture":"#1"},"east":{"uv":[12,8.5,13,9.5],"rotation":180,"texture":"#1"},"south":{"uv":[13,8.5,14,9.5],"rotation":180,"texture":"#1"},"west":{"uv":[14,8.5,15,9.5],"rotation":180,"texture":"#1"},"up":{"uv":[15,7.5,14,8.5],"texture":"#1"},"down":{"uv":[14,8.5,13,7.5],"texture":"#1"}}},{"from":[12,21.7,0.5],"to":[15,21.7,3.5],"rotation":{"angle":45,"axis":"x","origin":[0,8.75,-6]},"faces":{"north":{"uv":[9.75,0.75,10.5,1.75],"texture":"#1"},"east":{"uv":[9,0.75,9.75,1.75],"texture":"#1"},"south":{"uv":[11.25,0.75,12,1.75],"texture":"#1"},"west":{"uv":[10.5,0.75,11.25,1.75],"texture":"#1"},"up":{"uv":[10.5,0.75,9.75,0],"texture":"#1"},"down":{"uv":[10.5,0,9.75,0.75],"texture":"#1"}}}],"display":{"thirdperson_righthand":{"rotation":[75,45,0],"translation":[0,0.5,-1],"scale":[0.25,0.25,0.25]},"thirdperson_lefthand":{"rotation":[75,45,0],"translation":[0,0.5,-1],"scale":[0.25,0.25,0.25]},"firstperson_righthand":{"rotation":[0,45,0],"translation":[2,-1,0],"scale":[0.25,0.25,0.25]},"firstperson_lefthand":{"rotation":[0,45,0],"translation":[2,-1,0],"scale":[0.25,0.25,0.25]},"ground":{"translation":[0,4,0],"scale":[0.25,0.25,0.25]},"gui":{"rotation":[30,225,0],"translation":[0,-2,0],"scale":[0.425,0.425,0.425]},"head":{"rotation":[-3,0,0],"translation":[28,16,-16],"scale":[1.5,1.5,1.5]},"fixed":{"translation":[0,-3,0],"scale":[0.5,0.5,0.5]}},"groups":[{"name":"group","origin":[0,0,0],"color":0,"children":[0,1,2,3,4,5,6,7,8,9,10,11,12,13,14,15,16,17,18,19,20,21,22,23,24,25,26,27,28,29,30,31,{"name":"group","origin":[0,0,0],"color":0,"children":[32,33]},{"name":"group","origin":[0,0,0],"color":0,"children":[34,35,36,37,38,39,40,41,42]}]},{"name":"group","origin":[0,0,0],"color":0,"children":[43,44,45,46,47,48,49,50,51,52,53,54,55,56,57,58,59,60,61,62,63,64,65,66,67,68,69,70,71,72,73,74,{"name":"group","origin":[0,0,0],"color":0,"children":[75,76]},{"name":"group","origin":[0,0,0],"color":0,"children":[77,78,79,80,81,82,83,84,85]}]}]}