{"credit":"By KeepMeow","texture_size":[64,48],"textures":{"0":"pets/static/arrow_golem_pet"},"elements":[{"from":[0,0,0],"to":[16,16,2],"faces":{"north":{"uv":[4,0,8,5.33333],"texture":"#0"},"east":{"uv":[8,0,8.5,5.33333],"texture":"#0"},"south":{"uv":[0,0,4,5.33333],"texture":"#0"},"west":{"uv":[3.5,0,4,5.33333],"texture":"#0"},"up":{"uv":[12,5.33333,16,6],"texture":"#0"},"down":{"uv":[12,6,8,5.33333],"texture":"#0"}}},{"from":[2,0,2],"to":[14,8,14],"faces":{"north":{"uv":[4,0,8,5.33333],"texture":"#0"},"east":{"uv":[8,0,8.5,5.33333],"texture":"#0"},"south":{"uv":[0,0,4,5.33333],"texture":"#0"},"west":{"uv":[3.5,0,4,5.33333],"texture":"#0"},"up":{"uv":[4.5,6,7.5,10],"texture":"#0"},"down":{"uv":[8.5,6,11.5,10],"texture":"#0"}}},{"from":[0,0,14],"to":[16,16,16],"faces":{"north":{"uv":[12,0,16,5.33333],"texture":"#0"},"east":{"uv":[11.5,0,12,5.33333],"texture":"#0"},"south":{"uv":[12,0,16,5.33333],"texture":"#0"},"west":{"uv":[0,0,0.5,5.33333],"texture":"#0"},"up":{"uv":[12,10,16,10.66667],"texture":"#0"},"down":{"uv":[12,10.66667,8,10],"texture":"#0"}}},{"from":[0,0,2],"to":[2,16,14],"faces":{"north":{"uv":[0,0,0.5,5.33333],"texture":"#0"},"east":{"uv":[0.5,0,3.5,5.33333],"texture":"#0"},"south":{"uv":[0,0,0.5,5.33333],"texture":"#0"},"west":{"uv":[0.5,0,3.5,5.33333],"texture":"#0"},"up":{"uv":[12,6,12.5,10],"texture":"#0"},"down":{"uv":[8,6,8.5,10],"texture":"#0"}}},{"from":[14,0,2],"to":[16,16,14],"faces":{"north":{"uv":[0,0,0.5,5.33333],"texture":"#0"},"east":{"uv":[8.5,0,11.5,5.33333],"texture":"#0"},"south":{"uv":[0,0,0.5,5.33333],"texture":"#0"},"west":{"uv":[8.5,0,11.5,5.33333],"texture":"#0"},"up":{"uv":[15.5,6,16,10],"texture":"#0"},"down":{"uv":[11.5,6,12,10],"texture":"#0"}}},{"from":[6,4,-8],"to":[10,8,0],"faces":{"north":{"uv":[2,5.33333,3,6.66667],"texture":"#0"},"east":{"uv":[0,5.33333,2,6.66667],"texture":"#0"},"south":{"uv":[2,5.33333,3,6.66667],"texture":"#0"},"west":{"uv":[2,5.33333,0,6.66667],"texture":"#0"},"up":{"uv":[3,5.33333,4,8],"texture":"#0"},"down":{"uv":[4,8,3,5.33333],"texture":"#0"}}},{"from":[2,-8,6],"to":[6,0,10],"faces":{"north":{"uv":[0,6.66667,1,9.33333],"texture":"#0"},"east":{"uv":[0,6.66667,1,9.33333],"texture":"#0"},"south":{"uv":[0,6.66667,1,9.33333],"texture":"#0"},"west":{"uv":[0,6.66667,1,9.33333],"texture":"#0"},"up":{"uv":[1,8,2,9.33333],"texture":"#0"},"down":{"uv":[1,8,2,9.33333],"texture":"#0"}}},{"from":[10,-8,6],"to":[14,0,10],"faces":{"north":{"uv":[0,6.66667,1,9.33333],"texture":"#0"},"east":{"uv":[0,6.66667,1,9.33333],"texture":"#0"},"south":{"uv":[0,6.66667,1,9.33333],"texture":"#0"},"west":{"uv":[0,6.66667,1,9.33333],"texture":"#0"},"up":{"uv":[1,8,2,9.33333],"texture":"#0"},"down":{"uv":[1,8,2,9.33333],"texture":"#0"}}},{"from":[8,7,8],"to":[9,23,9],"rotation":{"angle":-22.5,"axis":"x","origin":[0,0,0]},"faces":{"north":{"uv":[0.75,9.33333,1,14.66667],"texture":"#0"},"east":{"uv":[0.5,9.33333,0.75,14.66667],"texture":"#0"},"south":{"uv":[0.25,9.33333,0.5,14.66667],"texture":"#0"},"west":{"uv":[0,9.33333,0.25,14.66667],"texture":"#0"},"up":{"uv":[0,9.33333,0.25,9.66667],"texture":"#0"},"down":{"uv":[0,14.33333,0.25,14.66667],"texture":"#0"}}},{"from":[11,7,9],"to":[12,23,10],"rotation":{"angle":-22.5,"axis":"x","origin":[0,0,0]},"faces":{"north":{"uv":[0.75,9.33333,1,14.66667],"texture":"#0"},"east":{"uv":[0.5,9.33333,0.75,14.66667],"texture":"#0"},"south":{"uv":[0.25,9.33333,0.5,14.66667],"texture":"#0"},"west":{"uv":[0,9.33333,0.25,14.66667],"texture":"#0"},"up":{"uv":[0,9.33333,0.25,9.66667],"texture":"#0"},"down":{"uv":[0,14.33333,0.25,14.66667],"texture":"#0"}}},{"from":[4,8,4],"to":[5,24,5],"rotation":{"angle":22.5,"axis":"y","origin":[0,0,0]},"faces":{"north":{"uv":[0.75,9.33333,1,14.66667],"texture":"#0"},"east":{"uv":[0.5,9.33333,0.75,14.66667],"texture":"#0"},"south":{"uv":[0.25,9.33333,0.5,14.66667],"texture":"#0"},"west":{"uv":[0,9.33333,0.25,14.66667],"texture":"#0"},"up":{"uv":[0,9.33333,0.25,9.66667],"texture":"#0"},"down":{"uv":[0,14.33333,0.25,14.66667],"texture":"#0"}}},{"from":[3,8,2],"to":[4,24,3],"faces":{"north":{"uv":[0.5,9.33333,0.75,14.66667],"texture":"#0"},"east":{"uv":[0.25,9.33333,0.5,14.66667],"texture":"#0"},"south":{"uv":[0,9.33333,0.25,14.66667],"texture":"#0"},"west":{"uv":[0.75,9.33333,1,14.66667],"texture":"#0"},"up":{"uv":[0,9.33333,0.25,9.66667],"rotation":270,"texture":"#0"},"down":{"uv":[0,14.33333,0.25,14.66667],"rotation":90,"texture":"#0"}}},{"from":[8,5,4],"to":[9,21,5],"rotation":{"angle":22.5,"axis":"z","origin":[0,0,0]},"faces":{"north":{"uv":[0.75,9.33333,1,14.66667],"texture":"#0"},"east":{"uv":[0.5,9.33333,0.75,14.66667],"texture":"#0"},"south":{"uv":[0.25,9.33333,0.5,14.66667],"texture":"#0"},"west":{"uv":[0,9.33333,0.25,14.66667],"texture":"#0"},"up":{"uv":[0,9.33333,0.25,9.66667],"texture":"#0"},"down":{"uv":[0,14.33333,0.25,14.66667],"texture":"#0"}}},{"from":[0,8,6],"to":[1,24,7],"rotation":{"angle":22.5,"axis":"y","origin":[0,0,0]},"faces":{"north":{"uv":[0.75,9.33333,1,14.66667],"texture":"#0"},"east":{"uv":[0.5,9.33333,0.75,14.66667],"texture":"#0"},"south":{"uv":[0.25,9.33333,0.5,14.66667],"texture":"#0"},"west":{"uv":[0,9.33333,0.25,14.66667],"texture":"#0"},"up":{"uv":[0,9.33333,0.25,9.66667],"texture":"#0"},"down":{"uv":[0,14.33333,0.25,14.66667],"texture":"#0"}}},{"from":[6,11,6],"to":[7,27,7],"faces":{"north":{"uv":[0.5,9.33333,0.75,14.66667],"texture":"#0"},"east":{"uv":[0.25,9.33333,0.5,14.66667],"texture":"#0"},"south":{"uv":[0,9.33333,0.25,14.66667],"texture":"#0"},"west":{"uv":[0.75,9.33333,1,14.66667],"texture":"#0"},"up":{"uv":[0,9.33333,0.25,9.66667],"rotation":270,"texture":"#0"},"down":{"uv":[0,14.33333,0.25,14.66667],"rotation":90,"texture":"#0"}}},{"from":[8,7,8],"to":[9,23,9],"rotation":{"angle":22.5,"axis":"z","origin":[0,0,5]},"faces":{"north":{"uv":[0.5,9.33333,0.75,14.66667],"texture":"#0"},"east":{"uv":[0.25,9.33333,0.5,14.66667],"texture":"#0"},"south":{"uv":[0,9.33333,0.25,14.66667],"texture":"#0"},"west":{"uv":[0.75,9.33333,1,14.66667],"texture":"#0"},"up":{"uv":[0,9.33333,0.25,9.66667],"rotation":270,"texture":"#0"},"down":{"uv":[0,14.33333,0.25,14.66667],"rotation":90,"texture":"#0"}}},{"from":[0,8,11],"to":[1,24,12],"rotation":{"angle":22.5,"axis":"y","origin":[0,0,5]},"faces":{"north":{"uv":[0.75,9.33333,1,14.66667],"texture":"#0"},"east":{"uv":[0.5,9.33333,0.75,14.66667],"texture":"#0"},"south":{"uv":[0.25,9.33333,0.5,14.66667],"texture":"#0"},"west":{"uv":[0,9.33333,0.25,14.66667],"texture":"#0"},"up":{"uv":[0,9.33333,0.25,9.66667],"texture":"#0"},"down":{"uv":[0,14.33333,0.25,14.66667],"texture":"#0"}}},{"from":[6,8,11],"to":[7,24,12],"rotation":{"angle":22.5,"axis":"y","origin":[0,0,0]},"faces":{"north":{"uv":[0.75,9.33333,1,14.66667],"texture":"#0"},"east":{"uv":[0.5,9.33333,0.75,14.66667],"texture":"#0"},"south":{"uv":[0.25,9.33333,0.5,14.66667],"texture":"#0"},"west":{"uv":[0,9.33333,0.25,14.66667],"texture":"#0"},"up":{"uv":[0,9.33333,0.25,9.66667],"texture":"#0"},"down":{"uv":[0,14.33333,0.25,14.66667],"texture":"#0"}}},{"from":[13,8,9],"to":[14,24,10],"faces":{"north":{"uv":[0.5,9.33333,0.75,14.66667],"texture":"#0"},"east":{"uv":[0.25,9.33333,0.5,14.66667],"texture":"#0"},"south":{"uv":[0,9.33333,0.25,14.66667],"texture":"#0"},"west":{"uv":[0.75,9.33333,1,14.66667],"texture":"#0"},"up":{"uv":[0,9.33333,0.25,9.66667],"rotation":270,"texture":"#0"},"down":{"uv":[0,14.33333,0.25,14.66667],"rotation":90,"texture":"#0"}}},{"from":[6,13,5],"to":[7,29,6],"rotation":{"angle":-22.5,"axis":"z","origin":[0,0,5]},"faces":{"north":{"uv":[0.5,9.33333,0.75,14.66667],"texture":"#0"},"east":{"uv":[0.25,9.33333,0.5,14.66667],"texture":"#0"},"south":{"uv":[0,9.33333,0.25,14.66667],"texture":"#0"},"west":{"uv":[0.75,9.33333,1,14.66667],"texture":"#0"},"up":{"uv":[0,9.33333,0.25,9.66667],"rotation":270,"texture":"#0"},"down":{"uv":[0,14.33333,0.25,14.66667],"rotation":90,"texture":"#0"}}},{"from":[6,10,13],"to":[7,26,14],"rotation":{"angle":-22.5,"axis":"z","origin":[0,0,0]},"faces":{"north":{"uv":[0.75,9.33333,1,14.66667],"texture":"#0"},"east":{"uv":[0.5,9.33333,0.75,14.66667],"texture":"#0"},"south":{"uv":[0.25,9.33333,0.5,14.66667],"texture":"#0"},"west":{"uv":[0,9.33333,0.25,14.66667],"texture":"#0"},"up":{"uv":[0,9.33333,0.25,9.66667],"texture":"#0"},"down":{"uv":[0,14.33333,0.25,14.66667],"texture":"#0"}}},{"from":[7,10,14],"to":[8,26,15],"rotation":{"angle":22.5,"axis":"y","origin":[0,0,5]},"faces":{"north":{"uv":[0.75,9.33333,1,14.66667],"texture":"#0"},"east":{"uv":[0.5,9.33333,0.75,14.66667],"texture":"#0"},"south":{"uv":[0.25,9.33333,0.5,14.66667],"texture":"#0"},"west":{"uv":[0,9.33333,0.25,14.66667],"texture":"#0"},"up":{"uv":[0,9.33333,0.25,9.66667],"texture":"#0"},"down":{"uv":[0,14.33333,0.25,14.66667],"texture":"#0"}}},{"from":[5,12,6],"to":[6,28,7],"rotation":{"angle":22.5,"axis":"x","origin":[0,0,0]},"faces":{"north":{"uv":[0.75,9.33333,1,14.66667],"texture":"#0"},"east":{"uv":[0.5,9.33333,0.75,14.66667],"texture":"#0"},"south":{"uv":[0.25,9.33333,0.5,14.66667],"texture":"#0"},"west":{"uv":[0,9.33333,0.25,14.66667],"texture":"#0"},"up":{"uv":[0,9.33333,0.25,9.66667],"texture":"#0"},"down":{"uv":[0,14.33333,0.25,14.66667],"texture":"#0"}}},{"from":[8,14,6],"to":[9,30,7],"rotation":{"angle":22.5,"axis":"x","origin":[0,0,0]},"faces":{"north":{"uv":[0.75,9.33333,1,14.66667],"texture":"#0"},"east":{"uv":[0.5,9.33333,0.75,14.66667],"texture":"#0"},"south":{"uv":[0.25,9.33333,0.5,14.66667],"texture":"#0"},"west":{"uv":[0,9.33333,0.25,14.66667],"texture":"#0"},"up":{"uv":[0,9.33333,0.25,9.66667],"texture":"#0"},"down":{"uv":[0,14.33333,0.25,14.66667],"texture":"#0"}}}],"display":{"thirdperson_righthand":{"rotation":[75,45,0],"translation":[0,2.5,0],"scale":[0.275,0.275,0.275]},"thirdperson_lefthand":{"rotation":[75,45,0],"translation":[0,2.5,0],"scale":[0.275,0.275,0.275]},"firstperson_righthand":{"rotation":[0,45,0],"scale":[0.25,0.25,0.25]},"firstperson_lefthand":{"rotation":[0,45,0],"scale":[0.25,0.25,0.25]},"ground":{"translation":[0,5,0],"scale":[0.25,0.25,0.25]},"gui":{"rotation":[30,225,0],"scale":[0.4,0.4,0.4]},"head":{"translation":[0,23,0]},"fixed":{"scale":[0.5,0.5,0.5]}},"groups":[0,1,2,3,4,5,6,7,{"name":"group","origin":[0,0,0],"color":0,"children":[8,9,10,11,12,13,14,15,16,17,18,19,20,21,22,23]}]}