{"credit":"By KeepMeow","texture_size":[96,32],"textures":{"0":"pets/static/badger_pet"},"elements":[{"from":[2.5,7,-1.5],"to":[13.5,15,10.5],"rotation":{"angle":45,"axis":"x","origin":[0,0,0]},"faces":{"north":{"uv":[4.16667,10,2.33333,6],"rotation":180,"texture":"#0"},"east":{"uv":[1,10,2.33333,16],"rotation":90,"texture":"#0"},"south":{"uv":[6,6,4.16667,10],"texture":"#0"},"west":{"uv":[4.16667,10,5.5,16],"rotation":270,"texture":"#0"},"up":{"uv":[5.5,10,7.33333,16],"texture":"#0"},"down":{"uv":[2.33333,10,4.16667,16],"rotation":180,"texture":"#0"}}},{"from":[2.999,1,-0.5],"to":[5.999,7,2.5],"rotation":{"angle":45,"axis":"x","origin":[0,0,0]},"faces":{"north":{"uv":[10.16667,13,10.66667,16],"texture":"#0"},"east":{"uv":[9.66667,13,10.16667,16],"texture":"#0"},"south":{"uv":[11.16667,13,11.66667,16],"texture":"#0"},"west":{"uv":[10.66667,13,11.16667,16],"texture":"#0"},"up":{"uv":[10.66667,13,10.16667,11.5],"texture":"#0"},"down":{"uv":[11.16667,11.5,10.66667,13],"texture":"#0"}}},{"from":[9.999,1,-0.5],"to":[12.999,7,2.5],"rotation":{"angle":45,"axis":"x","origin":[0,0,0]},"faces":{"north":{"uv":[7.83333,13,8.33333,16],"texture":"#0"},"east":{"uv":[7.33333,13,7.83333,16],"texture":"#0"},"south":{"uv":[8.83333,13,9.33333,16],"texture":"#0"},"west":{"uv":[8.33333,13,8.83333,16],"texture":"#0"},"up":{"uv":[8.33333,13,7.83333,11.5],"texture":"#0"},"down":{"uv":[8.83333,11.5,8.33333,13],"texture":"#0"}}},{"from":[2.999,-6.5,10.5],"to":[5.999,-0.5,13.5],"faces":{"north":{"uv":[10.16667,8.5,10.66667,11.5],"texture":"#0"},"east":{"uv":[9.66667,8.5,10.16667,11.5],"texture":"#0"},"south":{"uv":[11.16667,8.5,11.66667,11.5],"texture":"#0"},"west":{"uv":[10.66667,8.5,11.16667,11.5],"texture":"#0"},"up":{"uv":[10.66667,8.5,10.16667,7],"texture":"#0"},"down":{"uv":[11.16667,7,10.66667,8.5],"texture":"#0"}}},{"from":[6,5.5,1],"to":[10,9.5,4],"rotation":{"angle":-22.5,"axis":"x","origin":[0,0,0]},"faces":{"north":{"uv":[0.5,7.5,1.16667,9.5],"texture":"#0"},"east":{"uv":[0,7.5,0.5,9.5],"texture":"#0"},"south":{"uv":[1.66667,7.5,2.33333,9.5],"texture":"#0"},"west":{"uv":[1.16667,7.5,1.66667,9.5],"texture":"#0"},"up":{"uv":[1.16667,7.5,0.5,6],"texture":"#0"},"down":{"uv":[1.83333,6,1.16667,7.5],"texture":"#0"}}},{"from":[3,9.5,10],"to":[6,12.5,12],"rotation":{"angle":-22.5,"axis":"x","origin":[0,0,0]},"faces":{"north":{"uv":[6.33333,1,6.83333,2.5],"texture":"#0"},"east":{"uv":[6,1,6.33333,2.5],"texture":"#0"},"south":{"uv":[7.16667,1,7.66667,2.5],"texture":"#0"},"west":{"uv":[6.83333,1,7.16667,2.5],"texture":"#0"},"up":{"uv":[6.83333,1,6.33333,0],"texture":"#0"},"down":{"uv":[7.33333,0,6.83333,1],"texture":"#0"}}},{"from":[10,9.5,10],"to":[13,12.5,12],"rotation":{"angle":-22.5,"axis":"x","origin":[0,0,0]},"faces":{"north":{"uv":[6.33333,1,6.83333,2.5],"texture":"#0"},"east":{"uv":[6,1,6.33333,2.5],"texture":"#0"},"south":{"uv":[7.16667,1,7.66667,2.5],"texture":"#0"},"west":{"uv":[6.83333,1,7.16667,2.5],"texture":"#0"},"up":{"uv":[6.83333,1,6.33333,0],"texture":"#0"},"down":{"uv":[7.33333,0,6.83333,1],"texture":"#0"}}},{"from":[3,5.5,4],"to":[13,9.5,12],"rotation":{"angle":-22.5,"axis":"x","origin":[0,0,0]},"faces":{"north":{"uv":[1.33333,4,3,6],"texture":"#0"},"east":{"uv":[0,4,1.33333,6],"texture":"#0"},"south":{"uv":[4.33333,4,6,6],"texture":"#0"},"west":{"uv":[3,4,4.33333,6],"texture":"#0"},"up":{"uv":[3,4,1.33333,0],"texture":"#0"},"down":{"uv":[4.66667,0,3,4],"texture":"#0"}}},{"from":[9.999,-6.5,10.5],"to":[12.999,-0.5,13.5],"faces":{"north":{"uv":[7.83333,8.5,8.33333,11.5],"texture":"#0"},"east":{"uv":[7.33333,8.5,7.83333,11.5],"texture":"#0"},"south":{"uv":[8.83333,8.5,9.33333,11.5],"texture":"#0"},"west":{"uv":[8.33333,8.5,8.83333,11.5],"texture":"#0"},"up":{"uv":[8.33333,8.5,7.83333,7],"texture":"#0"},"down":{"uv":[8.83333,7,8.33333,8.5],"texture":"#0"}}},{"from":[6.5,5,14.5],"to":[9.5,8,20.5],"rotation":{"angle":22.5,"axis":"x","origin":[0,0,0]},"faces":{"north":{"uv":[12.66667,13,12.16667,11.5],"rotation":180,"texture":"#0"},"east":{"uv":[11.66667,13,12.16667,16],"rotation":90,"texture":"#0"},"south":{"uv":[13.16667,11.5,12.66667,13],"texture":"#0"},"west":{"uv":[12.66667,13,13.16667,16],"rotation":270,"texture":"#0"},"up":{"uv":[13.16667,13,13.66667,16],"texture":"#0"},"down":{"uv":[12.16667,13,12.66667,16],"rotation":180,"texture":"#0"}}}],"display":{"thirdperson_righthand":{"rotation":[75,45,0],"translation":[0,2.5,0],"scale":[0.375,0.375,0.375]},"thirdperson_lefthand":{"rotation":[75,45,0],"translation":[0,2.5,0],"scale":[0.375,0.375,0.375]},"firstperson_righthand":{"rotation":[0,45,0],"scale":[0.4,0.4,0.4]},"firstperson_lefthand":{"rotation":[0,45,0],"scale":[0.4,0.4,0.4]},"ground":{"translation":[0,4,0],"scale":[0.25,0.25,0.25]},"gui":{"rotation":[30,225,0],"translation":[0,2.25,0],"scale":[0.625,0.625,0.625]},"head":{"translation":[0,15,0],"scale":[1.5,1.5,1.5]},"fixed":{"scale":[0.5,0.5,0.5]}}}