{"credit":"By KeepMeow","texture_size":[48,48],"textures":{"0":"pets/animation/copper_golem_anim1_pet","1":"block/cobblestone","2":"pets/other/lever_anim1","3":"pets/animation/copper_golem_anim2_pet","4":"pets/other/lever_anim2"},"elements":[{"from":[3,0,3],"to":[6,1,7],"rotation":{"angle":0,"axis":"y","origin":[2,0,3]},"faces":{"north":{"uv":[5,12,11,15],"texture":"#1"},"east":{"uv":[0,9,8,12],"texture":"#1"},"south":{"uv":[5,1,11,4],"texture":"#1"},"west":{"uv":[8,4,16,7],"texture":"#1"},"up":{"uv":[5,4,11,12],"texture":"#1"},"down":{"uv":[5,4,11,12],"texture":"#1"}}},{"from":[10,0,3],"to":[13,1,7],"rotation":{"angle":0,"axis":"y","origin":[2,0,3]},"faces":{"north":{"uv":[5,12,11,15],"texture":"#1"},"east":{"uv":[0,9,8,12],"texture":"#1"},"south":{"uv":[5,1,11,4],"texture":"#1"},"west":{"uv":[8,4,16,7],"texture":"#1"},"up":{"uv":[5,4,11,12],"texture":"#1"},"down":{"uv":[5,4,11,12],"texture":"#1"}}},{"from":[4,5,10],"to":[12,10,18],"rotation":{"angle":-22.5,"axis":"x","origin":[0,-1,3]},"faces":{"north":{"uv":[2.66667,2.66667,5.33333,4.33333],"texture":"#0"},"east":{"uv":[0,2.66667,2.66667,4.33333],"texture":"#0"},"south":{"uv":[8,2.66667,10.66667,4.33333],"texture":"#0"},"west":{"uv":[5.33333,2.66667,8,4.33333],"texture":"#0"},"up":{"uv":[2.66667,0,5.33333,2.66667],"texture":"#0"},"down":{"uv":[5.33333,0,8,2.66667],"texture":"#0"}}},{"from":[7,9,13],"to":[9,12,15],"rotation":{"angle":-22.5,"axis":"x","origin":[0,-1,3]},"faces":{"north":{"uv":[8,1.33333,8.66667,2.33333],"texture":"#0"},"east":{"uv":[8,1.33333,8.66667,2.33333],"texture":"#0"},"south":{"uv":[8,1.33333,8.66667,2.33333],"texture":"#0"},"west":{"uv":[8,1.33333,8.66667,2.33333],"texture":"#0"},"up":{"uv":[8,1.33333,8.66667,2],"texture":"#0"},"down":{"uv":[8,1.33333,8.66667,2],"texture":"#0"}}},{"from":[6,12,12],"to":[10,16,16],"rotation":{"angle":-22.5,"axis":"x","origin":[0,-1,3]},"faces":{"north":{"uv":[8,0,9.33333,1.33333],"texture":"#0"},"east":{"uv":[8,0,9.33333,1.33333],"texture":"#0"},"south":{"uv":[8,0,9.33333,1.33333],"texture":"#0"},"west":{"uv":[8,0,9.33333,1.33333],"texture":"#0"},"up":{"uv":[8,0,9.33333,1.33333],"texture":"#0"},"down":{"uv":[8,0,9.33333,1.33333],"texture":"#0"}}},{"from":[7,4,8],"to":[9,8,10],"rotation":{"angle":-22.5,"axis":"x","origin":[0,-1,3]},"faces":{"north":{"uv":[0.66667,1.33333,1.33333,2.66667],"texture":"#0"},"east":{"uv":[0,1.33333,0.66667,2.66667],"texture":"#0"},"south":{"uv":[2,1.33333,2.66667,2.66667],"texture":"#0"},"west":{"uv":[1.33333,1.33333,2,2.66667],"texture":"#0"},"up":{"uv":[0.66667,0.66667,1.33333,1.33333],"texture":"#0"},"down":{"uv":[1.33333,0.66667,2,1.33333],"texture":"#0"}}},{"from":[4,4,9],"to":[12,9,13],"rotation":{"angle":0,"axis":"y","origin":[0,-1,3]},"faces":{"north":{"uv":[1.33333,5.66667,4,7.33333],"texture":"#0"},"east":{"uv":[0,5.66667,1.33333,7.33333],"texture":"#0"},"south":{"uv":[5.33333,5.66667,8,7.33333],"texture":"#0"},"west":{"uv":[4,5.66667,5.33333,7.33333],"texture":"#0"},"up":{"uv":[1.33333,4.33333,4,5.66667],"texture":"#0"},"down":{"uv":[4,4.33333,6.66667,5.66667],"texture":"#0"}}},{"from":[2,3,1],"to":[4,12,3],"rotation":{"angle":45,"axis":"x","origin":[0,-1,3]},"faces":{"north":{"uv":[0.66667,8,1.33333,11],"texture":"#0"},"east":{"uv":[0,8,0.66667,11],"texture":"#0"},"south":{"uv":[2,8,2.66667,11],"texture":"#0"},"west":{"uv":[1.33333,8,2,11],"texture":"#0"},"up":{"uv":[0.66667,7.33333,1.33333,8],"texture":"#0"},"down":{"uv":[1.33333,7.33333,2,8],"texture":"#0"}}},{"from":[12,0,10],"to":[14,9,12],"rotation":{"angle":0,"axis":"y","origin":[0,-1,3]},"faces":{"north":{"uv":[3.66667,8,4.33333,11],"texture":"#0"},"east":{"uv":[3,8,3.66667,11],"texture":"#0"},"south":{"uv":[5,8,5.66667,11],"texture":"#0"},"west":{"uv":[4.33333,8,5,11],"texture":"#0"},"up":{"uv":[3.66667,7.33333,4.33333,8],"texture":"#0"},"down":{"uv":[4.33333,7.33333,5,8],"texture":"#0"}}},{"from":[4.75,0,10],"to":[7.75,4,12],"rotation":{"angle":0,"axis":"y","origin":[0,-1,3]},"faces":{"north":{"uv":[6.33333,8,7.33333,9.33333],"texture":"#0"},"east":{"uv":[5.66667,8,6.33333,9.33333],"texture":"#0"},"south":{"uv":[8,8,9,9.33333],"texture":"#0"},"west":{"uv":[7.33333,8,8,9.33333],"texture":"#0"},"up":{"uv":[6.33333,7.33333,7.33333,8],"texture":"#0"},"down":{"uv":[7.33333,7.33333,8.33333,8],"texture":"#0"}}},{"from":[8.25,0,10],"to":[11.25,4,12],"rotation":{"angle":0,"axis":"x","origin":[0,-1,3]},"faces":{"north":{"uv":[10,8,11,9.33333],"texture":"#0"},"east":{"uv":[9.33333,8,10,9.33333],"texture":"#0"},"south":{"uv":[11.66667,8,12.66667,9.33333],"texture":"#0"},"west":{"uv":[11,8,11.66667,9.33333],"texture":"#0"},"up":{"uv":[10,7.33333,11,8],"texture":"#0"},"down":{"uv":[11,7.33333,12,8],"texture":"#0"}}},{"from":[11,1,4],"to":[12,6,5],"rotation":{"angle":45,"axis":"x","origin":[2,0,3]},"faces":{"north":{"uv":[7,6,9,16],"texture":"#2"},"east":{"uv":[7,6,9,16],"texture":"#2"},"south":{"uv":[7,6,9,16],"texture":"#2"},"west":{"uv":[7,6,9,16],"texture":"#2"},"up":{"uv":[7,6,9,8],"texture":"#2"},"down":{"uv":[7,14,9,16],"texture":"#2"}}},{"from":[4,-2,4],"to":[5,3,5],"rotation":{"angle":-45,"axis":"x","origin":[9,0,3]},"faces":{"north":{"uv":[7,6,9,16],"texture":"#2"},"east":{"uv":[7,6,9,16],"texture":"#2"},"south":{"uv":[7,6,9,16],"texture":"#2"},"west":{"uv":[7,6,9,16],"texture":"#2"},"up":{"uv":[7,6,9,8],"texture":"#2"},"down":{"uv":[7,14,9,16],"texture":"#2"}}},{"from":[4,5,10],"to":[12,10,18],"rotation":{"angle":-22.5,"axis":"x","origin":[0,-1,3]},"faces":{"north":{"uv":[2.66667,2.66667,5.33333,4.33333],"texture":"#3"},"east":{"uv":[0,2.66667,2.66667,4.33333],"texture":"#3"},"south":{"uv":[8,2.66667,10.66667,4.33333],"texture":"#3"},"west":{"uv":[5.33333,2.66667,8,4.33333],"texture":"#3"},"up":{"uv":[2.66667,0,5.33333,2.66667],"texture":"#3"},"down":{"uv":[5.33333,0,8,2.66667],"texture":"#3"}}},{"from":[7,9,13],"to":[9,12,15],"rotation":{"angle":-22.5,"axis":"x","origin":[0,-1,3]},"faces":{"north":{"uv":[8,1.33333,8.66667,2.33333],"texture":"#3"},"east":{"uv":[8,1.33333,8.66667,2.33333],"texture":"#3"},"south":{"uv":[8,1.33333,8.66667,2.33333],"texture":"#3"},"west":{"uv":[8,1.33333,8.66667,2.33333],"texture":"#3"},"up":{"uv":[8,1.33333,8.66667,2],"texture":"#3"},"down":{"uv":[8,1.33333,8.66667,2],"texture":"#3"}}},{"from":[6,12,12],"to":[10,16,16],"rotation":{"angle":-22.5,"axis":"x","origin":[0,-1,3]},"faces":{"north":{"uv":[8,0,9.33333,1.33333],"texture":"#3"},"east":{"uv":[8,0,9.33333,1.33333],"texture":"#3"},"south":{"uv":[8,0,9.33333,1.33333],"texture":"#3"},"west":{"uv":[8,0,9.33333,1.33333],"texture":"#3"},"up":{"uv":[8,0,9.33333,1.33333],"texture":"#3"},"down":{"uv":[8,0,9.33333,1.33333],"texture":"#3"}}},{"from":[7,4,8],"to":[9,8,10],"rotation":{"angle":-22.5,"axis":"x","origin":[0,-1,3]},"faces":{"north":{"uv":[0.66667,1.33333,1.33333,2.66667],"texture":"#3"},"east":{"uv":[0,1.33333,0.66667,2.66667],"texture":"#3"},"south":{"uv":[2,1.33333,2.66667,2.66667],"texture":"#3"},"west":{"uv":[1.33333,1.33333,2,2.66667],"texture":"#3"},"up":{"uv":[0.66667,0.66667,1.33333,1.33333],"texture":"#3"},"down":{"uv":[1.33333,0.66667,2,1.33333],"texture":"#3"}}},{"from":[4,4,9],"to":[12,9,13],"rotation":{"angle":0,"axis":"y","origin":[0,-1,3]},"faces":{"north":{"uv":[1.33333,5.66667,4,7.33333],"texture":"#3"},"east":{"uv":[0,5.66667,1.33333,7.33333],"texture":"#3"},"south":{"uv":[5.33333,5.66667,8,7.33333],"texture":"#3"},"west":{"uv":[4,5.66667,5.33333,7.33333],"texture":"#3"},"up":{"uv":[1.33333,4.33333,4,5.66667],"texture":"#3"},"down":{"uv":[4,4.33333,6.66667,5.66667],"texture":"#3"}}},{"from":[2,0,10],"to":[4,9,12],"rotation":{"angle":0,"axis":"x","origin":[0,-1,3]},"faces":{"north":{"uv":[0.66667,8,1.33333,11],"texture":"#3"},"east":{"uv":[0,8,0.66667,11],"texture":"#3"},"south":{"uv":[2,8,2.66667,11],"texture":"#3"},"west":{"uv":[1.33333,8,2,11],"texture":"#3"},"up":{"uv":[0.66667,7.33333,1.33333,8],"texture":"#3"},"down":{"uv":[1.33333,7.33333,2,8],"texture":"#3"}}},{"from":[12,3,1],"to":[14,12,3],"rotation":{"angle":45,"axis":"x","origin":[0,-1,3]},"faces":{"north":{"uv":[3.66667,8,4.33333,11],"texture":"#3"},"east":{"uv":[3,8,3.66667,11],"texture":"#3"},"south":{"uv":[5,8,5.66667,11],"texture":"#3"},"west":{"uv":[4.33333,8,5,11],"texture":"#3"},"up":{"uv":[3.66667,7.33333,4.33333,8],"texture":"#3"},"down":{"uv":[4.33333,7.33333,5,8],"texture":"#3"}}},{"from":[4.75,0,10],"to":[7.75,4,12],"rotation":{"angle":0,"axis":"y","origin":[0,-1,3]},"faces":{"north":{"uv":[6.33333,8,7.33333,9.33333],"texture":"#3"},"east":{"uv":[5.66667,8,6.33333,9.33333],"texture":"#3"},"south":{"uv":[8,8,9,9.33333],"texture":"#3"},"west":{"uv":[7.33333,8,8,9.33333],"texture":"#3"},"up":{"uv":[6.33333,7.33333,7.33333,8],"texture":"#3"},"down":{"uv":[7.33333,7.33333,8.33333,8],"texture":"#3"}}},{"from":[8.25,0,10],"to":[11.25,4,12],"rotation":{"angle":0,"axis":"x","origin":[0,-1,3]},"faces":{"north":{"uv":[10,8,11,9.33333],"texture":"#3"},"east":{"uv":[9.33333,8,10,9.33333],"texture":"#3"},"south":{"uv":[11.66667,8,12.66667,9.33333],"texture":"#3"},"west":{"uv":[11,8,11.66667,9.33333],"texture":"#3"},"up":{"uv":[10,7.33333,11,8],"texture":"#3"},"down":{"uv":[11,7.33333,12,8],"texture":"#3"}}},{"from":[4,1,4],"to":[5,6,5],"rotation":{"angle":45,"axis":"x","origin":[2,0,3]},"faces":{"north":{"uv":[7,6,9,16],"texture":"#4"},"east":{"uv":[7,6,9,16],"texture":"#4"},"south":{"uv":[7,6,9,16],"texture":"#4"},"west":{"uv":[7,6,9,16],"texture":"#4"},"up":{"uv":[7,6,9,8],"texture":"#4"},"down":{"uv":[7,14,9,16],"texture":"#4"}}},{"from":[11,-2,4],"to":[12,3,5],"rotation":{"angle":-45,"axis":"x","origin":[9,0,3]},"faces":{"north":{"uv":[7,6,9,16],"texture":"#4"},"east":{"uv":[7,6,9,16],"texture":"#4"},"south":{"uv":[7,6,9,16],"texture":"#4"},"west":{"uv":[7,6,9,16],"texture":"#4"},"up":{"uv":[7,6,9,8],"texture":"#4"},"down":{"uv":[7,14,9,16],"texture":"#4"}}}],"display":{"thirdperson_righthand":{"rotation":[75,45,0],"translation":[0,2.5,0],"scale":[0.375,0.375,0.375]},"thirdperson_lefthand":{"rotation":[75,45,0],"translation":[0,2.5,0],"scale":[0.375,0.375,0.375]},"firstperson_righthand":{"rotation":[0,45,0],"translation":[0,2,0],"scale":[0.4,0.4,0.4]},"firstperson_lefthand":{"rotation":[0,45,0],"translation":[0,2,0],"scale":[0.4,0.4,0.4]},"ground":{"translation":[0,3,0],"scale":[0.25,0.25,0.25]},"gui":{"rotation":[30,225,0],"translation":[0,-0.5,0],"scale":[0.625,0.625,0.625]},"head":{"translation":[0,18.5,0.5],"scale":[1.5,1.5,1.5]},"fixed":{"scale":[0.5,0.5,0.5]}},"groups":[0,1,{"name":"group","origin":[8,8,8],"color":0,"children":[2,3,4,5,6,7,8,9,10,11,12]},{"name":"group","origin":[8,8,8],"color":0,"children":[13,14,15,16,17,18,19,20,21,22,23]}]}