{"credit":"By KeepMeow","texture_size":[64,64],"textures":{"0":"pets/animation/dolphin_anim1_pet","1":"pets/animation/dolphin_anim2_pet","2":"pets/animation/dolphin_anim3_pet","3":"pets/animation/dolphin_anim4_pet","4":"pets/animation/dolphin_anim5_pet","5":"pets/animation/dolphin_anim6_pet","6":"pets/animation/dolphin_anim7_pet","7":"pets/animation/dolphin_anim8_pet","8":"pets/animation/dolphin_anim9_pet","9":"pets/animation/dolphin_anim10_pet","10":"pets/animation/dolphin_anim11_pet","11":"pets/animation/dolphin_anim12_pet","12":"pets/animation/dolphin_anim13_pet","13":"pets/animation/dolphin_anim14_pet","14":"pets/animation/dolphin_anim15_pet","15":"pets/animation/dolphin_anim16_pet","16":"pets/animation/dolphin_anim17_pet","17":"pets/animation/dolphin_anim18_pet"},"elements":[{"from":[7.5,5.75,8],"to":[8.5,9.75,13],"rotation":{"angle":22.5,"axis":"x","origin":[8,7,11]},"faces":{"north":{"uv":[14,1.25,14.25,2.25],"texture":"#0"},"east":{"uv":[12.75,1.25,14,2.25],"texture":"#0"},"south":{"uv":[15.5,1.25,15.75,2.25],"texture":"#0"},"west":{"uv":[14.25,1.25,15.5,2.25],"texture":"#0"},"up":{"uv":[14.25,1.25,14,0],"texture":"#0"},"down":{"uv":[14.5,0,14.25,1.25],"texture":"#0"}}},{"from":[7,0,-8],"to":[9,2,-4],"rotation":{"angle":0,"axis":"y","origin":[-1,0,0]},"faces":{"north":{"uv":[1,4.25,1.5,4.75],"texture":"#0"},"east":{"uv":[0,4.25,1,4.75],"texture":"#0"},"south":{"uv":[2.5,4.25,3,4.75],"texture":"#0"},"west":{"uv":[1.5,4.25,2.5,4.75],"texture":"#0"},"up":{"uv":[1.5,4.25,1,3.25],"texture":"#0"},"down":{"uv":[2,3.25,1.5,4.25],"texture":"#0"}}},{"from":[4,0,-4],"to":[12,7,2],"rotation":{"angle":0,"axis":"y","origin":[-1,0,0]},"faces":{"north":{"uv":[1.5,1.5,3.5,3.25],"texture":"#0"},"east":{"uv":[0,1.5,1.5,3.25],"texture":"#0"},"south":{"uv":[5,1.5,7,3.25],"texture":"#0"},"west":{"uv":[3.5,1.5,5,3.25],"texture":"#0"},"up":{"uv":[3.5,1.5,1.5,0],"texture":"#0"},"down":{"uv":[5.5,0,3.5,1.5],"texture":"#0"}}},{"from":[4,0,2],"to":[12,7,15],"rotation":{"angle":0,"axis":"y","origin":[-1,0,0]},"faces":{"north":{"uv":[8.75,3.25,10.75,5],"texture":"#0"},"east":{"uv":[5.5,3.25,8.75,5],"texture":"#0"},"south":{"uv":[14,3.25,16,5],"texture":"#0"},"west":{"uv":[10.75,3.25,14,5],"texture":"#0"},"up":{"uv":[10.75,3.25,8.75,0],"texture":"#0"},"down":{"uv":[12.75,0,10.75,3.25],"texture":"#0"}}},{"from":[6,0.75,14.25],"to":[10,5.75,25.25],"rotation":{"angle":22.5,"axis":"x","origin":[8,3.75,14.25]},"faces":{"north":{"uv":[2.75,7.5,3.75,8.75],"texture":"#0"},"east":{"uv":[0,7.5,2.75,8.75],"texture":"#0"},"south":{"uv":[6.5,7.5,7.5,8.75],"texture":"#0"},"west":{"uv":[3.75,7.5,6.5,8.75],"texture":"#0"},"up":{"uv":[3.75,7.5,2.75,4.75],"texture":"#0"},"down":{"uv":[4.75,4.75,3.75,7.5],"texture":"#0"}}},{"from":[3,-0.25,25.25],"to":[13,0.75,31.25],"rotation":{"angle":45,"axis":"x","origin":[8,3.25,23.25]},"faces":{"north":{"uv":[6.25,6.5,8.75,6.75],"texture":"#0"},"east":{"uv":[4.75,6.5,6.25,6.75],"texture":"#0"},"south":{"uv":[10.25,6.5,12.75,6.75],"texture":"#0"},"west":{"uv":[8.75,6.5,10.25,6.75],"texture":"#0"},"up":{"uv":[8.75,6.5,6.25,5],"texture":"#0"},"down":{"uv":[11.25,5,8.75,6.5],"texture":"#0"}}},{"from":[-2.25,1,2],"to":[4.75,2,6],"rotation":{"angle":22.5,"axis":"y","origin":[4,2,4]},"faces":{"north":{"uv":[14,6.75,13.75,5],"rotation":270,"texture":"#0"},"east":{"uv":[13.75,6.75,14,7.75],"rotation":90,"texture":"#0"},"south":{"uv":[14.25,5,14,6.75],"rotation":270,"texture":"#0"},"west":{"uv":[15.75,6.75,16,7.75],"rotation":270,"texture":"#0"},"up":{"uv":[12,6.75,13.75,7.75],"texture":"#0"},"down":{"uv":[14,6.75,15.75,7.75],"rotation":180,"texture":"#0"}}},{"from":[11,1,2],"to":[18,2,6],"rotation":{"angle":-22.5,"axis":"y","origin":[12,2,4]},"faces":{"north":{"uv":[14,6.75,13.75,5],"rotation":90,"texture":"#0"},"east":{"uv":[15.75,6.75,16,7.75],"rotation":90,"texture":"#0"},"south":{"uv":[14.25,5,14,6.75],"rotation":90,"texture":"#0"},"west":{"uv":[13.75,6.75,14,7.75],"rotation":270,"texture":"#0"},"up":{"uv":[14,6.75,15.75,7.75],"texture":"#0"},"down":{"uv":[12,6.75,13.75,7.75],"rotation":180,"texture":"#0"}}},{"from":[7.5,5.75,8],"to":[8.5,9.75,13],"rotation":{"angle":22.5,"axis":"x","origin":[8,7,11]},"faces":{"north":{"uv":[14,1.25,14.25,2.25],"texture":"#1"},"east":{"uv":[12.75,1.25,14,2.25],"texture":"#1"},"south":{"uv":[15.5,1.25,15.75,2.25],"texture":"#1"},"west":{"uv":[14.25,1.25,15.5,2.25],"texture":"#1"},"up":{"uv":[14.25,1.25,14,0],"texture":"#1"},"down":{"uv":[14.5,0,14.25,1.25],"texture":"#1"}}},{"from":[7,0,-8],"to":[9,2,-4],"rotation":{"angle":0,"axis":"y","origin":[-1,0,0]},"faces":{"north":{"uv":[1,4.25,1.5,4.75],"texture":"#1"},"east":{"uv":[0,4.25,1,4.75],"texture":"#1"},"south":{"uv":[2.5,4.25,3,4.75],"texture":"#1"},"west":{"uv":[1.5,4.25,2.5,4.75],"texture":"#1"},"up":{"uv":[1.5,4.25,1,3.25],"texture":"#1"},"down":{"uv":[2,3.25,1.5,4.25],"texture":"#1"}}},{"from":[4,0,-4],"to":[12,7,2],"rotation":{"angle":0,"axis":"y","origin":[-1,0,0]},"faces":{"north":{"uv":[1.5,1.5,3.5,3.25],"texture":"#1"},"east":{"uv":[0,1.5,1.5,3.25],"texture":"#1"},"south":{"uv":[5,1.5,7,3.25],"texture":"#1"},"west":{"uv":[3.5,1.5,5,3.25],"texture":"#1"},"up":{"uv":[3.5,1.5,1.5,0],"texture":"#1"},"down":{"uv":[5.5,0,3.5,1.5],"texture":"#1"}}},{"from":[4,0,2],"to":[12,7,15],"rotation":{"angle":0,"axis":"y","origin":[-1,0,0]},"faces":{"north":{"uv":[8.75,3.25,10.75,5],"texture":"#1"},"east":{"uv":[5.5,3.25,8.75,5],"texture":"#1"},"south":{"uv":[14,3.25,16,5],"texture":"#1"},"west":{"uv":[10.75,3.25,14,5],"texture":"#1"},"up":{"uv":[10.75,3.25,8.75,0],"texture":"#1"},"down":{"uv":[12.75,0,10.75,3.25],"texture":"#1"}}},{"from":[6,0,15],"to":[10,5,26],"rotation":{"angle":0,"axis":"x","origin":[8,3,15]},"faces":{"north":{"uv":[2.75,7.5,3.75,8.75],"texture":"#1"},"east":{"uv":[0,7.5,2.75,8.75],"texture":"#1"},"south":{"uv":[6.5,7.5,7.5,8.75],"texture":"#1"},"west":{"uv":[3.75,7.5,6.5,8.75],"texture":"#1"},"up":{"uv":[3.75,7.5,2.75,4.75],"texture":"#1"},"down":{"uv":[4.75,4.75,3.75,7.5],"texture":"#1"}}},{"from":[3,1.5,25],"to":[13,2.5,31],"rotation":{"angle":-22.5,"axis":"x","origin":[8,2.5,24]},"faces":{"north":{"uv":[6.25,6.5,8.75,6.75],"texture":"#1"},"east":{"uv":[4.75,6.5,6.25,6.75],"texture":"#1"},"south":{"uv":[10.25,6.5,12.75,6.75],"texture":"#1"},"west":{"uv":[8.75,6.5,10.25,6.75],"texture":"#1"},"up":{"uv":[8.75,6.5,6.25,5],"texture":"#1"},"down":{"uv":[11.25,5,8.75,6.5],"texture":"#1"}}},{"from":[-2.25,1,2],"to":[4.75,2,6],"rotation":{"angle":45,"axis":"y","origin":[4,2,4]},"faces":{"north":{"uv":[14,6.75,13.75,5],"rotation":270,"texture":"#1"},"east":{"uv":[13.75,6.75,14,7.75],"rotation":90,"texture":"#1"},"south":{"uv":[14.25,5,14,6.75],"rotation":270,"texture":"#1"},"west":{"uv":[15.75,6.75,16,7.75],"rotation":270,"texture":"#1"},"up":{"uv":[12,6.75,13.75,7.75],"texture":"#1"},"down":{"uv":[14,6.75,15.75,7.75],"rotation":180,"texture":"#1"}}},{"from":[11,1,2],"to":[18,2,6],"rotation":{"angle":-45,"axis":"y","origin":[12,2,4]},"faces":{"north":{"uv":[14,6.75,13.75,5],"rotation":90,"texture":"#1"},"east":{"uv":[15.75,6.75,16,7.75],"rotation":90,"texture":"#1"},"south":{"uv":[14.25,5,14,6.75],"rotation":90,"texture":"#1"},"west":{"uv":[13.75,6.75,14,7.75],"rotation":270,"texture":"#1"},"up":{"uv":[14,6.75,15.75,7.75],"texture":"#1"},"down":{"uv":[12,6.75,13.75,7.75],"rotation":180,"texture":"#1"}}},{"from":[7.5,5.75,8],"to":[8.5,9.75,13],"rotation":{"angle":22.5,"axis":"x","origin":[8,7,11]},"faces":{"north":{"uv":[14,1.25,14.25,2.25],"texture":"#2"},"east":{"uv":[12.75,1.25,14,2.25],"texture":"#2"},"south":{"uv":[15.5,1.25,15.75,2.25],"texture":"#2"},"west":{"uv":[14.25,1.25,15.5,2.25],"texture":"#2"},"up":{"uv":[14.25,1.25,14,0],"texture":"#2"},"down":{"uv":[14.5,0,14.25,1.25],"texture":"#2"}}},{"from":[7,0,-8],"to":[9,2,-4],"rotation":{"angle":0,"axis":"y","origin":[-1,0,0]},"faces":{"north":{"uv":[1,4.25,1.5,4.75],"texture":"#2"},"east":{"uv":[0,4.25,1,4.75],"texture":"#2"},"south":{"uv":[2.5,4.25,3,4.75],"texture":"#2"},"west":{"uv":[1.5,4.25,2.5,4.75],"texture":"#2"},"up":{"uv":[1.5,4.25,1,3.25],"texture":"#2"},"down":{"uv":[2,3.25,1.5,4.25],"texture":"#2"}}},{"from":[4,0,-4],"to":[12,7,2],"rotation":{"angle":0,"axis":"y","origin":[-1,0,0]},"faces":{"north":{"uv":[1.5,1.5,3.5,3.25],"texture":"#2"},"east":{"uv":[0,1.5,1.5,3.25],"texture":"#2"},"south":{"uv":[5,1.5,7,3.25],"texture":"#2"},"west":{"uv":[3.5,1.5,5,3.25],"texture":"#2"},"up":{"uv":[3.5,1.5,1.5,0],"texture":"#2"},"down":{"uv":[5.5,0,3.5,1.5],"texture":"#2"}}},{"from":[4,0,2],"to":[12,7,15],"rotation":{"angle":0,"axis":"y","origin":[-1,0,0]},"faces":{"north":{"uv":[8.75,3.25,10.75,5],"texture":"#2"},"east":{"uv":[5.5,3.25,8.75,5],"texture":"#2"},"south":{"uv":[14,3.25,16,5],"texture":"#2"},"west":{"uv":[10.75,3.25,14,5],"texture":"#2"},"up":{"uv":[10.75,3.25,8.75,0],"texture":"#2"},"down":{"uv":[12.75,0,10.75,3.25],"texture":"#2"}}},{"from":[6,0.5,14],"to":[10,5.5,25],"rotation":{"angle":-22.5,"axis":"x","origin":[8,3,15]},"faces":{"north":{"uv":[2.75,7.5,3.75,8.75],"texture":"#2"},"east":{"uv":[0,7.5,2.75,8.75],"texture":"#2"},"south":{"uv":[6.5,7.5,7.5,8.75],"texture":"#2"},"west":{"uv":[3.75,7.5,6.5,8.75],"texture":"#2"},"up":{"uv":[3.75,7.5,2.75,4.75],"texture":"#2"},"down":{"uv":[4.75,4.75,3.75,7.5],"texture":"#2"}}},{"from":[3,5.5,26],"to":[13,6.5,32],"rotation":{"angle":-45,"axis":"x","origin":[8,2.5,24]},"faces":{"north":{"uv":[6.25,6.5,8.75,6.75],"texture":"#2"},"east":{"uv":[4.75,6.5,6.25,6.75],"texture":"#2"},"south":{"uv":[10.25,6.5,12.75,6.75],"texture":"#2"},"west":{"uv":[8.75,6.5,10.25,6.75],"texture":"#2"},"up":{"uv":[8.75,6.5,6.25,5],"texture":"#2"},"down":{"uv":[11.25,5,8.75,6.5],"texture":"#2"}}},{"from":[-2.25,1,2],"to":[4.75,2,6],"rotation":{"angle":22.5,"axis":"y","origin":[4,2,4]},"faces":{"north":{"uv":[14,6.75,13.75,5],"rotation":270,"texture":"#2"},"east":{"uv":[13.75,6.75,14,7.75],"rotation":90,"texture":"#2"},"south":{"uv":[14.25,5,14,6.75],"rotation":270,"texture":"#2"},"west":{"uv":[15.75,6.75,16,7.75],"rotation":270,"texture":"#2"},"up":{"uv":[12,6.75,13.75,7.75],"texture":"#2"},"down":{"uv":[14,6.75,15.75,7.75],"rotation":180,"texture":"#2"}}},{"from":[11,1,2],"to":[18,2,6],"rotation":{"angle":-22.5,"axis":"y","origin":[12,2,4]},"faces":{"north":{"uv":[14,6.75,13.75,5],"rotation":90,"texture":"#2"},"east":{"uv":[15.75,6.75,16,7.75],"rotation":90,"texture":"#2"},"south":{"uv":[14.25,5,14,6.75],"rotation":90,"texture":"#2"},"west":{"uv":[13.75,6.75,14,7.75],"rotation":270,"texture":"#2"},"up":{"uv":[14,6.75,15.75,7.75],"texture":"#2"},"down":{"uv":[12,6.75,13.75,7.75],"rotation":180,"texture":"#2"}}},{"from":[7.5,7.27865,9.68506],"to":[8.5,11.27865,14.68506],"rotation":{"angle":45,"axis":"x","origin":[8,12,8]},"faces":{"north":{"uv":[14,1.25,14.25,2.25],"texture":"#3"},"east":{"uv":[12.75,1.25,14,2.25],"texture":"#3"},"south":{"uv":[15.5,1.25,15.75,2.25],"texture":"#3"},"west":{"uv":[14.25,1.25,15.5,2.25],"texture":"#3"},"up":{"uv":[14.25,1.25,14,0],"texture":"#3"},"down":{"uv":[14.5,0,14.25,1.25],"texture":"#3"}}},{"from":[7,0,-8],"to":[9,2,-4],"rotation":{"angle":22.5,"axis":"x","origin":[8,12,8]},"faces":{"north":{"uv":[1,4.25,1.5,4.75],"texture":"#3"},"east":{"uv":[0,4.25,1,4.75],"texture":"#3"},"south":{"uv":[2.5,4.25,3,4.75],"texture":"#3"},"west":{"uv":[1.5,4.25,2.5,4.75],"texture":"#3"},"up":{"uv":[1.5,4.25,1,3.25],"texture":"#3"},"down":{"uv":[2,3.25,1.5,4.25],"texture":"#3"}}},{"from":[4,0,-4],"to":[12,7,2],"rotation":{"angle":22.5,"axis":"x","origin":[8,12,8]},"faces":{"north":{"uv":[1.5,1.5,3.5,3.25],"texture":"#3"},"east":{"uv":[0,1.5,1.5,3.25],"texture":"#3"},"south":{"uv":[5,1.5,7,3.25],"texture":"#3"},"west":{"uv":[3.5,1.5,5,3.25],"texture":"#3"},"up":{"uv":[3.5,1.5,1.5,0],"texture":"#3"},"down":{"uv":[5.5,0,3.5,1.5],"texture":"#3"}}},{"from":[4,0,2],"to":[12,7,15],"rotation":{"angle":22.5,"axis":"x","origin":[8,12,8]},"faces":{"north":{"uv":[8.75,3.25,10.75,5],"texture":"#3"},"east":{"uv":[5.5,3.25,8.75,5],"texture":"#3"},"south":{"uv":[14,3.25,16,5],"texture":"#3"},"west":{"uv":[10.75,3.25,14,5],"texture":"#3"},"up":{"uv":[10.75,3.25,8.75,0],"texture":"#3"},"down":{"uv":[12.75,0,10.75,3.25],"texture":"#3"}}},{"from":[6,-1.4937,10.02301],"to":[10,3.5063,21.02301],"rotation":{"angle":0,"axis":"x","origin":[8,12,8]},"faces":{"north":{"uv":[2.75,7.5,3.75,8.75],"texture":"#3"},"east":{"uv":[0,7.5,2.75,8.75],"texture":"#3"},"south":{"uv":[6.5,7.5,7.5,8.75],"texture":"#3"},"west":{"uv":[3.75,7.5,6.5,8.75],"texture":"#3"},"up":{"uv":[3.75,7.5,2.75,4.75],"texture":"#3"},"down":{"uv":[4.75,4.75,3.75,7.5],"texture":"#3"}}},{"from":[3,-3.03122,14.59619],"to":[13,-2.03122,20.59619],"rotation":{"angle":-22.5,"axis":"x","origin":[8,12,8]},"faces":{"north":{"uv":[6.25,6.5,8.75,6.75],"texture":"#3"},"east":{"uv":[4.75,6.5,6.25,6.75],"texture":"#3"},"south":{"uv":[10.25,6.5,12.75,6.75],"texture":"#3"},"west":{"uv":[8.75,6.5,10.25,6.75],"texture":"#3"},"up":{"uv":[8.75,6.5,6.25,5],"texture":"#3"},"down":{"uv":[11.25,5,8.75,6.5],"texture":"#3"}}},{"from":[-2.91478,1,0.77375],"to":[4.08522,2,4.77375],"rotation":{"angle":22.5,"axis":"x","origin":[8,12,8]},"faces":{"north":{"uv":[14,6.75,13.75,5],"rotation":270,"texture":"#3"},"east":{"uv":[13.75,6.75,14,7.75],"rotation":90,"texture":"#3"},"south":{"uv":[14.25,5,14,6.75],"rotation":270,"texture":"#3"},"west":{"uv":[15.75,6.75,16,7.75],"rotation":270,"texture":"#3"},"up":{"uv":[12,6.75,13.75,7.75],"texture":"#3"},"down":{"uv":[14,6.75,15.75,7.75],"rotation":180,"texture":"#3"}}},{"from":[11.91478,1,0.77375],"to":[18.91478,2,4.77375],"rotation":{"angle":22.5,"axis":"x","origin":[8,12,8]},"faces":{"north":{"uv":[14,6.75,13.75,5],"rotation":90,"texture":"#3"},"east":{"uv":[15.75,6.75,16,7.75],"rotation":90,"texture":"#3"},"south":{"uv":[14.25,5,14,6.75],"rotation":90,"texture":"#3"},"west":{"uv":[13.75,6.75,14,7.75],"rotation":270,"texture":"#3"},"up":{"uv":[14,6.75,15.75,7.75],"texture":"#3"},"down":{"uv":[12,6.75,13.75,7.75],"rotation":180,"texture":"#3"}}},{"from":[7.5,5.31494,3.27865],"to":[8.5,10.31494,7.27865],"rotation":{"angle":-22.5,"axis":"x","origin":[8,12,8]},"faces":{"north":{"uv":[14.5,0,14.25,1.25],"rotation":180,"texture":"#4"},"east":{"uv":[12.75,1.25,14,2.25],"rotation":270,"texture":"#4"},"south":{"uv":[14.25,1.25,14,0],"texture":"#4"},"west":{"uv":[14.25,1.25,15.5,2.25],"rotation":90,"texture":"#4"},"up":{"uv":[14,1.25,14.25,2.25],"rotation":180,"texture":"#4"},"down":{"uv":[15.5,1.25,15.75,2.25],"texture":"#4"}}},{"from":[7,0,-8],"to":[9,2,-4],"rotation":{"angle":45,"axis":"x","origin":[8,12,8]},"faces":{"north":{"uv":[1,4.25,1.5,4.75],"texture":"#4"},"east":{"uv":[0,4.25,1,4.75],"texture":"#4"},"south":{"uv":[2.5,4.25,3,4.75],"texture":"#4"},"west":{"uv":[1.5,4.25,2.5,4.75],"texture":"#4"},"up":{"uv":[1.5,4.25,1,3.25],"texture":"#4"},"down":{"uv":[2,3.25,1.5,4.25],"texture":"#4"}}},{"from":[4,0,-4],"to":[12,7,2],"rotation":{"angle":45,"axis":"x","origin":[8,12,8]},"faces":{"north":{"uv":[1.5,1.5,3.5,3.25],"texture":"#4"},"east":{"uv":[0,1.5,1.5,3.25],"texture":"#4"},"south":{"uv":[5,1.5,7,3.25],"texture":"#4"},"west":{"uv":[3.5,1.5,5,3.25],"texture":"#4"},"up":{"uv":[3.5,1.5,1.5,0],"texture":"#4"},"down":{"uv":[5.5,0,3.5,1.5],"texture":"#4"}}},{"from":[4,0,2],"to":[12,7,15],"rotation":{"angle":45,"axis":"x","origin":[8,12,8]},"faces":{"north":{"uv":[8.75,3.25,10.75,5],"texture":"#4"},"east":{"uv":[5.5,3.25,8.75,5],"texture":"#4"},"south":{"uv":[14,3.25,16,5],"texture":"#4"},"west":{"uv":[10.75,3.25,14,5],"texture":"#4"},"up":{"uv":[10.75,3.25,8.75,0],"texture":"#4"},"down":{"uv":[12.75,0,10.75,3.25],"texture":"#4"}}},{"from":[6,-1.4937,10.02301],"to":[10,3.5063,21.02301],"rotation":{"angle":22.5,"axis":"x","origin":[8,12,8]},"faces":{"north":{"uv":[2.75,7.5,3.75,8.75],"texture":"#4"},"east":{"uv":[0,7.5,2.75,8.75],"texture":"#4"},"south":{"uv":[6.5,7.5,7.5,8.75],"texture":"#4"},"west":{"uv":[3.75,7.5,6.5,8.75],"texture":"#4"},"up":{"uv":[3.75,7.5,2.75,4.75],"texture":"#4"},"down":{"uv":[4.75,4.75,3.75,7.5],"texture":"#4"}}},{"from":[3,-3.03122,14.59619],"to":[13,-2.03122,20.59619],"rotation":{"angle":0,"axis":"x","origin":[8,12,8]},"faces":{"north":{"uv":[6.25,6.5,8.75,6.75],"texture":"#4"},"east":{"uv":[4.75,6.5,6.25,6.75],"texture":"#4"},"south":{"uv":[10.25,6.5,12.75,6.75],"texture":"#4"},"west":{"uv":[8.75,6.5,10.25,6.75],"texture":"#4"},"up":{"uv":[8.75,6.5,6.25,5],"texture":"#4"},"down":{"uv":[11.25,5,8.75,6.5],"texture":"#4"}}},{"from":[-2.91478,1,0.77375],"to":[4.08522,2,4.77375],"rotation":{"angle":45,"axis":"x","origin":[8,12,8]},"faces":{"north":{"uv":[14,6.75,13.75,5],"rotation":270,"texture":"#4"},"east":{"uv":[13.75,6.75,14,7.75],"rotation":90,"texture":"#4"},"south":{"uv":[14.25,5,14,6.75],"rotation":270,"texture":"#4"},"west":{"uv":[15.75,6.75,16,7.75],"rotation":270,"texture":"#4"},"up":{"uv":[12,6.75,13.75,7.75],"texture":"#4"},"down":{"uv":[14,6.75,15.75,7.75],"rotation":180,"texture":"#4"}}},{"from":[11.91478,1,0.77375],"to":[18.91478,2,4.77375],"rotation":{"angle":45,"axis":"x","origin":[8,12,8]},"faces":{"north":{"uv":[14,6.75,13.75,5],"rotation":90,"texture":"#4"},"east":{"uv":[15.75,6.75,16,7.75],"rotation":90,"texture":"#4"},"south":{"uv":[14.25,5,14,6.75],"rotation":90,"texture":"#4"},"west":{"uv":[13.75,6.75,14,7.75],"rotation":270,"texture":"#4"},"up":{"uv":[14,6.75,15.75,7.75],"texture":"#4"},"down":{"uv":[12,6.75,13.75,7.75],"rotation":180,"texture":"#4"}}},{"from":[7.5,5.31494,3.27865],"to":[8.5,10.31494,7.27865],"rotation":{"angle":0,"axis":"x","origin":[8,12,8]},"faces":{"north":{"uv":[14.5,0,14.25,1.25],"rotation":180,"texture":"#5"},"east":{"uv":[12.75,1.25,14,2.25],"rotation":270,"texture":"#5"},"south":{"uv":[14.25,1.25,14,0],"texture":"#5"},"west":{"uv":[14.25,1.25,15.5,2.25],"rotation":90,"texture":"#5"},"up":{"uv":[14,1.25,14.25,2.25],"rotation":180,"texture":"#5"},"down":{"uv":[15.5,1.25,15.75,2.25],"texture":"#5"}}},{"from":[7,24,-4],"to":[9,28,-2],"rotation":{"angle":-22.5,"axis":"x","origin":[8,12,8]},"faces":{"north":{"uv":[2,3.25,1.5,4.25],"rotation":180,"texture":"#5"},"east":{"uv":[0,4.25,1,4.75],"rotation":270,"texture":"#5"},"south":{"uv":[1.5,4.25,1,3.25],"texture":"#5"},"west":{"uv":[1.5,4.25,2.5,4.75],"rotation":90,"texture":"#5"},"up":{"uv":[1,4.25,1.5,4.75],"rotation":180,"texture":"#5"},"down":{"uv":[2.5,4.25,3,4.75],"texture":"#5"}}},{"from":[4,18,-4],"to":[12,24,3],"rotation":{"angle":-22.5,"axis":"x","origin":[8,12,8]},"faces":{"north":{"uv":[5.5,0,3.5,1.5],"rotation":180,"texture":"#5"},"east":{"uv":[0,1.5,1.5,3.25],"rotation":270,"texture":"#5"},"south":{"uv":[3.5,1.5,1.5,0],"texture":"#5"},"west":{"uv":[3.5,1.5,5,3.25],"rotation":90,"texture":"#5"},"up":{"uv":[1.5,1.5,3.5,3.25],"rotation":180,"texture":"#5"},"down":{"uv":[5,1.5,7,3.25],"texture":"#5"}}},{"from":[4,5,-4],"to":[12,18,3],"rotation":{"angle":-22.5,"axis":"x","origin":[8,12,8]},"faces":{"north":{"uv":[12.75,0,10.75,3.25],"rotation":180,"texture":"#5"},"east":{"uv":[5.5,3.25,8.75,5],"rotation":270,"texture":"#5"},"south":{"uv":[10.75,3.25,8.75,0],"texture":"#5"},"west":{"uv":[10.75,3.25,14,5],"rotation":90,"texture":"#5"},"up":{"uv":[8.75,3.25,10.75,5],"rotation":180,"texture":"#5"},"down":{"uv":[14,3.25,16,5],"texture":"#5"}}},{"from":[6,-1.4937,10.02301],"to":[10,3.5063,21.02301],"rotation":{"angle":45,"axis":"x","origin":[8,12,8]},"faces":{"north":{"uv":[2.75,7.5,3.75,8.75],"texture":"#5"},"east":{"uv":[0,7.5,2.75,8.75],"texture":"#5"},"south":{"uv":[6.5,7.5,7.5,8.75],"texture":"#5"},"west":{"uv":[3.75,7.5,6.5,8.75],"texture":"#5"},"up":{"uv":[3.75,7.5,2.75,4.75],"texture":"#5"},"down":{"uv":[4.75,4.75,3.75,7.5],"texture":"#5"}}},{"from":[3,-3.03122,14.59619],"to":[13,-2.03122,20.59619],"rotation":{"angle":22.5,"axis":"x","origin":[8,12,8]},"faces":{"north":{"uv":[6.25,6.5,8.75,6.75],"texture":"#5"},"east":{"uv":[4.75,6.5,6.25,6.75],"texture":"#5"},"south":{"uv":[10.25,6.5,12.75,6.75],"texture":"#5"},"west":{"uv":[8.75,6.5,10.25,6.75],"texture":"#5"},"up":{"uv":[8.75,6.5,6.25,5],"texture":"#5"},"down":{"uv":[11.25,5,8.75,6.5],"texture":"#5"}}},{"from":[-2.91478,15.22625,-3],"to":[4.08522,19.22625,-2],"rotation":{"angle":-22.5,"axis":"x","origin":[8,12,8]},"faces":{"north":{"uv":[14,6.75,15.75,7.75],"texture":"#5"},"east":{"uv":[13.75,6.75,14,7.75],"texture":"#5"},"south":{"uv":[12,6.75,13.75,7.75],"texture":"#5"},"west":{"uv":[15.75,6.75,16,7.75],"texture":"#5"},"up":{"uv":[14,6.75,13.75,5],"rotation":90,"texture":"#5"},"down":{"uv":[14.25,5,14,6.75],"rotation":270,"texture":"#5"}}},{"from":[11.91478,15.22625,-3],"to":[18.91478,19.22625,-2],"rotation":{"angle":-22.5,"axis":"x","origin":[8,12,8]},"faces":{"north":{"uv":[12,6.75,13.75,7.75],"texture":"#5"},"east":{"uv":[15.75,6.75,16,7.75],"texture":"#5"},"south":{"uv":[14,6.75,15.75,7.75],"texture":"#5"},"west":{"uv":[13.75,6.75,14,7.75],"texture":"#5"},"up":{"uv":[14,6.75,13.75,5],"rotation":270,"texture":"#5"},"down":{"uv":[14.25,5,14,6.75],"rotation":90,"texture":"#5"}}},{"from":[7.5,5.31494,3.27865],"to":[8.5,10.31494,7.27865],"rotation":{"angle":22.5,"axis":"x","origin":[8,12,8]},"faces":{"north":{"uv":[14.5,0,14.25,1.25],"rotation":180,"texture":"#6"},"east":{"uv":[12.75,1.25,14,2.25],"rotation":270,"texture":"#6"},"south":{"uv":[14.25,1.25,14,0],"texture":"#6"},"west":{"uv":[14.25,1.25,15.5,2.25],"rotation":90,"texture":"#6"},"up":{"uv":[14,1.25,14.25,2.25],"rotation":180,"texture":"#6"},"down":{"uv":[15.5,1.25,15.75,2.25],"texture":"#6"}}},{"from":[7,24,-4],"to":[9,28,-2],"rotation":{"angle":0,"axis":"x","origin":[8,12,8]},"faces":{"north":{"uv":[2,3.25,1.5,4.25],"rotation":180,"texture":"#6"},"east":{"uv":[0,4.25,1,4.75],"rotation":270,"texture":"#6"},"south":{"uv":[1.5,4.25,1,3.25],"texture":"#6"},"west":{"uv":[1.5,4.25,2.5,4.75],"rotation":90,"texture":"#6"},"up":{"uv":[1,4.25,1.5,4.75],"rotation":180,"texture":"#6"},"down":{"uv":[2.5,4.25,3,4.75],"texture":"#6"}}},{"from":[4,18,-4],"to":[12,24,3],"rotation":{"angle":0,"axis":"x","origin":[8,12,8]},"faces":{"north":{"uv":[5.5,0,3.5,1.5],"rotation":180,"texture":"#6"},"east":{"uv":[0,1.5,1.5,3.25],"rotation":270,"texture":"#6"},"south":{"uv":[3.5,1.5,1.5,0],"texture":"#6"},"west":{"uv":[3.5,1.5,5,3.25],"rotation":90,"texture":"#6"},"up":{"uv":[1.5,1.5,3.5,3.25],"rotation":180,"texture":"#6"},"down":{"uv":[5,1.5,7,3.25],"texture":"#6"}}},{"from":[4,5,-4],"to":[12,18,3],"rotation":{"angle":0,"axis":"x","origin":[8,12,8]},"faces":{"north":{"uv":[12.75,0,10.75,3.25],"rotation":180,"texture":"#6"},"east":{"uv":[5.5,3.25,8.75,5],"rotation":270,"texture":"#6"},"south":{"uv":[10.75,3.25,8.75,0],"texture":"#6"},"west":{"uv":[10.75,3.25,14,5],"rotation":90,"texture":"#6"},"up":{"uv":[8.75,3.25,10.75,5],"rotation":180,"texture":"#6"},"down":{"uv":[14,3.25,16,5],"texture":"#6"}}},{"from":[6,-1.02301,-5.4937],"to":[10,9.97699,-0.4937],"rotation":{"angle":-22.5,"axis":"x","origin":[8,12,8]},"faces":{"north":{"uv":[4.75,4.75,3.75,7.5],"rotation":180,"texture":"#6"},"east":{"uv":[0,7.5,2.75,8.75],"rotation":270,"texture":"#6"},"south":{"uv":[3.75,7.5,2.75,4.75],"texture":"#6"},"west":{"uv":[3.75,7.5,6.5,8.75],"rotation":90,"texture":"#6"},"up":{"uv":[2.75,7.5,3.75,8.75],"rotation":180,"texture":"#6"},"down":{"uv":[6.5,7.5,7.5,8.75],"texture":"#6"}}},{"from":[3,-3.03122,14.59619],"to":[13,-2.03122,20.59619],"rotation":{"angle":45,"axis":"x","origin":[8,12,8]},"faces":{"north":{"uv":[6.25,6.5,8.75,6.75],"texture":"#6"},"east":{"uv":[4.75,6.5,6.25,6.75],"texture":"#6"},"south":{"uv":[10.25,6.5,12.75,6.75],"texture":"#6"},"west":{"uv":[8.75,6.5,10.25,6.75],"texture":"#6"},"up":{"uv":[8.75,6.5,6.25,5],"texture":"#6"},"down":{"uv":[11.25,5,8.75,6.5],"texture":"#6"}}},{"from":[-2.91478,15.22625,-3],"to":[4.08522,19.22625,-2],"rotation":{"angle":0,"axis":"x","origin":[8,12,8]},"faces":{"north":{"uv":[14,6.75,15.75,7.75],"texture":"#6"},"east":{"uv":[13.75,6.75,14,7.75],"texture":"#6"},"south":{"uv":[12,6.75,13.75,7.75],"texture":"#6"},"west":{"uv":[15.75,6.75,16,7.75],"texture":"#6"},"up":{"uv":[14,6.75,13.75,5],"rotation":90,"texture":"#6"},"down":{"uv":[14.25,5,14,6.75],"rotation":270,"texture":"#6"}}},{"from":[11.91478,15.22625,-3],"to":[18.91478,19.22625,-2],"rotation":{"angle":0,"axis":"x","origin":[8,12,8]},"faces":{"north":{"uv":[12,6.75,13.75,7.75],"texture":"#6"},"east":{"uv":[15.75,6.75,16,7.75],"texture":"#6"},"south":{"uv":[14,6.75,15.75,7.75],"texture":"#6"},"west":{"uv":[13.75,6.75,14,7.75],"texture":"#6"},"up":{"uv":[14,6.75,13.75,5],"rotation":270,"texture":"#6"},"down":{"uv":[14.25,5,14,6.75],"rotation":90,"texture":"#6"}}},{"from":[7.5,5.31494,3.27865],"to":[8.5,10.31494,7.27865],"rotation":{"angle":45,"axis":"x","origin":[8,12,8]},"faces":{"north":{"uv":[14.5,0,14.25,1.25],"rotation":180,"texture":"#7"},"east":{"uv":[12.75,1.25,14,2.25],"rotation":270,"texture":"#7"},"south":{"uv":[14.25,1.25,14,0],"texture":"#7"},"west":{"uv":[14.25,1.25,15.5,2.25],"rotation":90,"texture":"#7"},"up":{"uv":[14,1.25,14.25,2.25],"rotation":180,"texture":"#7"},"down":{"uv":[15.5,1.25,15.75,2.25],"texture":"#7"}}},{"from":[7,24,-4],"to":[9,28,-2],"rotation":{"angle":22.5,"axis":"x","origin":[8,12,8]},"faces":{"north":{"uv":[2,3.25,1.5,4.25],"rotation":180,"texture":"#7"},"east":{"uv":[0,4.25,1,4.75],"rotation":270,"texture":"#7"},"south":{"uv":[1.5,4.25,1,3.25],"texture":"#7"},"west":{"uv":[1.5,4.25,2.5,4.75],"rotation":90,"texture":"#7"},"up":{"uv":[1,4.25,1.5,4.75],"rotation":180,"texture":"#7"},"down":{"uv":[2.5,4.25,3,4.75],"texture":"#7"}}},{"from":[4,18,-4],"to":[12,24,3],"rotation":{"angle":22.5,"axis":"x","origin":[8,12,8]},"faces":{"north":{"uv":[5.5,0,3.5,1.5],"rotation":180,"texture":"#7"},"east":{"uv":[0,1.5,1.5,3.25],"rotation":270,"texture":"#7"},"south":{"uv":[3.5,1.5,1.5,0],"texture":"#7"},"west":{"uv":[3.5,1.5,5,3.25],"rotation":90,"texture":"#7"},"up":{"uv":[1.5,1.5,3.5,3.25],"rotation":180,"texture":"#7"},"down":{"uv":[5,1.5,7,3.25],"texture":"#7"}}},{"from":[4,5,-4],"to":[12,18,3],"rotation":{"angle":22.5,"axis":"x","origin":[8,12,8]},"faces":{"north":{"uv":[12.75,0,10.75,3.25],"rotation":180,"texture":"#7"},"east":{"uv":[5.5,3.25,8.75,5],"rotation":270,"texture":"#7"},"south":{"uv":[10.75,3.25,8.75,0],"texture":"#7"},"west":{"uv":[10.75,3.25,14,5],"rotation":90,"texture":"#7"},"up":{"uv":[8.75,3.25,10.75,5],"rotation":180,"texture":"#7"},"down":{"uv":[14,3.25,16,5],"texture":"#7"}}},{"from":[6,-1.02301,-5.4937],"to":[10,9.97699,-0.4937],"rotation":{"angle":0,"axis":"x","origin":[8,12,8]},"faces":{"north":{"uv":[4.75,4.75,3.75,7.5],"rotation":180,"texture":"#7"},"east":{"uv":[0,7.5,2.75,8.75],"rotation":270,"texture":"#7"},"south":{"uv":[3.75,7.5,2.75,4.75],"texture":"#7"},"west":{"uv":[3.75,7.5,6.5,8.75],"rotation":90,"texture":"#7"},"up":{"uv":[2.75,7.5,3.75,8.75],"rotation":180,"texture":"#7"},"down":{"uv":[6.5,7.5,7.5,8.75],"texture":"#7"}}},{"from":[3,-0.59619,-7.03122],"to":[13,5.40381,-6.03122],"rotation":{"angle":-22.5,"axis":"x","origin":[8,12,8]},"faces":{"north":{"uv":[11.25,5,8.75,6.5],"rotation":180,"texture":"#7"},"east":{"uv":[4.75,6.5,6.25,6.75],"rotation":270,"texture":"#7"},"south":{"uv":[8.75,6.5,6.25,5],"texture":"#7"},"west":{"uv":[8.75,6.5,10.25,6.75],"rotation":90,"texture":"#7"},"up":{"uv":[6.25,6.5,8.75,6.75],"rotation":180,"texture":"#7"},"down":{"uv":[10.25,6.5,12.75,6.75],"texture":"#7"}}},{"from":[-2.91478,15.22625,-3],"to":[4.08522,19.22625,-2],"rotation":{"angle":22.5,"axis":"x","origin":[8,12,8]},"faces":{"north":{"uv":[14,6.75,15.75,7.75],"texture":"#7"},"east":{"uv":[13.75,6.75,14,7.75],"texture":"#7"},"south":{"uv":[12,6.75,13.75,7.75],"texture":"#7"},"west":{"uv":[15.75,6.75,16,7.75],"texture":"#7"},"up":{"uv":[14,6.75,13.75,5],"rotation":90,"texture":"#7"},"down":{"uv":[14.25,5,14,6.75],"rotation":270,"texture":"#7"}}},{"from":[11.91478,15.22625,-3],"to":[18.91478,19.22625,-2],"rotation":{"angle":22.5,"axis":"x","origin":[8,12,8]},"faces":{"north":{"uv":[12,6.75,13.75,7.75],"texture":"#7"},"east":{"uv":[15.75,6.75,16,7.75],"texture":"#7"},"south":{"uv":[14,6.75,15.75,7.75],"texture":"#7"},"west":{"uv":[13.75,6.75,14,7.75],"texture":"#7"},"up":{"uv":[14,6.75,13.75,5],"rotation":270,"texture":"#7"},"down":{"uv":[14.25,5,14,6.75],"rotation":90,"texture":"#7"}}},{"from":[7.5,12.72135,1.31494],"to":[8.5,16.72135,6.31494],"rotation":{"angle":-22.5,"axis":"x","origin":[8,12,8]},"faces":{"north":{"uv":[15.5,1.25,15.75,2.25],"rotation":180,"texture":"#8"},"east":{"uv":[12.75,1.25,14,2.25],"rotation":180,"texture":"#8"},"south":{"uv":[14,1.25,14.25,2.25],"rotation":180,"texture":"#8"},"west":{"uv":[14.25,1.25,15.5,2.25],"rotation":180,"texture":"#8"},"up":{"uv":[14.5,0,14.25,1.25],"texture":"#8"},"down":{"uv":[14.25,1.25,14,0],"texture":"#8"}}},{"from":[7,24,-4],"to":[9,28,-2],"rotation":{"angle":45,"axis":"x","origin":[8,12,8]},"faces":{"north":{"uv":[2,3.25,1.5,4.25],"rotation":180,"texture":"#8"},"east":{"uv":[0,4.25,1,4.75],"rotation":270,"texture":"#8"},"south":{"uv":[1.5,4.25,1,3.25],"texture":"#8"},"west":{"uv":[1.5,4.25,2.5,4.75],"rotation":90,"texture":"#8"},"up":{"uv":[1,4.25,1.5,4.75],"rotation":180,"texture":"#8"},"down":{"uv":[2.5,4.25,3,4.75],"texture":"#8"}}},{"from":[4,18,-4],"to":[12,24,3],"rotation":{"angle":45,"axis":"x","origin":[8,12,8]},"faces":{"north":{"uv":[5.5,0,3.5,1.5],"rotation":180,"texture":"#8"},"east":{"uv":[0,1.5,1.5,3.25],"rotation":270,"texture":"#8"},"south":{"uv":[3.5,1.5,1.5,0],"texture":"#8"},"west":{"uv":[3.5,1.5,5,3.25],"rotation":90,"texture":"#8"},"up":{"uv":[1.5,1.5,3.5,3.25],"rotation":180,"texture":"#8"},"down":{"uv":[5,1.5,7,3.25],"texture":"#8"}}},{"from":[4,5,-4],"to":[12,18,3],"rotation":{"angle":45,"axis":"x","origin":[8,12,8]},"faces":{"north":{"uv":[12.75,0,10.75,3.25],"rotation":180,"texture":"#8"},"east":{"uv":[5.5,3.25,8.75,5],"rotation":270,"texture":"#8"},"south":{"uv":[10.75,3.25,8.75,0],"texture":"#8"},"west":{"uv":[10.75,3.25,14,5],"rotation":90,"texture":"#8"},"up":{"uv":[8.75,3.25,10.75,5],"rotation":180,"texture":"#8"},"down":{"uv":[14,3.25,16,5],"texture":"#8"}}},{"from":[6,-1.02301,-5.4937],"to":[10,9.97699,-0.4937],"rotation":{"angle":22.5,"axis":"x","origin":[8,12,8]},"faces":{"north":{"uv":[4.75,4.75,3.75,7.5],"rotation":180,"texture":"#8"},"east":{"uv":[0,7.5,2.75,8.75],"rotation":270,"texture":"#8"},"south":{"uv":[3.75,7.5,2.75,4.75],"texture":"#8"},"west":{"uv":[3.75,7.5,6.5,8.75],"rotation":90,"texture":"#8"},"up":{"uv":[2.75,7.5,3.75,8.75],"rotation":180,"texture":"#8"},"down":{"uv":[6.5,7.5,7.5,8.75],"texture":"#8"}}},{"from":[3,-0.59619,-7.03122],"to":[13,5.40381,-6.03122],"rotation":{"angle":0,"axis":"x","origin":[8,12,8]},"faces":{"north":{"uv":[11.25,5,8.75,6.5],"rotation":180,"texture":"#8"},"east":{"uv":[4.75,6.5,6.25,6.75],"rotation":270,"texture":"#8"},"south":{"uv":[8.75,6.5,6.25,5],"texture":"#8"},"west":{"uv":[8.75,6.5,10.25,6.75],"rotation":90,"texture":"#8"},"up":{"uv":[6.25,6.5,8.75,6.75],"rotation":180,"texture":"#8"},"down":{"uv":[10.25,6.5,12.75,6.75],"texture":"#8"}}},{"from":[-2.91478,15.22625,-3],"to":[4.08522,19.22625,-2],"rotation":{"angle":45,"axis":"x","origin":[8,12,8]},"faces":{"north":{"uv":[14,6.75,15.75,7.75],"texture":"#8"},"east":{"uv":[13.75,6.75,14,7.75],"texture":"#8"},"south":{"uv":[12,6.75,13.75,7.75],"texture":"#8"},"west":{"uv":[15.75,6.75,16,7.75],"texture":"#8"},"up":{"uv":[14,6.75,13.75,5],"rotation":90,"texture":"#8"},"down":{"uv":[14.25,5,14,6.75],"rotation":270,"texture":"#8"}}},{"from":[11.91478,15.22625,-3],"to":[18.91478,19.22625,-2],"rotation":{"angle":45,"axis":"x","origin":[8,12,8]},"faces":{"north":{"uv":[12,6.75,13.75,7.75],"texture":"#8"},"east":{"uv":[15.75,6.75,16,7.75],"texture":"#8"},"south":{"uv":[14,6.75,15.75,7.75],"texture":"#8"},"west":{"uv":[13.75,6.75,14,7.75],"texture":"#8"},"up":{"uv":[14,6.75,13.75,5],"rotation":270,"texture":"#8"},"down":{"uv":[14.25,5,14,6.75],"rotation":90,"texture":"#8"}}},{"from":[7.5,12.72135,1.31494],"to":[8.5,16.72135,6.31494],"rotation":{"angle":0,"axis":"x","origin":[8,12,8]},"faces":{"north":{"uv":[15.5,1.25,15.75,2.25],"rotation":180,"texture":"#9"},"east":{"uv":[12.75,1.25,14,2.25],"rotation":180,"texture":"#9"},"south":{"uv":[14,1.25,14.25,2.25],"rotation":180,"texture":"#9"},"west":{"uv":[14.25,1.25,15.5,2.25],"rotation":180,"texture":"#9"},"up":{"uv":[14.5,0,14.25,1.25],"texture":"#9"},"down":{"uv":[14.25,1.25,14,0],"texture":"#9"}}},{"from":[7,22,20],"to":[9,24,24],"rotation":{"angle":-22.5,"axis":"x","origin":[8,12,8]},"faces":{"north":{"uv":[2.5,4.25,3,4.75],"rotation":180,"texture":"#9"},"east":{"uv":[0,4.25,1,4.75],"rotation":180,"texture":"#9"},"south":{"uv":[1,4.25,1.5,4.75],"rotation":180,"texture":"#9"},"west":{"uv":[1.5,4.25,2.5,4.75],"rotation":180,"texture":"#9"},"up":{"uv":[2,3.25,1.5,4.25],"texture":"#9"},"down":{"uv":[1.5,4.25,1,3.25],"texture":"#9"}}},{"from":[4,17,14],"to":[12,24,20],"rotation":{"angle":-22.5,"axis":"x","origin":[8,12,8]},"faces":{"north":{"uv":[5,1.5,7,3.25],"rotation":180,"texture":"#9"},"east":{"uv":[0,1.5,1.5,3.25],"rotation":180,"texture":"#9"},"south":{"uv":[1.5,1.5,3.5,3.25],"rotation":180,"texture":"#9"},"west":{"uv":[3.5,1.5,5,3.25],"rotation":180,"texture":"#9"},"up":{"uv":[5.5,0,3.5,1.5],"texture":"#9"},"down":{"uv":[3.5,1.5,1.5,0],"texture":"#9"}}},{"from":[4,17,1],"to":[12,24,14],"rotation":{"angle":-22.5,"axis":"x","origin":[8,12,8]},"faces":{"north":{"uv":[14,3.25,16,5],"rotation":180,"texture":"#9"},"east":{"uv":[5.5,3.25,8.75,5],"rotation":180,"texture":"#9"},"south":{"uv":[8.75,3.25,10.75,5],"rotation":180,"texture":"#9"},"west":{"uv":[10.75,3.25,14,5],"rotation":180,"texture":"#9"},"up":{"uv":[12.75,0,10.75,3.25],"texture":"#9"},"down":{"uv":[10.75,3.25,8.75,0],"texture":"#9"}}},{"from":[6,-1.02301,-5.4937],"to":[10,9.97699,-0.4937],"rotation":{"angle":45,"axis":"x","origin":[8,12,8]},"faces":{"north":{"uv":[4.75,4.75,3.75,7.5],"rotation":180,"texture":"#9"},"east":{"uv":[0,7.5,2.75,8.75],"rotation":270,"texture":"#9"},"south":{"uv":[3.75,7.5,2.75,4.75],"texture":"#9"},"west":{"uv":[3.75,7.5,6.5,8.75],"rotation":90,"texture":"#9"},"up":{"uv":[2.75,7.5,3.75,8.75],"rotation":180,"texture":"#9"},"down":{"uv":[6.5,7.5,7.5,8.75],"texture":"#9"}}},{"from":[3,-0.59619,-7.03122],"to":[13,5.40381,-6.03122],"rotation":{"angle":22.5,"axis":"x","origin":[8,12,8]},"faces":{"north":{"uv":[11.25,5,8.75,6.5],"rotation":180,"texture":"#9"},"east":{"uv":[4.75,6.5,6.25,6.75],"rotation":270,"texture":"#9"},"south":{"uv":[8.75,6.5,6.25,5],"texture":"#9"},"west":{"uv":[8.75,6.5,10.25,6.75],"rotation":90,"texture":"#9"},"up":{"uv":[6.25,6.5,8.75,6.75],"rotation":180,"texture":"#9"},"down":{"uv":[10.25,6.5,12.75,6.75],"texture":"#9"}}},{"from":[-2.91478,22,11.22625],"to":[4.08522,23,15.22625],"rotation":{"angle":-22.5,"axis":"x","origin":[8,12,8]},"faces":{"north":{"uv":[14.25,5,14,6.75],"rotation":90,"texture":"#9"},"east":{"uv":[13.75,6.75,14,7.75],"rotation":270,"texture":"#9"},"south":{"uv":[14,6.75,13.75,5],"rotation":90,"texture":"#9"},"west":{"uv":[15.75,6.75,16,7.75],"rotation":90,"texture":"#9"},"up":{"uv":[14,6.75,15.75,7.75],"rotation":180,"texture":"#9"},"down":{"uv":[12,6.75,13.75,7.75],"texture":"#9"}}},{"from":[11.91478,22,11.22625],"to":[18.91478,23,15.22625],"rotation":{"angle":-22.5,"axis":"x","origin":[8,12,8]},"faces":{"north":{"uv":[14.25,5,14,6.75],"rotation":270,"texture":"#9"},"east":{"uv":[15.75,6.75,16,7.75],"rotation":270,"texture":"#9"},"south":{"uv":[14,6.75,13.75,5],"rotation":270,"texture":"#9"},"west":{"uv":[13.75,6.75,14,7.75],"rotation":90,"texture":"#9"},"up":{"uv":[12,6.75,13.75,7.75],"rotation":180,"texture":"#9"},"down":{"uv":[14,6.75,15.75,7.75],"texture":"#9"}}},{"from":[7.5,12.72135,1.31494],"to":[8.5,16.72135,6.31494],"rotation":{"angle":22.5,"axis":"x","origin":[8,12,8]},"faces":{"north":{"uv":[15.5,1.25,15.75,2.25],"rotation":180,"texture":"#10"},"east":{"uv":[12.75,1.25,14,2.25],"rotation":180,"texture":"#10"},"south":{"uv":[14,1.25,14.25,2.25],"rotation":180,"texture":"#10"},"west":{"uv":[14.25,1.25,15.5,2.25],"rotation":180,"texture":"#10"},"up":{"uv":[14.5,0,14.25,1.25],"texture":"#10"},"down":{"uv":[14.25,1.25,14,0],"texture":"#10"}}},{"from":[7,22,20],"to":[9,24,24],"rotation":{"angle":0,"axis":"x","origin":[8,12,8]},"faces":{"north":{"uv":[2.5,4.25,3,4.75],"rotation":180,"texture":"#10"},"east":{"uv":[0,4.25,1,4.75],"rotation":180,"texture":"#10"},"south":{"uv":[1,4.25,1.5,4.75],"rotation":180,"texture":"#10"},"west":{"uv":[1.5,4.25,2.5,4.75],"rotation":180,"texture":"#10"},"up":{"uv":[2,3.25,1.5,4.25],"texture":"#10"},"down":{"uv":[1.5,4.25,1,3.25],"texture":"#10"}}},{"from":[4,17,14],"to":[12,24,20],"rotation":{"angle":0,"axis":"x","origin":[8,12,8]},"faces":{"north":{"uv":[5,1.5,7,3.25],"rotation":180,"texture":"#10"},"east":{"uv":[0,1.5,1.5,3.25],"rotation":180,"texture":"#10"},"south":{"uv":[1.5,1.5,3.5,3.25],"rotation":180,"texture":"#10"},"west":{"uv":[3.5,1.5,5,3.25],"rotation":180,"texture":"#10"},"up":{"uv":[5.5,0,3.5,1.5],"texture":"#10"},"down":{"uv":[3.5,1.5,1.5,0],"texture":"#10"}}},{"from":[4,17,1],"to":[12,24,14],"rotation":{"angle":0,"axis":"x","origin":[8,12,8]},"faces":{"north":{"uv":[14,3.25,16,5],"rotation":180,"texture":"#10"},"east":{"uv":[5.5,3.25,8.75,5],"rotation":180,"texture":"#10"},"south":{"uv":[8.75,3.25,10.75,5],"rotation":180,"texture":"#10"},"west":{"uv":[10.75,3.25,14,5],"rotation":180,"texture":"#10"},"up":{"uv":[12.75,0,10.75,3.25],"texture":"#10"},"down":{"uv":[10.75,3.25,8.75,0],"texture":"#10"}}},{"from":[6,20.4937,-5.02301],"to":[10,25.4937,5.97699],"rotation":{"angle":-22.5,"axis":"x","origin":[8,12,8]},"faces":{"north":{"uv":[6.5,7.5,7.5,8.75],"rotation":180,"texture":"#10"},"east":{"uv":[0,7.5,2.75,8.75],"rotation":180,"texture":"#10"},"south":{"uv":[2.75,7.5,3.75,8.75],"rotation":180,"texture":"#10"},"west":{"uv":[3.75,7.5,6.5,8.75],"rotation":180,"texture":"#10"},"up":{"uv":[4.75,4.75,3.75,7.5],"texture":"#10"},"down":{"uv":[3.75,7.5,2.75,4.75],"texture":"#10"}}},{"from":[3,-0.59619,-7.03122],"to":[13,5.40381,-6.03122],"rotation":{"angle":45,"axis":"x","origin":[8,12,8]},"faces":{"north":{"uv":[11.25,5,8.75,6.5],"rotation":180,"texture":"#10"},"east":{"uv":[4.75,6.5,6.25,6.75],"rotation":270,"texture":"#10"},"south":{"uv":[8.75,6.5,6.25,5],"texture":"#10"},"west":{"uv":[8.75,6.5,10.25,6.75],"rotation":90,"texture":"#10"},"up":{"uv":[6.25,6.5,8.75,6.75],"rotation":180,"texture":"#10"},"down":{"uv":[10.25,6.5,12.75,6.75],"texture":"#10"}}},{"from":[-2.91478,22,11.22625],"to":[4.08522,23,15.22625],"rotation":{"angle":0,"axis":"x","origin":[8,12,8]},"faces":{"north":{"uv":[14.25,5,14,6.75],"rotation":90,"texture":"#10"},"east":{"uv":[13.75,6.75,14,7.75],"rotation":270,"texture":"#10"},"south":{"uv":[14,6.75,13.75,5],"rotation":90,"texture":"#10"},"west":{"uv":[15.75,6.75,16,7.75],"rotation":90,"texture":"#10"},"up":{"uv":[14,6.75,15.75,7.75],"rotation":180,"texture":"#10"},"down":{"uv":[12,6.75,13.75,7.75],"texture":"#10"}}},{"from":[11.91478,22,11.22625],"to":[18.91478,23,15.22625],"rotation":{"angle":0,"axis":"x","origin":[8,12,8]},"faces":{"north":{"uv":[14.25,5,14,6.75],"rotation":270,"texture":"#10"},"east":{"uv":[15.75,6.75,16,7.75],"rotation":270,"texture":"#10"},"south":{"uv":[14,6.75,13.75,5],"rotation":270,"texture":"#10"},"west":{"uv":[13.75,6.75,14,7.75],"rotation":90,"texture":"#10"},"up":{"uv":[12,6.75,13.75,7.75],"rotation":180,"texture":"#10"},"down":{"uv":[14,6.75,15.75,7.75],"texture":"#10"}}},{"from":[7.5,12.72135,1.31494],"to":[8.5,16.72135,6.31494],"rotation":{"angle":45,"axis":"x","origin":[8,12,8]},"faces":{"north":{"uv":[15.5,1.25,15.75,2.25],"rotation":180,"texture":"#11"},"east":{"uv":[12.75,1.25,14,2.25],"rotation":180,"texture":"#11"},"south":{"uv":[14,1.25,14.25,2.25],"rotation":180,"texture":"#11"},"west":{"uv":[14.25,1.25,15.5,2.25],"rotation":180,"texture":"#11"},"up":{"uv":[14.5,0,14.25,1.25],"texture":"#11"},"down":{"uv":[14.25,1.25,14,0],"texture":"#11"}}},{"from":[7,22,20],"to":[9,24,24],"rotation":{"angle":22.5,"axis":"x","origin":[8,12,8]},"faces":{"north":{"uv":[2.5,4.25,3,4.75],"rotation":180,"texture":"#11"},"east":{"uv":[0,4.25,1,4.75],"rotation":180,"texture":"#11"},"south":{"uv":[1,4.25,1.5,4.75],"rotation":180,"texture":"#11"},"west":{"uv":[1.5,4.25,2.5,4.75],"rotation":180,"texture":"#11"},"up":{"uv":[2,3.25,1.5,4.25],"texture":"#11"},"down":{"uv":[1.5,4.25,1,3.25],"texture":"#11"}}},{"from":[4,17,14],"to":[12,24,20],"rotation":{"angle":22.5,"axis":"x","origin":[8,12,8]},"faces":{"north":{"uv":[5,1.5,7,3.25],"rotation":180,"texture":"#11"},"east":{"uv":[0,1.5,1.5,3.25],"rotation":180,"texture":"#11"},"south":{"uv":[1.5,1.5,3.5,3.25],"rotation":180,"texture":"#11"},"west":{"uv":[3.5,1.5,5,3.25],"rotation":180,"texture":"#11"},"up":{"uv":[5.5,0,3.5,1.5],"texture":"#11"},"down":{"uv":[3.5,1.5,1.5,0],"texture":"#11"}}},{"from":[4,17,1],"to":[12,24,14],"rotation":{"angle":22.5,"axis":"x","origin":[8,12,8]},"faces":{"north":{"uv":[14,3.25,16,5],"rotation":180,"texture":"#11"},"east":{"uv":[5.5,3.25,8.75,5],"rotation":180,"texture":"#11"},"south":{"uv":[8.75,3.25,10.75,5],"rotation":180,"texture":"#11"},"west":{"uv":[10.75,3.25,14,5],"rotation":180,"texture":"#11"},"up":{"uv":[12.75,0,10.75,3.25],"texture":"#11"},"down":{"uv":[10.75,3.25,8.75,0],"texture":"#11"}}},{"from":[6,20.4937,-5.02301],"to":[10,25.4937,5.97699],"rotation":{"angle":0,"axis":"x","origin":[8,12,8]},"faces":{"north":{"uv":[6.5,7.5,7.5,8.75],"rotation":180,"texture":"#11"},"east":{"uv":[0,7.5,2.75,8.75],"rotation":180,"texture":"#11"},"south":{"uv":[2.75,7.5,3.75,8.75],"rotation":180,"texture":"#11"},"west":{"uv":[3.75,7.5,6.5,8.75],"rotation":180,"texture":"#11"},"up":{"uv":[4.75,4.75,3.75,7.5],"texture":"#11"},"down":{"uv":[3.75,7.5,2.75,4.75],"texture":"#11"}}},{"from":[3,26.03122,-4.59619],"to":[13,27.03122,1.40381],"rotation":{"angle":-22.5,"axis":"x","origin":[8,12,8]},"faces":{"north":{"uv":[10.25,6.5,12.75,6.75],"rotation":180,"texture":"#11"},"east":{"uv":[4.75,6.5,6.25,6.75],"rotation":180,"texture":"#11"},"south":{"uv":[6.25,6.5,8.75,6.75],"rotation":180,"texture":"#11"},"west":{"uv":[8.75,6.5,10.25,6.75],"rotation":180,"texture":"#11"},"up":{"uv":[11.25,5,8.75,6.5],"texture":"#11"},"down":{"uv":[8.75,6.5,6.25,5],"texture":"#11"}}},{"from":[-2.91478,22,11.22625],"to":[4.08522,23,15.22625],"rotation":{"angle":22.5,"axis":"x","origin":[8,12,8]},"faces":{"north":{"uv":[14.25,5,14,6.75],"rotation":90,"texture":"#11"},"east":{"uv":[13.75,6.75,14,7.75],"rotation":270,"texture":"#11"},"south":{"uv":[14,6.75,13.75,5],"rotation":90,"texture":"#11"},"west":{"uv":[15.75,6.75,16,7.75],"rotation":90,"texture":"#11"},"up":{"uv":[14,6.75,15.75,7.75],"rotation":180,"texture":"#11"},"down":{"uv":[12,6.75,13.75,7.75],"texture":"#11"}}},{"from":[11.91478,22,11.22625],"to":[18.91478,23,15.22625],"rotation":{"angle":22.5,"axis":"x","origin":[8,12,8]},"faces":{"north":{"uv":[14.25,5,14,6.75],"rotation":270,"texture":"#11"},"east":{"uv":[15.75,6.75,16,7.75],"rotation":270,"texture":"#11"},"south":{"uv":[14,6.75,13.75,5],"rotation":270,"texture":"#11"},"west":{"uv":[13.75,6.75,14,7.75],"rotation":90,"texture":"#11"},"up":{"uv":[12,6.75,13.75,7.75],"rotation":180,"texture":"#11"},"down":{"uv":[14,6.75,15.75,7.75],"texture":"#11"}}},{"from":[7.5,13.68506,8.72135],"to":[8.5,18.68506,12.72135],"rotation":{"angle":-22.5,"axis":"x","origin":[8,12,8]},"faces":{"north":{"uv":[14.25,1.25,14,0],"rotation":180,"texture":"#12"},"east":{"uv":[12.75,1.25,14,2.25],"rotation":90,"texture":"#12"},"south":{"uv":[14.5,0,14.25,1.25],"texture":"#12"},"west":{"uv":[14.25,1.25,15.5,2.25],"rotation":270,"texture":"#12"},"up":{"uv":[15.5,1.25,15.75,2.25],"texture":"#12"},"down":{"uv":[14,1.25,14.25,2.25],"rotation":180,"texture":"#12"}}},{"from":[7,22,20],"to":[9,24,24],"rotation":{"angle":45,"axis":"x","origin":[8,12,8]},"faces":{"north":{"uv":[2.5,4.25,3,4.75],"rotation":180,"texture":"#12"},"east":{"uv":[0,4.25,1,4.75],"rotation":180,"texture":"#12"},"south":{"uv":[1,4.25,1.5,4.75],"rotation":180,"texture":"#12"},"west":{"uv":[1.5,4.25,2.5,4.75],"rotation":180,"texture":"#12"},"up":{"uv":[2,3.25,1.5,4.25],"texture":"#12"},"down":{"uv":[1.5,4.25,1,3.25],"texture":"#12"}}},{"from":[4,17,14],"to":[12,24,20],"rotation":{"angle":45,"axis":"x","origin":[8,12,8]},"faces":{"north":{"uv":[5,1.5,7,3.25],"rotation":180,"texture":"#12"},"east":{"uv":[0,1.5,1.5,3.25],"rotation":180,"texture":"#12"},"south":{"uv":[1.5,1.5,3.5,3.25],"rotation":180,"texture":"#12"},"west":{"uv":[3.5,1.5,5,3.25],"rotation":180,"texture":"#12"},"up":{"uv":[5.5,0,3.5,1.5],"texture":"#12"},"down":{"uv":[3.5,1.5,1.5,0],"texture":"#12"}}},{"from":[4,17,1],"to":[12,24,14],"rotation":{"angle":45,"axis":"x","origin":[8,12,8]},"faces":{"north":{"uv":[14,3.25,16,5],"rotation":180,"texture":"#12"},"east":{"uv":[5.5,3.25,8.75,5],"rotation":180,"texture":"#12"},"south":{"uv":[8.75,3.25,10.75,5],"rotation":180,"texture":"#12"},"west":{"uv":[10.75,3.25,14,5],"rotation":180,"texture":"#12"},"up":{"uv":[12.75,0,10.75,3.25],"texture":"#12"},"down":{"uv":[10.75,3.25,8.75,0],"texture":"#12"}}},{"from":[6,20.4937,-5.02301],"to":[10,25.4937,5.97699],"rotation":{"angle":22.5,"axis":"x","origin":[8,12,8]},"faces":{"north":{"uv":[6.5,7.5,7.5,8.75],"rotation":180,"texture":"#12"},"east":{"uv":[0,7.5,2.75,8.75],"rotation":180,"texture":"#12"},"south":{"uv":[2.75,7.5,3.75,8.75],"rotation":180,"texture":"#12"},"west":{"uv":[3.75,7.5,6.5,8.75],"rotation":180,"texture":"#12"},"up":{"uv":[4.75,4.75,3.75,7.5],"texture":"#12"},"down":{"uv":[3.75,7.5,2.75,4.75],"texture":"#12"}}},{"from":[3,26.03122,-4.59619],"to":[13,27.03122,1.40381],"rotation":{"angle":0,"axis":"x","origin":[8,12,8]},"faces":{"north":{"uv":[10.25,6.5,12.75,6.75],"rotation":180,"texture":"#12"},"east":{"uv":[4.75,6.5,6.25,6.75],"rotation":180,"texture":"#12"},"south":{"uv":[6.25,6.5,8.75,6.75],"rotation":180,"texture":"#12"},"west":{"uv":[8.75,6.5,10.25,6.75],"rotation":180,"texture":"#12"},"up":{"uv":[11.25,5,8.75,6.5],"texture":"#12"},"down":{"uv":[8.75,6.5,6.25,5],"texture":"#12"}}},{"from":[-2.91478,22,11.22625],"to":[4.08522,23,15.22625],"rotation":{"angle":45,"axis":"x","origin":[8,12,8]},"faces":{"north":{"uv":[14.25,5,14,6.75],"rotation":90,"texture":"#12"},"east":{"uv":[13.75,6.75,14,7.75],"rotation":270,"texture":"#12"},"south":{"uv":[14,6.75,13.75,5],"rotation":90,"texture":"#12"},"west":{"uv":[15.75,6.75,16,7.75],"rotation":90,"texture":"#12"},"up":{"uv":[14,6.75,15.75,7.75],"rotation":180,"texture":"#12"},"down":{"uv":[12,6.75,13.75,7.75],"texture":"#12"}}},{"from":[11.91478,22,11.22625],"to":[18.91478,23,15.22625],"rotation":{"angle":45,"axis":"x","origin":[8,12,8]},"faces":{"north":{"uv":[14.25,5,14,6.75],"rotation":270,"texture":"#12"},"east":{"uv":[15.75,6.75,16,7.75],"rotation":270,"texture":"#12"},"south":{"uv":[14,6.75,13.75,5],"rotation":270,"texture":"#12"},"west":{"uv":[13.75,6.75,14,7.75],"rotation":90,"texture":"#12"},"up":{"uv":[12,6.75,13.75,7.75],"rotation":180,"texture":"#12"},"down":{"uv":[14,6.75,15.75,7.75],"texture":"#12"}}},{"from":[7.5,13.68506,8.72135],"to":[8.5,18.68506,12.72135],"rotation":{"angle":0,"axis":"x","origin":[8,12,8]},"faces":{"north":{"uv":[14.25,1.25,14,0],"rotation":180,"texture":"#13"},"east":{"uv":[12.75,1.25,14,2.25],"rotation":90,"texture":"#13"},"south":{"uv":[14.5,0,14.25,1.25],"texture":"#13"},"west":{"uv":[14.25,1.25,15.5,2.25],"rotation":270,"texture":"#13"},"up":{"uv":[15.5,1.25,15.75,2.25],"texture":"#13"},"down":{"uv":[14,1.25,14.25,2.25],"rotation":180,"texture":"#13"}}},{"from":[7,-4,18],"to":[9,0,20],"rotation":{"angle":-22.5,"axis":"x","origin":[8,12,8]},"faces":{"north":{"uv":[1.5,4.25,1,3.25],"rotation":180,"texture":"#13"},"east":{"uv":[0,4.25,1,4.75],"rotation":90,"texture":"#13"},"south":{"uv":[2,3.25,1.5,4.25],"texture":"#13"},"west":{"uv":[1.5,4.25,2.5,4.75],"rotation":270,"texture":"#13"},"up":{"uv":[2.5,4.25,3,4.75],"texture":"#13"},"down":{"uv":[1,4.25,1.5,4.75],"rotation":180,"texture":"#13"}}},{"from":[4,0,13],"to":[12,6,20],"rotation":{"angle":-22.5,"axis":"x","origin":[8,12,8]},"faces":{"north":{"uv":[3.5,1.5,1.5,0],"rotation":180,"texture":"#13"},"east":{"uv":[0,1.5,1.5,3.25],"rotation":90,"texture":"#13"},"south":{"uv":[5.5,0,3.5,1.5],"texture":"#13"},"west":{"uv":[3.5,1.5,5,3.25],"rotation":270,"texture":"#13"},"up":{"uv":[5,1.5,7,3.25],"texture":"#13"},"down":{"uv":[1.5,1.5,3.5,3.25],"rotation":180,"texture":"#13"}}},{"from":[4,6,13],"to":[12,19,20],"rotation":{"angle":-22.5,"axis":"x","origin":[8,12,8]},"faces":{"north":{"uv":[10.75,3.25,8.75,0],"rotation":180,"texture":"#13"},"east":{"uv":[5.5,3.25,8.75,5],"rotation":90,"texture":"#13"},"south":{"uv":[12.75,0,10.75,3.25],"texture":"#13"},"west":{"uv":[10.75,3.25,14,5],"rotation":270,"texture":"#13"},"up":{"uv":[14,3.25,16,5],"texture":"#13"},"down":{"uv":[8.75,3.25,10.75,5],"rotation":180,"texture":"#13"}}},{"from":[6,20.4937,-5.02301],"to":[10,25.4937,5.97699],"rotation":{"angle":45,"axis":"x","origin":[8,12,8]},"faces":{"north":{"uv":[6.5,7.5,7.5,8.75],"rotation":180,"texture":"#13"},"east":{"uv":[0,7.5,2.75,8.75],"rotation":180,"texture":"#13"},"south":{"uv":[2.75,7.5,3.75,8.75],"rotation":180,"texture":"#13"},"west":{"uv":[3.75,7.5,6.5,8.75],"rotation":180,"texture":"#13"},"up":{"uv":[4.75,4.75,3.75,7.5],"texture":"#13"},"down":{"uv":[3.75,7.5,2.75,4.75],"texture":"#13"}}},{"from":[3,26.03122,-4.59619],"to":[13,27.03122,1.40381],"rotation":{"angle":22.5,"axis":"x","origin":[8,12,8]},"faces":{"north":{"uv":[10.25,6.5,12.75,6.75],"rotation":180,"texture":"#13"},"east":{"uv":[4.75,6.5,6.25,6.75],"rotation":180,"texture":"#13"},"south":{"uv":[6.25,6.5,8.75,6.75],"rotation":180,"texture":"#13"},"west":{"uv":[8.75,6.5,10.25,6.75],"rotation":180,"texture":"#13"},"up":{"uv":[11.25,5,8.75,6.5],"texture":"#13"},"down":{"uv":[8.75,6.5,6.25,5],"texture":"#13"}}},{"from":[-2.91478,4.77375,18],"to":[4.08522,8.77375,19],"rotation":{"angle":-22.5,"axis":"x","origin":[8,12,8]},"faces":{"north":{"uv":[12,6.75,13.75,7.75],"rotation":180,"texture":"#13"},"east":{"uv":[13.75,6.75,14,7.75],"rotation":180,"texture":"#13"},"south":{"uv":[14,6.75,15.75,7.75],"rotation":180,"texture":"#13"},"west":{"uv":[15.75,6.75,16,7.75],"rotation":180,"texture":"#13"},"up":{"uv":[14.25,5,14,6.75],"rotation":270,"texture":"#13"},"down":{"uv":[14,6.75,13.75,5],"rotation":90,"texture":"#13"}}},{"from":[11.91478,4.77375,18],"to":[18.91478,8.77375,19],"rotation":{"angle":-22.5,"axis":"x","origin":[8,12,8]},"faces":{"north":{"uv":[14,6.75,15.75,7.75],"rotation":180,"texture":"#13"},"east":{"uv":[15.75,6.75,16,7.75],"rotation":180,"texture":"#13"},"south":{"uv":[12,6.75,13.75,7.75],"rotation":180,"texture":"#13"},"west":{"uv":[13.75,6.75,14,7.75],"rotation":180,"texture":"#13"},"up":{"uv":[14.25,5,14,6.75],"rotation":90,"texture":"#13"},"down":{"uv":[14,6.75,13.75,5],"rotation":270,"texture":"#13"}}},{"from":[7.5,13.68506,8.72135],"to":[8.5,18.68506,12.72135],"rotation":{"angle":22.5,"axis":"x","origin":[8,12,8]},"faces":{"north":{"uv":[14.25,1.25,14,0],"rotation":180,"texture":"#14"},"east":{"uv":[12.75,1.25,14,2.25],"rotation":90,"texture":"#14"},"south":{"uv":[14.5,0,14.25,1.25],"texture":"#14"},"west":{"uv":[14.25,1.25,15.5,2.25],"rotation":270,"texture":"#14"},"up":{"uv":[15.5,1.25,15.75,2.25],"texture":"#14"},"down":{"uv":[14,1.25,14.25,2.25],"rotation":180,"texture":"#14"}}},{"from":[7,-4,18],"to":[9,0,20],"rotation":{"angle":0,"axis":"x","origin":[8,12,8]},"faces":{"north":{"uv":[1.5,4.25,1,3.25],"rotation":180,"texture":"#14"},"east":{"uv":[0,4.25,1,4.75],"rotation":90,"texture":"#14"},"south":{"uv":[2,3.25,1.5,4.25],"texture":"#14"},"west":{"uv":[1.5,4.25,2.5,4.75],"rotation":270,"texture":"#14"},"up":{"uv":[2.5,4.25,3,4.75],"texture":"#14"},"down":{"uv":[1,4.25,1.5,4.75],"rotation":180,"texture":"#14"}}},{"from":[4,0,13],"to":[12,6,20],"rotation":{"angle":0,"axis":"x","origin":[8,12,8]},"faces":{"north":{"uv":[3.5,1.5,1.5,0],"rotation":180,"texture":"#14"},"east":{"uv":[0,1.5,1.5,3.25],"rotation":90,"texture":"#14"},"south":{"uv":[5.5,0,3.5,1.5],"texture":"#14"},"west":{"uv":[3.5,1.5,5,3.25],"rotation":270,"texture":"#14"},"up":{"uv":[5,1.5,7,3.25],"texture":"#14"},"down":{"uv":[1.5,1.5,3.5,3.25],"rotation":180,"texture":"#14"}}},{"from":[4,6,13],"to":[12,19,20],"rotation":{"angle":0,"axis":"x","origin":[8,12,8]},"faces":{"north":{"uv":[10.75,3.25,8.75,0],"rotation":180,"texture":"#14"},"east":{"uv":[5.5,3.25,8.75,5],"rotation":90,"texture":"#14"},"south":{"uv":[12.75,0,10.75,3.25],"texture":"#14"},"west":{"uv":[10.75,3.25,14,5],"rotation":270,"texture":"#14"},"up":{"uv":[14,3.25,16,5],"texture":"#14"},"down":{"uv":[8.75,3.25,10.75,5],"rotation":180,"texture":"#14"}}},{"from":[6,14.02301,16.4937],"to":[10,25.02301,21.4937],"rotation":{"angle":-22.5,"axis":"x","origin":[8,12,8]},"faces":{"north":{"uv":[3.75,7.5,2.75,4.75],"rotation":180,"texture":"#14"},"east":{"uv":[0,7.5,2.75,8.75],"rotation":90,"texture":"#14"},"south":{"uv":[4.75,4.75,3.75,7.5],"texture":"#14"},"west":{"uv":[3.75,7.5,6.5,8.75],"rotation":270,"texture":"#14"},"up":{"uv":[6.5,7.5,7.5,8.75],"texture":"#14"},"down":{"uv":[2.75,7.5,3.75,8.75],"rotation":180,"texture":"#14"}}},{"from":[3,26.03122,-4.59619],"to":[13,27.03122,1.40381],"rotation":{"angle":45,"axis":"x","origin":[8,12,8]},"faces":{"north":{"uv":[10.25,6.5,12.75,6.75],"rotation":180,"texture":"#14"},"east":{"uv":[4.75,6.5,6.25,6.75],"rotation":180,"texture":"#14"},"south":{"uv":[6.25,6.5,8.75,6.75],"rotation":180,"texture":"#14"},"west":{"uv":[8.75,6.5,10.25,6.75],"rotation":180,"texture":"#14"},"up":{"uv":[11.25,5,8.75,6.5],"texture":"#14"},"down":{"uv":[8.75,6.5,6.25,5],"texture":"#14"}}},{"from":[-2.91478,4.77375,18],"to":[4.08522,8.77375,19],"rotation":{"angle":0,"axis":"x","origin":[8,12,8]},"faces":{"north":{"uv":[12,6.75,13.75,7.75],"rotation":180,"texture":"#14"},"east":{"uv":[13.75,6.75,14,7.75],"rotation":180,"texture":"#14"},"south":{"uv":[14,6.75,15.75,7.75],"rotation":180,"texture":"#14"},"west":{"uv":[15.75,6.75,16,7.75],"rotation":180,"texture":"#14"},"up":{"uv":[14.25,5,14,6.75],"rotation":270,"texture":"#14"},"down":{"uv":[14,6.75,13.75,5],"rotation":90,"texture":"#14"}}},{"from":[11.91478,4.77375,18],"to":[18.91478,8.77375,19],"rotation":{"angle":0,"axis":"x","origin":[8,12,8]},"faces":{"north":{"uv":[14,6.75,15.75,7.75],"rotation":180,"texture":"#14"},"east":{"uv":[15.75,6.75,16,7.75],"rotation":180,"texture":"#14"},"south":{"uv":[12,6.75,13.75,7.75],"rotation":180,"texture":"#14"},"west":{"uv":[13.75,6.75,14,7.75],"rotation":180,"texture":"#14"},"up":{"uv":[14.25,5,14,6.75],"rotation":90,"texture":"#14"},"down":{"uv":[14,6.75,13.75,5],"rotation":270,"texture":"#14"}}},{"from":[7.5,13.68506,8.72135],"to":[8.5,18.68506,12.72135],"rotation":{"angle":45,"axis":"x","origin":[8,12,8]},"faces":{"north":{"uv":[14.25,1.25,14,0],"rotation":180,"texture":"#15"},"east":{"uv":[12.75,1.25,14,2.25],"rotation":90,"texture":"#15"},"south":{"uv":[14.5,0,14.25,1.25],"texture":"#15"},"west":{"uv":[14.25,1.25,15.5,2.25],"rotation":270,"texture":"#15"},"up":{"uv":[15.5,1.25,15.75,2.25],"texture":"#15"},"down":{"uv":[14,1.25,14.25,2.25],"rotation":180,"texture":"#15"}}},{"from":[7,-4,18],"to":[9,0,20],"rotation":{"angle":22.5,"axis":"x","origin":[8,12,8]},"faces":{"north":{"uv":[1.5,4.25,1,3.25],"rotation":180,"texture":"#15"},"east":{"uv":[0,4.25,1,4.75],"rotation":90,"texture":"#15"},"south":{"uv":[2,3.25,1.5,4.25],"texture":"#15"},"west":{"uv":[1.5,4.25,2.5,4.75],"rotation":270,"texture":"#15"},"up":{"uv":[2.5,4.25,3,4.75],"texture":"#15"},"down":{"uv":[1,4.25,1.5,4.75],"rotation":180,"texture":"#15"}}},{"from":[4,0,13],"to":[12,6,20],"rotation":{"angle":22.5,"axis":"x","origin":[8,12,8]},"faces":{"north":{"uv":[3.5,1.5,1.5,0],"rotation":180,"texture":"#15"},"east":{"uv":[0,1.5,1.5,3.25],"rotation":90,"texture":"#15"},"south":{"uv":[5.5,0,3.5,1.5],"texture":"#15"},"west":{"uv":[3.5,1.5,5,3.25],"rotation":270,"texture":"#15"},"up":{"uv":[5,1.5,7,3.25],"texture":"#15"},"down":{"uv":[1.5,1.5,3.5,3.25],"rotation":180,"texture":"#15"}}},{"from":[4,6,13],"to":[12,19,20],"rotation":{"angle":22.5,"axis":"x","origin":[8,12,8]},"faces":{"north":{"uv":[10.75,3.25,8.75,0],"rotation":180,"texture":"#15"},"east":{"uv":[5.5,3.25,8.75,5],"rotation":90,"texture":"#15"},"south":{"uv":[12.75,0,10.75,3.25],"texture":"#15"},"west":{"uv":[10.75,3.25,14,5],"rotation":270,"texture":"#15"},"up":{"uv":[14,3.25,16,5],"texture":"#15"},"down":{"uv":[8.75,3.25,10.75,5],"rotation":180,"texture":"#15"}}},{"from":[6,14.02301,16.4937],"to":[10,25.02301,21.4937],"rotation":{"angle":0,"axis":"x","origin":[8,12,8]},"faces":{"north":{"uv":[3.75,7.5,2.75,4.75],"rotation":180,"texture":"#15"},"east":{"uv":[0,7.5,2.75,8.75],"rotation":90,"texture":"#15"},"south":{"uv":[4.75,4.75,3.75,7.5],"texture":"#15"},"west":{"uv":[3.75,7.5,6.5,8.75],"rotation":270,"texture":"#15"},"up":{"uv":[6.5,7.5,7.5,8.75],"texture":"#15"},"down":{"uv":[2.75,7.5,3.75,8.75],"rotation":180,"texture":"#15"}}},{"from":[3,18.59619,22.03122],"to":[13,24.59619,23.03122],"rotation":{"angle":-22.5,"axis":"x","origin":[8,12,8]},"faces":{"north":{"uv":[8.75,6.5,6.25,5],"rotation":180,"texture":"#15"},"east":{"uv":[4.75,6.5,6.25,6.75],"rotation":90,"texture":"#15"},"south":{"uv":[11.25,5,8.75,6.5],"texture":"#15"},"west":{"uv":[8.75,6.5,10.25,6.75],"rotation":270,"texture":"#15"},"up":{"uv":[10.25,6.5,12.75,6.75],"texture":"#15"},"down":{"uv":[6.25,6.5,8.75,6.75],"rotation":180,"texture":"#15"}}},{"from":[-2.91478,4.77375,18],"to":[4.08522,8.77375,19],"rotation":{"angle":22.5,"axis":"x","origin":[8,12,8]},"faces":{"north":{"uv":[12,6.75,13.75,7.75],"rotation":180,"texture":"#15"},"east":{"uv":[13.75,6.75,14,7.75],"rotation":180,"texture":"#15"},"south":{"uv":[14,6.75,15.75,7.75],"rotation":180,"texture":"#15"},"west":{"uv":[15.75,6.75,16,7.75],"rotation":180,"texture":"#15"},"up":{"uv":[14.25,5,14,6.75],"rotation":270,"texture":"#15"},"down":{"uv":[14,6.75,13.75,5],"rotation":90,"texture":"#15"}}},{"from":[11.91478,4.77375,18],"to":[18.91478,8.77375,19],"rotation":{"angle":22.5,"axis":"x","origin":[8,12,8]},"faces":{"north":{"uv":[14,6.75,15.75,7.75],"rotation":180,"texture":"#15"},"east":{"uv":[15.75,6.75,16,7.75],"rotation":180,"texture":"#15"},"south":{"uv":[12,6.75,13.75,7.75],"rotation":180,"texture":"#15"},"west":{"uv":[13.75,6.75,14,7.75],"rotation":180,"texture":"#15"},"up":{"uv":[14.25,5,14,6.75],"rotation":90,"texture":"#15"},"down":{"uv":[14,6.75,13.75,5],"rotation":270,"texture":"#15"}}},{"from":[7.5,7.27865,9.68506],"to":[8.5,11.27865,14.68506],"rotation":{"angle":-22.5,"axis":"x","origin":[8,12,8]},"faces":{"north":{"uv":[14,1.25,14.25,2.25],"texture":"#16"},"east":{"uv":[12.75,1.25,14,2.25],"texture":"#16"},"south":{"uv":[15.5,1.25,15.75,2.25],"texture":"#16"},"west":{"uv":[14.25,1.25,15.5,2.25],"texture":"#16"},"up":{"uv":[14.25,1.25,14,0],"texture":"#16"},"down":{"uv":[14.5,0,14.25,1.25],"texture":"#16"}}},{"from":[7,-4,18],"to":[9,0,20],"rotation":{"angle":45,"axis":"x","origin":[8,12,8]},"faces":{"north":{"uv":[1.5,4.25,1,3.25],"rotation":180,"texture":"#16"},"east":{"uv":[0,4.25,1,4.75],"rotation":90,"texture":"#16"},"south":{"uv":[2,3.25,1.5,4.25],"texture":"#16"},"west":{"uv":[1.5,4.25,2.5,4.75],"rotation":270,"texture":"#16"},"up":{"uv":[2.5,4.25,3,4.75],"texture":"#16"},"down":{"uv":[1,4.25,1.5,4.75],"rotation":180,"texture":"#16"}}},{"from":[4,0,13],"to":[12,6,20],"rotation":{"angle":45,"axis":"x","origin":[8,12,8]},"faces":{"north":{"uv":[3.5,1.5,1.5,0],"rotation":180,"texture":"#16"},"east":{"uv":[0,1.5,1.5,3.25],"rotation":90,"texture":"#16"},"south":{"uv":[5.5,0,3.5,1.5],"texture":"#16"},"west":{"uv":[3.5,1.5,5,3.25],"rotation":270,"texture":"#16"},"up":{"uv":[5,1.5,7,3.25],"texture":"#16"},"down":{"uv":[1.5,1.5,3.5,3.25],"rotation":180,"texture":"#16"}}},{"from":[4,6,13],"to":[12,19,20],"rotation":{"angle":45,"axis":"x","origin":[8,12,8]},"faces":{"north":{"uv":[10.75,3.25,8.75,0],"rotation":180,"texture":"#16"},"east":{"uv":[5.5,3.25,8.75,5],"rotation":90,"texture":"#16"},"south":{"uv":[12.75,0,10.75,3.25],"texture":"#16"},"west":{"uv":[10.75,3.25,14,5],"rotation":270,"texture":"#16"},"up":{"uv":[14,3.25,16,5],"texture":"#16"},"down":{"uv":[8.75,3.25,10.75,5],"rotation":180,"texture":"#16"}}},{"from":[6,14.02301,16.4937],"to":[10,25.02301,21.4937],"rotation":{"angle":22.5,"axis":"x","origin":[8,12,8]},"faces":{"north":{"uv":[3.75,7.5,2.75,4.75],"rotation":180,"texture":"#16"},"east":{"uv":[0,7.5,2.75,8.75],"rotation":90,"texture":"#16"},"south":{"uv":[4.75,4.75,3.75,7.5],"texture":"#16"},"west":{"uv":[3.75,7.5,6.5,8.75],"rotation":270,"texture":"#16"},"up":{"uv":[6.5,7.5,7.5,8.75],"texture":"#16"},"down":{"uv":[2.75,7.5,3.75,8.75],"rotation":180,"texture":"#16"}}},{"from":[3,18.59619,22.03122],"to":[13,24.59619,23.03122],"rotation":{"angle":0,"axis":"x","origin":[8,12,8]},"faces":{"north":{"uv":[8.75,6.5,6.25,5],"rotation":180,"texture":"#16"},"east":{"uv":[4.75,6.5,6.25,6.75],"rotation":90,"texture":"#16"},"south":{"uv":[11.25,5,8.75,6.5],"texture":"#16"},"west":{"uv":[8.75,6.5,10.25,6.75],"rotation":270,"texture":"#16"},"up":{"uv":[10.25,6.5,12.75,6.75],"texture":"#16"},"down":{"uv":[6.25,6.5,8.75,6.75],"rotation":180,"texture":"#16"}}},{"from":[-2.91478,4.77375,18],"to":[4.08522,8.77375,19],"rotation":{"angle":45,"axis":"x","origin":[8,12,8]},"faces":{"north":{"uv":[12,6.75,13.75,7.75],"rotation":180,"texture":"#16"},"east":{"uv":[13.75,6.75,14,7.75],"rotation":180,"texture":"#16"},"south":{"uv":[14,6.75,15.75,7.75],"rotation":180,"texture":"#16"},"west":{"uv":[15.75,6.75,16,7.75],"rotation":180,"texture":"#16"},"up":{"uv":[14.25,5,14,6.75],"rotation":270,"texture":"#16"},"down":{"uv":[14,6.75,13.75,5],"rotation":90,"texture":"#16"}}},{"from":[11.91478,4.77375,18],"to":[18.91478,8.77375,19],"rotation":{"angle":45,"axis":"x","origin":[8,12,8]},"faces":{"north":{"uv":[14,6.75,15.75,7.75],"rotation":180,"texture":"#16"},"east":{"uv":[15.75,6.75,16,7.75],"rotation":180,"texture":"#16"},"south":{"uv":[12,6.75,13.75,7.75],"rotation":180,"texture":"#16"},"west":{"uv":[13.75,6.75,14,7.75],"rotation":180,"texture":"#16"},"up":{"uv":[14.25,5,14,6.75],"rotation":90,"texture":"#16"},"down":{"uv":[14,6.75,13.75,5],"rotation":270,"texture":"#16"}}},{"from":[7.5,7.27865,9.68506],"to":[8.5,11.27865,14.68506],"rotation":{"angle":0,"axis":"x","origin":[8,12,8]},"faces":{"north":{"uv":[14,1.25,14.25,2.25],"texture":"#17"},"east":{"uv":[12.75,1.25,14,2.25],"texture":"#17"},"south":{"uv":[15.5,1.25,15.75,2.25],"texture":"#17"},"west":{"uv":[14.25,1.25,15.5,2.25],"texture":"#17"},"up":{"uv":[14.25,1.25,14,0],"texture":"#17"},"down":{"uv":[14.5,0,14.25,1.25],"texture":"#17"}}},{"from":[7,0,-8],"to":[9,2,-4],"rotation":{"angle":-22.5,"axis":"x","origin":[8,12,8]},"faces":{"north":{"uv":[1,4.25,1.5,4.75],"texture":"#17"},"east":{"uv":[0,4.25,1,4.75],"texture":"#17"},"south":{"uv":[2.5,4.25,3,4.75],"texture":"#17"},"west":{"uv":[1.5,4.25,2.5,4.75],"texture":"#17"},"up":{"uv":[1.5,4.25,1,3.25],"texture":"#17"},"down":{"uv":[2,3.25,1.5,4.25],"texture":"#17"}}},{"from":[4,0,-4],"to":[12,7,2],"rotation":{"angle":-22.5,"axis":"x","origin":[8,12,8]},"faces":{"north":{"uv":[1.5,1.5,3.5,3.25],"texture":"#17"},"east":{"uv":[0,1.5,1.5,3.25],"texture":"#17"},"south":{"uv":[5,1.5,7,3.25],"texture":"#17"},"west":{"uv":[3.5,1.5,5,3.25],"texture":"#17"},"up":{"uv":[3.5,1.5,1.5,0],"texture":"#17"},"down":{"uv":[5.5,0,3.5,1.5],"texture":"#17"}}},{"from":[4,0,2],"to":[12,7,15],"rotation":{"angle":-22.5,"axis":"x","origin":[8,12,8]},"faces":{"north":{"uv":[8.75,3.25,10.75,5],"texture":"#17"},"east":{"uv":[5.5,3.25,8.75,5],"texture":"#17"},"south":{"uv":[14,3.25,16,5],"texture":"#17"},"west":{"uv":[10.75,3.25,14,5],"texture":"#17"},"up":{"uv":[10.75,3.25,8.75,0],"texture":"#17"},"down":{"uv":[12.75,0,10.75,3.25],"texture":"#17"}}},{"from":[6,14.02301,16.4937],"to":[10,25.02301,21.4937],"rotation":{"angle":45,"axis":"x","origin":[8,12,8]},"faces":{"north":{"uv":[3.75,7.5,2.75,4.75],"rotation":180,"texture":"#17"},"east":{"uv":[0,7.5,2.75,8.75],"rotation":90,"texture":"#17"},"south":{"uv":[4.75,4.75,3.75,7.5],"texture":"#17"},"west":{"uv":[3.75,7.5,6.5,8.75],"rotation":270,"texture":"#17"},"up":{"uv":[6.5,7.5,7.5,8.75],"texture":"#17"},"down":{"uv":[2.75,7.5,3.75,8.75],"rotation":180,"texture":"#17"}}},{"from":[3,18.59619,22.03122],"to":[13,24.59619,23.03122],"rotation":{"angle":22.5,"axis":"x","origin":[8,12,8]},"faces":{"north":{"uv":[8.75,6.5,6.25,5],"rotation":180,"texture":"#17"},"east":{"uv":[4.75,6.5,6.25,6.75],"rotation":90,"texture":"#17"},"south":{"uv":[11.25,5,8.75,6.5],"texture":"#17"},"west":{"uv":[8.75,6.5,10.25,6.75],"rotation":270,"texture":"#17"},"up":{"uv":[10.25,6.5,12.75,6.75],"texture":"#17"},"down":{"uv":[6.25,6.5,8.75,6.75],"rotation":180,"texture":"#17"}}},{"from":[-2.91478,1,0.77375],"to":[4.08522,2,4.77375],"rotation":{"angle":-22.5,"axis":"x","origin":[8,12,8]},"faces":{"north":{"uv":[14,6.75,13.75,5],"rotation":270,"texture":"#17"},"east":{"uv":[13.75,6.75,14,7.75],"rotation":90,"texture":"#17"},"south":{"uv":[14.25,5,14,6.75],"rotation":270,"texture":"#17"},"west":{"uv":[15.75,6.75,16,7.75],"rotation":270,"texture":"#17"},"up":{"uv":[12,6.75,13.75,7.75],"texture":"#17"},"down":{"uv":[14,6.75,15.75,7.75],"rotation":180,"texture":"#17"}}},{"from":[11.91478,1,0.77375],"to":[18.91478,2,4.77375],"rotation":{"angle":-22.5,"axis":"x","origin":[8,12,8]},"faces":{"north":{"uv":[14,6.75,13.75,5],"rotation":90,"texture":"#17"},"east":{"uv":[15.75,6.75,16,7.75],"rotation":90,"texture":"#17"},"south":{"uv":[14.25,5,14,6.75],"rotation":90,"texture":"#17"},"west":{"uv":[13.75,6.75,14,7.75],"rotation":270,"texture":"#17"},"up":{"uv":[14,6.75,15.75,7.75],"texture":"#17"},"down":{"uv":[12,6.75,13.75,7.75],"rotation":180,"texture":"#17"}}}],"display":{"thirdperson_righthand":{"rotation":[75,45,0],"translation":[0,2.5,0],"scale":[0.23,0.23,0.23]},"thirdperson_lefthand":{"rotation":[75,45,0],"translation":[0,2.5,0],"scale":[0.23,0.23,0.23]},"firstperson_righthand":{"rotation":[0,45,0],"scale":[0.15,0.15,0.15]},"firstperson_lefthand":{"rotation":[0,45,0],"scale":[0.15,0.15,0.15]},"ground":{"translation":[0,3,0],"scale":[0.2,0.2,0.2]},"gui":{"rotation":[30,225,0],"translation":[0,-1,0],"scale":[0.35,0.35,0.35]},"head":{"translation":[-15,25,0],"scale":[1.5,1.5,1.5]},"fixed":{"scale":[0.5,0.5,0.5]}},"groups":[{"name":"group","origin":[0,0,0],"color":0,"children":[0,1,2,3,4,5,6,7]},{"name":"group","origin":[0,0,0],"color":0,"children":[8,9,10,11,12,13,14,15]},{"name":"group","origin":[0,0,0],"color":0,"children":[16,17,18,19,20,21,22,23]},{"name":"group","origin":[0,0,0],"color":0,"children":[24,25,26,27,28,29,30,31]},{"name":"group","origin":[0,0,0],"color":0,"children":[32,33,34,35,36,37,38,39]},{"name":"group","origin":[0,0,0],"color":0,"children":[40,41,42,43,44,45,46,47]},{"name":"group","origin":[0,0,0],"color":0,"children":[48,49,50,51,52,53,54,55]},{"name":"group","origin":[0,0,0],"color":0,"children":[56,57,58,59,60,61,62,63]},{"name":"group","origin":[0,0,0],"color":0,"children":[64,65,66,67,68,69,70,71]},{"name":"group","origin":[0,0,0],"color":0,"children":[72,73,74,75,76,77,78,79]},{"name":"group","origin":[0,0,0],"color":0,"children":[80,81,82,83,84,85,86,87]},{"name":"group","origin":[0,0,0],"color":0,"children":[88,89,90,91,92,93,94,95]},{"name":"group","origin":[0,0,0],"color":0,"children":[96,97,98,99,100,101,102,103]},{"name":"group","origin":[0,0,0],"color":0,"children":[104,105,106,107,108,109,110,111]},{"name":"group","origin":[0,0,0],"color":0,"children":[112,113,114,115,116,117,118,119]},{"name":"group","origin":[0,0,0],"color":0,"children":[120,121,122,123,124,125,126,127]},{"name":"group","origin":[0,0,0],"color":0,"children":[128,129,130,131,132,133,134,135]},{"name":"group","origin":[0,0,0],"color":0,"children":[136,137,138,139,140,141,142,143]}]}