{"credit":"By KeepMeow","texture_size":[64,64],"textures":{"0":"pets/animation/enderman_anim1_pet","1":"pets/animation/enderman_anim2_pet"},"elements":[{"from":[2,-11,7],"to":[4,19,9],"rotation":{"angle":0,"axis":"z","origin":[0,3,0]},"faces":{"north":{"uv":[15,0.5,14.5,8],"texture":"#0"},"east":{"uv":[15.5,0.5,15,8],"texture":"#0"},"south":{"uv":[16,0.5,15.5,8],"texture":"#0"},"west":{"uv":[14.5,0.5,14,8],"texture":"#0"},"up":{"uv":[14.5,0.5,15,0],"texture":"#0"},"down":{"uv":[15,0,15.5,0.5],"texture":"#0"}}},{"from":[12,-11,7],"to":[14,19,9],"rotation":{"angle":0,"axis":"z","origin":[0,3,0]},"faces":{"north":{"uv":[14.5,0.5,15,8],"texture":"#0"},"east":{"uv":[14,0.5,14.5,8],"texture":"#0"},"south":{"uv":[15.5,0.5,16,8],"texture":"#0"},"west":{"uv":[15,0.5,15.5,8],"texture":"#0"},"up":{"uv":[15,0.5,14.5,0],"texture":"#0"},"down":{"uv":[15.5,0,15,0.5],"texture":"#0"}}},{"from":[4,7,6],"to":[12,19,10],"rotation":{"angle":0,"axis":"y","origin":[0,3,0]},"faces":{"north":{"uv":[9,5,11,8],"texture":"#0"},"east":{"uv":[8,5,9,8],"texture":"#0"},"south":{"uv":[12,5,14,8],"texture":"#0"},"west":{"uv":[11,5,12,8],"texture":"#0"},"up":{"uv":[11,5,9,4],"texture":"#0"},"down":{"uv":[13,4,11,5],"texture":"#0"}}},{"from":[2,5,-5],"to":[4,7,10],"rotation":{"angle":22.5,"axis":"y","origin":[0,0,0]},"faces":{"north":{"uv":[14,3.75,14.5,4.25],"rotation":180,"texture":"#0"},"east":{"uv":[15,0.5,15.5,4.25],"rotation":270,"texture":"#0"},"south":{"uv":[14.5,0.5,15,0],"texture":"#0"},"west":{"uv":[14.5,0.5,14,4.25],"rotation":90,"texture":"#0"},"up":{"uv":[14.5,0.5,15,4.25],"rotation":180,"texture":"#0"},"down":{"uv":[15.5,0.5,16,4.25],"texture":"#0"}}},{"from":[11.5,5,-11.5],"to":[13.5,7,3.5],"rotation":{"angle":-22.5,"axis":"y","origin":[0,0,0]},"faces":{"north":{"uv":[14,3.75,14.5,4.25],"rotation":180,"texture":"#0"},"east":{"uv":[15,0.5,15.5,4.25],"rotation":270,"texture":"#0"},"south":{"uv":[14.5,0.5,15,0],"texture":"#0"},"west":{"uv":[14.5,0.5,14,4.25],"rotation":90,"texture":"#0"},"up":{"uv":[15,0.5,14.5,4.25],"rotation":180,"texture":"#0"},"down":{"uv":[16,0.5,15.5,4.25],"texture":"#0"}}},{"from":[2,-8,-7],"to":[4,7,-5],"rotation":{"angle":22.5,"axis":"y","origin":[0,0,0]},"faces":{"north":{"uv":[14.5,4.25,15,8],"texture":"#0"},"east":{"uv":[15.5,4.25,15,8],"texture":"#0"},"south":{"uv":[15.5,4.25,16,8],"texture":"#0"},"west":{"uv":[14.5,4.25,14,8],"texture":"#0"},"up":{"uv":[14,4.25,14.5,3.75],"texture":"#0"},"down":{"uv":[15,0,15.5,0.5],"texture":"#0"}}},{"from":[11.5,-8,-13.5],"to":[13.5,7,-11.5],"rotation":{"angle":-22.5,"axis":"y","origin":[0,0,0]},"faces":{"north":{"uv":[15,4.25,14.5,8],"texture":"#0"},"east":{"uv":[15.5,4.25,15,8],"texture":"#0"},"south":{"uv":[16,4.25,15.5,8],"texture":"#0"},"west":{"uv":[14.5,4.25,14,8],"texture":"#0"},"up":{"uv":[14,4.25,14.5,3.75],"texture":"#0"},"down":{"uv":[15,0,15.5,0.5],"texture":"#0"}}},{"from":[4.25,19,4.25],"to":[11.75,26.5,4.25],"faces":{"north":{"uv":[2,6,4,8],"texture":"#0"},"east":{"uv":[0,0,0.25,2],"texture":"#0"},"south":{"uv":[4,6,2,8],"texture":"#0"},"west":{"uv":[0,0,0.25,2],"texture":"#0"},"up":{"uv":[0,0,2,0.25],"texture":"#0"},"down":{"uv":[0,0,2,0.25],"texture":"#0"}}},{"from":[4.25,19,4.25],"to":[4.25,26.5,11.75],"faces":{"north":{"uv":[0,0,0.25,2],"texture":"#0"},"east":{"uv":[6,6,4,8],"texture":"#0"},"south":{"uv":[0,0,0.25,2],"texture":"#0"},"west":{"uv":[4,6,6,8],"texture":"#0"},"up":{"uv":[0,0,0.25,2],"texture":"#0"},"down":{"uv":[0,0,0.25,2],"texture":"#0"}}},{"from":[4.25,19,11.75],"to":[11.75,26.5,11.75],"faces":{"north":{"uv":[6,6,8,8],"texture":"#0"},"east":{"uv":[0,0,0.25,2],"texture":"#0"},"south":{"uv":[8,6,6,8],"texture":"#0"},"west":{"uv":[0,0,0.25,2],"texture":"#0"},"up":{"uv":[0,0,2,0.25],"texture":"#0"},"down":{"uv":[0,0,2,0.25],"texture":"#0"}}},{"from":[11.75,19,4.25],"to":[11.75,26.5,11.75],"faces":{"north":{"uv":[0,0,0.25,2],"texture":"#0"},"east":{"uv":[6,6,4,8],"texture":"#0"},"south":{"uv":[0,0,0.25,2],"texture":"#0"},"west":{"uv":[4,6,6,8],"texture":"#0"},"up":{"uv":[0,0,0.25,2],"texture":"#0"},"down":{"uv":[0,0,0.25,2],"texture":"#0"}}},{"from":[4.25,19,4.25],"to":[11.75,19,11.75],"faces":{"north":{"uv":[0,0,2,0],"texture":"#0"},"east":{"uv":[0,0,2,0],"texture":"#0"},"south":{"uv":[0,0,2,0],"texture":"#0"},"west":{"uv":[0,0,2,0],"texture":"#0"},"up":{"uv":[4,6,6,4],"texture":"#0"},"down":{"uv":[4,4,6,6],"texture":"#0"}}},{"name":"head","from":[4,19,4],"to":[12,27,4],"faces":{"north":{"uv":[2,2,4,4],"texture":"#0"},"east":{"uv":[0,2,2,4],"texture":"#0"},"south":{"uv":[4,2,2,4],"texture":"#0"},"west":{"uv":[4,2,6,4],"texture":"#0"},"up":{"uv":[4,2,2,0],"texture":"#0"},"down":{"uv":[6,0,4,2],"texture":"#0"}}},{"name":"head","from":[4,19,4],"to":[4,27,12],"faces":{"north":{"uv":[4,2,6,4],"texture":"#0"},"east":{"uv":[6,2,4,4],"texture":"#0"},"south":{"uv":[0,2,2,4],"texture":"#0"},"west":{"uv":[4,2,6,4],"texture":"#0"},"up":{"uv":[4,2,2,0],"rotation":90,"texture":"#0"},"down":{"uv":[6,0,4,2],"rotation":270,"texture":"#0"}}},{"name":"head","from":[4,19,12],"to":[12,27,12],"faces":{"north":{"uv":[8,2,6,4],"texture":"#0"},"east":{"uv":[0,2,2,4],"texture":"#0"},"south":{"uv":[6,2,8,4],"texture":"#0"},"west":{"uv":[4,2,6,4],"texture":"#0"},"up":{"uv":[4,2,2,0],"texture":"#0"},"down":{"uv":[6,0,4,2],"texture":"#0"}}},{"name":"head","from":[12,19,4],"to":[12,27,12],"faces":{"north":{"uv":[4,2,6,4],"texture":"#0"},"east":{"uv":[6,2,4,4],"texture":"#0"},"south":{"uv":[0,2,2,4],"texture":"#0"},"west":{"uv":[4,2,6,4],"texture":"#0"},"up":{"uv":[4,2,2,0],"rotation":90,"texture":"#0"},"down":{"uv":[6,0,4,2],"rotation":270,"texture":"#0"}}},{"name":"head","from":[4,27,4],"to":[12,27,12],"faces":{"north":{"uv":[4,2,2,0],"rotation":180,"texture":"#0"},"east":{"uv":[0,2,2,4],"rotation":90,"texture":"#0"},"south":{"uv":[6,0,4,2],"texture":"#0"},"west":{"uv":[4,2,6,4],"rotation":270,"texture":"#0"},"up":{"uv":[2,0,4,2],"texture":"#0"},"down":{"uv":[4,0,2,2],"rotation":180,"texture":"#0"}}},{"from":[2,-11,7],"to":[4,19,9],"rotation":{"angle":0,"axis":"z","origin":[0,3,0]},"faces":{"north":{"uv":[15,0.5,14.5,8],"texture":"#1"},"east":{"uv":[15.5,0.5,15,8],"texture":"#1"},"south":{"uv":[16,0.5,15.5,8],"texture":"#1"},"west":{"uv":[14.5,0.5,14,8],"texture":"#1"},"up":{"uv":[14.5,0.5,15,0],"texture":"#1"},"down":{"uv":[15,0,15.5,0.5],"texture":"#1"}}},{"from":[12,-11,7],"to":[14,19,9],"rotation":{"angle":0,"axis":"z","origin":[0,3,0]},"faces":{"north":{"uv":[14.5,0.5,15,8],"texture":"#1"},"east":{"uv":[14,0.5,14.5,8],"texture":"#1"},"south":{"uv":[15.5,0.5,16,8],"texture":"#1"},"west":{"uv":[15,0.5,15.5,8],"texture":"#1"},"up":{"uv":[15,0.5,14.5,0],"texture":"#1"},"down":{"uv":[15.5,0,15,0.5],"texture":"#1"}}},{"from":[4,7,6],"to":[12,19,10],"rotation":{"angle":0,"axis":"y","origin":[0,3,0]},"faces":{"north":{"uv":[9,5,11,8],"texture":"#1"},"east":{"uv":[8,5,9,8],"texture":"#1"},"south":{"uv":[12,5,14,8],"texture":"#1"},"west":{"uv":[11,5,12,8],"texture":"#1"},"up":{"uv":[11,5,9,4],"texture":"#1"},"down":{"uv":[13,4,11,5],"texture":"#1"}}},{"from":[2,5,-5],"to":[4,7,10],"rotation":{"angle":22.5,"axis":"y","origin":[0,0,0]},"faces":{"north":{"uv":[14,3.75,14.5,4.25],"rotation":180,"texture":"#1"},"east":{"uv":[15,0.5,15.5,4.25],"rotation":270,"texture":"#1"},"south":{"uv":[14.5,0.5,15,0],"texture":"#1"},"west":{"uv":[14.5,0.5,14,4.25],"rotation":90,"texture":"#1"},"up":{"uv":[14.5,0.5,15,4.25],"rotation":180,"texture":"#1"},"down":{"uv":[15.5,0.5,16,4.25],"texture":"#1"}}},{"from":[11.5,5,-11.5],"to":[13.5,7,3.5],"rotation":{"angle":-22.5,"axis":"y","origin":[0,0,0]},"faces":{"north":{"uv":[14,3.75,14.5,4.25],"rotation":180,"texture":"#1"},"east":{"uv":[15,0.5,15.5,4.25],"rotation":270,"texture":"#1"},"south":{"uv":[14.5,0.5,15,0],"texture":"#1"},"west":{"uv":[14.5,0.5,14,4.25],"rotation":90,"texture":"#1"},"up":{"uv":[15,0.5,14.5,4.25],"rotation":180,"texture":"#1"},"down":{"uv":[16,0.5,15.5,4.25],"texture":"#1"}}},{"from":[2,-8,-7],"to":[4,7,-5],"rotation":{"angle":22.5,"axis":"y","origin":[0,0,0]},"faces":{"north":{"uv":[14.5,4.25,15,8],"texture":"#1"},"east":{"uv":[15.5,4.25,15,8],"texture":"#1"},"south":{"uv":[15.5,4.25,16,8],"texture":"#1"},"west":{"uv":[14.5,4.25,14,8],"texture":"#1"},"up":{"uv":[14,4.25,14.5,3.75],"texture":"#1"},"down":{"uv":[15,0,15.5,0.5],"texture":"#1"}}},{"from":[11.5,-8,-13.5],"to":[13.5,7,-11.5],"rotation":{"angle":-22.5,"axis":"y","origin":[0,0,0]},"faces":{"north":{"uv":[15,4.25,14.5,8],"texture":"#1"},"east":{"uv":[15.5,4.25,15,8],"texture":"#1"},"south":{"uv":[16,4.25,15.5,8],"texture":"#1"},"west":{"uv":[14.5,4.25,14,8],"texture":"#1"},"up":{"uv":[14,4.25,14.5,3.75],"texture":"#1"},"down":{"uv":[15,0,15.5,0.5],"texture":"#1"}}},{"from":[4.25,19,4.25],"to":[11.75,26.5,4.25],"faces":{"north":{"uv":[2,6,4,8],"texture":"#1"},"east":{"uv":[0,0,0.25,2],"texture":"#1"},"south":{"uv":[4,6,2,8],"texture":"#1"},"west":{"uv":[0,0,0.25,2],"texture":"#1"},"up":{"uv":[0,0,2,0.25],"texture":"#1"},"down":{"uv":[0,0,2,0.25],"texture":"#1"}}},{"from":[4.25,19,4.25],"to":[4.25,26.5,11.75],"faces":{"north":{"uv":[0,0,0.25,2],"texture":"#1"},"east":{"uv":[6,6,4,8],"texture":"#1"},"south":{"uv":[0,0,0.25,2],"texture":"#1"},"west":{"uv":[4,6,6,8],"texture":"#1"},"up":{"uv":[0,0,0.25,2],"texture":"#1"},"down":{"uv":[0,0,0.25,2],"texture":"#1"}}},{"from":[4.25,19,11.75],"to":[11.75,26.5,11.75],"faces":{"north":{"uv":[6,6,8,8],"texture":"#1"},"east":{"uv":[0,0,0.25,2],"texture":"#1"},"south":{"uv":[8,6,6,8],"texture":"#1"},"west":{"uv":[0,0,0.25,2],"texture":"#1"},"up":{"uv":[0,0,2,0.25],"texture":"#1"},"down":{"uv":[0,0,2,0.25],"texture":"#1"}}},{"from":[11.75,19,4.25],"to":[11.75,26.5,11.75],"faces":{"north":{"uv":[0,0,0.25,2],"texture":"#1"},"east":{"uv":[6,6,4,8],"texture":"#1"},"south":{"uv":[0,0,0.25,2],"texture":"#1"},"west":{"uv":[4,6,6,8],"texture":"#1"},"up":{"uv":[0,0,0.25,2],"texture":"#1"},"down":{"uv":[0,0,0.25,2],"texture":"#1"}}},{"from":[4.25,19,4.25],"to":[11.75,19,11.75],"faces":{"north":{"uv":[0,0,2,0],"texture":"#1"},"east":{"uv":[0,0,2,0],"texture":"#1"},"south":{"uv":[0,0,2,0],"texture":"#1"},"west":{"uv":[0,0,2,0],"texture":"#1"},"up":{"uv":[4,6,6,4],"texture":"#1"},"down":{"uv":[4,4,6,6],"texture":"#1"}}},{"name":"head","from":[4,24,4],"to":[12,32,4],"faces":{"north":{"uv":[2,2,4,4],"texture":"#1"},"east":{"uv":[0,2,2,4],"texture":"#1"},"south":{"uv":[4,2,2,4],"texture":"#1"},"west":{"uv":[4,2,6,4],"texture":"#1"},"up":{"uv":[4,2,2,0],"texture":"#1"},"down":{"uv":[6,0,4,2],"texture":"#1"}}},{"name":"head","from":[4,24,4],"to":[4,32,12],"faces":{"north":{"uv":[4,2,6,4],"texture":"#1"},"east":{"uv":[6,2,4,4],"texture":"#1"},"south":{"uv":[0,2,2,4],"texture":"#1"},"west":{"uv":[4,2,6,4],"texture":"#1"},"up":{"uv":[4,2,2,0],"rotation":90,"texture":"#1"},"down":{"uv":[6,0,4,2],"rotation":270,"texture":"#1"}}},{"name":"head","from":[4,24,12],"to":[12,32,12],"faces":{"north":{"uv":[8,2,6,4],"texture":"#1"},"east":{"uv":[0,2,2,4],"texture":"#1"},"south":{"uv":[6,2,8,4],"texture":"#1"},"west":{"uv":[4,2,6,4],"texture":"#1"},"up":{"uv":[4,2,2,0],"texture":"#1"},"down":{"uv":[6,0,4,2],"texture":"#1"}}},{"name":"head","from":[12,24,4],"to":[12,32,12],"faces":{"north":{"uv":[4,2,6,4],"texture":"#1"},"east":{"uv":[6,2,4,4],"texture":"#1"},"south":{"uv":[0,2,2,4],"texture":"#1"},"west":{"uv":[4,2,6,4],"texture":"#1"},"up":{"uv":[4,2,2,0],"rotation":90,"texture":"#1"},"down":{"uv":[6,0,4,2],"rotation":270,"texture":"#1"}}},{"name":"head","from":[4,32,4],"to":[12,32,12],"faces":{"north":{"uv":[4,2,2,0],"rotation":180,"texture":"#1"},"east":{"uv":[0,2,2,4],"rotation":90,"texture":"#1"},"south":{"uv":[6,0,4,2],"texture":"#1"},"west":{"uv":[4,2,6,4],"rotation":270,"texture":"#1"},"up":{"uv":[2,0,4,2],"texture":"#1"},"down":{"uv":[4,0,2,2],"rotation":180,"texture":"#1"}}}],"display":{"thirdperson_righthand":{"rotation":[75,45,0],"translation":[0,1,0],"scale":[0.155,0.155,0.155]},"thirdperson_lefthand":{"rotation":[75,45,0],"translation":[0,1,0],"scale":[0.155,0.155,0.155]},"firstperson_righthand":{"rotation":[0,45,0],"scale":[0.15,0.15,0.15]},"firstperson_lefthand":{"rotation":[0,45,0],"scale":[0.15,0.15,0.15]},"ground":{"translation":[0,3,0],"scale":[0.15,0.15,0.15]},"gui":{"rotation":[30,225,0],"scale":[0.3,0.3,0.3]},"head":{"translation":[0,10.5,5],"scale":[1.3,1.3,1.3]},"fixed":{"scale":[0.5,0.5,0.5]}},"groups":[{"name":"group","origin":[8,8,8],"color":0,"children":[{"name":"group","origin":[8,8,8],"color":0,"children":[0,1,2,3,4,5,6]},{"name":"group","origin":[0,0,0],"color":0,"children":[7,8,9,10,11]},{"name":"group","origin":[8,8,8],"color":0,"children":[12,13,14,15,16]}]},{"name":"group","origin":[8,8,8],"color":0,"children":[{"name":"group","origin":[8,8,8],"color":0,"children":[17,18,19,20,21,22,23]},{"name":"group","origin":[0,0,0],"color":0,"children":[24,25,26,27,28]},{"name":"group","origin":[8,8,8],"color":0,"children":[29,30,31,32,33]}]}]}