{"credit":"By KeepMeow","texture_size":[48,48],"textures":{"0":"pets/animation/frog_anim1_1_pet","1":"pets/animation/frog_anim2_1_pet","2":"pets/animation/frog_anim3_1_pet","3":"block/big_dripleaf_top","4":"block/big_dripleaf_tip"},"elements":[{"from":[6.5,3,3],"to":[9.5,4,3],"faces":{"north":{"uv":[3.66667,8,4.66667,8.33333],"texture":"#0"},"east":{"uv":[4.33333,8,4.66667,8.33333],"texture":"#0"},"south":{"uv":[3.66667,8,4.66667,8.33333],"texture":"#0"},"west":{"uv":[3.66667,8,4,8.33333],"texture":"#0"},"up":{"uv":[3.66667,8,4.66667,8.33333],"texture":"#0"},"down":{"uv":[3.66667,8,4.66667,8.33333],"texture":"#0"}}},{"from":[2.5,0,9],"to":[5.5,3,13],"faces":{"north":{"uv":[2.33333,9.66667,1.33333,10.66667],"texture":"#0"},"east":{"uv":[3.66667,9.66667,2.33333,10.66667],"texture":"#0"},"south":{"uv":[4.66667,9.66667,3.66667,10.66667],"texture":"#0"},"west":{"uv":[0,9.66667,1.33333,10.66667],"texture":"#0"},"up":{"uv":[1.33333,8.33333,2.33333,9.66667],"texture":"#0"},"down":{"uv":[2.33333,8.33333,3.33333,9.66667],"texture":"#0"}}},{"from":[4.5,1,3],"to":[11.5,4,12],"faces":{"north":{"uv":[4,3.33333,6.33333,4.33333],"texture":"#0"},"east":{"uv":[1,3.33333,4,4.33333],"texture":"#0"},"south":{"uv":[9.33333,3.33333,11.66667,4.33333],"texture":"#0"},"west":{"uv":[6.33333,3.33333,9.33333,4.33333],"texture":"#0"},"up":{"uv":[10.66667,10.33333,13,7.33333],"texture":"#0"},"down":{"uv":[6.33333,0.33333,8.66667,3.33333],"texture":"#0"}}},{"from":[4.5,4,3],"to":[11.5,6,12],"faces":{"north":{"uv":[5.33333,7.33333,3,8],"texture":"#0"},"east":{"uv":[5.33333,7.33333,8.33333,8],"texture":"#0"},"south":{"uv":[8.33333,7.33333,10.66667,8],"texture":"#0"},"west":{"uv":[0,7.33333,3,8],"texture":"#0"},"up":{"uv":[3,7.33333,5.33333,4.33333],"texture":"#0"},"down":{"uv":[10.66667,4.33333,13,7.33333],"texture":"#0"}}},{"from":[4.5,6,4],"to":[7.5,8,7],"faces":{"north":{"uv":[1,2.66667,2,3.33333],"texture":"#0"},"east":{"uv":[0,2.66667,1,3.33333],"texture":"#0"},"south":{"uv":[3,2.66667,4,3.33333],"texture":"#0"},"west":{"uv":[2,2.66667,3,3.33333],"texture":"#0"},"up":{"uv":[2,2.66667,1,1.66667],"texture":"#0"},"down":{"uv":[1,1.66667,2,2.66667],"texture":"#0"}}},{"from":[8.5,6,4],"to":[11.5,8,7],"faces":{"north":{"uv":[1,1,2,1.66667],"texture":"#0"},"east":{"uv":[0,1,1,1.66667],"texture":"#0"},"south":{"uv":[3,1,4,1.66667],"texture":"#0"},"west":{"uv":[2,1,3,1.66667],"texture":"#0"},"up":{"uv":[1,1,2,0],"texture":"#0"},"down":{"uv":[1,0,2,1],"texture":"#0"}}},{"from":[2.5,0,3.5],"to":[4.5,3,6.5],"faces":{"north":{"uv":[1.66667,13.66667,1,14.66667],"texture":"#0"},"east":{"uv":[1.66667,13.66667,2.66667,14.66667],"texture":"#0"},"south":{"uv":[3.33333,13.66667,2.66667,14.66667],"texture":"#0"},"west":{"uv":[0,13.66667,1,14.66667],"texture":"#0"},"up":{"uv":[1,12.66667,1.66667,13.66667],"texture":"#0"},"down":{"uv":[1.66667,12.66667,2.33333,13.66667],"texture":"#0"}}},{"from":[11.5,0,3.5],"to":[13.5,3,6.5],"faces":{"north":{"uv":[1.66667,11.66667,1,12.66667],"texture":"#0"},"east":{"uv":[1.66667,11.66667,2.66667,12.66667],"texture":"#0"},"south":{"uv":[3.33333,11.66667,2.66667,12.66667],"texture":"#0"},"west":{"uv":[0,11.66667,1,12.66667],"texture":"#0"},"up":{"uv":[1,10.66667,1.66667,11.66667],"texture":"#0"},"down":{"uv":[1.66667,10.66667,2.33333,11.66667],"texture":"#0"}}},{"from":[10.5,0,9],"to":[13.5,3,13],"faces":{"north":{"uv":[7,9.66667,6,10.66667],"texture":"#0"},"east":{"uv":[7,9.66667,8.33333,10.66667],"texture":"#0"},"south":{"uv":[9.33333,9.66667,8.33333,10.66667],"texture":"#0"},"west":{"uv":[4.66667,9.66667,6,10.66667],"texture":"#0"},"up":{"uv":[6,8.33333,7,9.66667],"texture":"#0"},"down":{"uv":[7,8.33333,8,9.66667],"texture":"#0"}}},{"from":[6,4.25,5],"to":[10,4.25,12],"faces":{"north":{"uv":[0,0,1.33333,0.33333],"texture":"#0"},"east":{"uv":[0,0,2.33333,0.33333],"texture":"#0"},"south":{"uv":[0,0,1.33333,0.33333],"texture":"#0"},"west":{"uv":[0,0,2.33333,0.33333],"texture":"#0"},"up":{"uv":[8,4.33333,9.33333,6.66667],"texture":"#0"},"down":{"uv":[8,6.66667,9.33333,4.33333],"texture":"#0"}}},{"from":[0.5,0,8],"to":[4.5,0,12],"faces":{"north":{"uv":[0,0,1.33333,0],"texture":"#0"},"east":{"uv":[0,0,1.33333,0],"texture":"#0"},"south":{"uv":[0,0,1.33333,0],"texture":"#0"},"west":{"uv":[0,0,1.33333,0],"texture":"#0"},"up":{"uv":[5.33333,13,4,11.66667],"texture":"#0"},"down":{"uv":[5.33333,11.66667,4,13],"texture":"#0"}}},{"from":[11.5,0,8],"to":[15.5,0,12],"faces":{"north":{"uv":[0,0,1.33333,0],"texture":"#0"},"east":{"uv":[0,0,1.33333,0],"texture":"#0"},"south":{"uv":[0,0,1.33333,0],"texture":"#0"},"west":{"uv":[0,0,1.33333,0],"texture":"#0"},"up":{"uv":[10.66667,13,9.33333,11.66667],"texture":"#0"},"down":{"uv":[10.66667,11.66667,9.33333,13],"texture":"#0"}}},{"from":[9.5,0,1.5],"to":[13.5,0,5.5],"faces":{"north":{"uv":[0,0,1.33333,0],"texture":"#0"},"east":{"uv":[0,0,1.33333,0],"texture":"#0"},"south":{"uv":[0,0,1.33333,0],"texture":"#0"},"west":{"uv":[0,0,1.33333,0],"texture":"#0"},"up":{"uv":[9,15.33333,10.33333,14],"texture":"#0"},"down":{"uv":[9,14,10.33333,15.33333],"texture":"#0"}}},{"from":[2.5,0,1.5],"to":[6.5,0,5.5],"faces":{"north":{"uv":[0,0,1.33333,0],"texture":"#0"},"east":{"uv":[0,0,1.33333,0],"texture":"#0"},"south":{"uv":[0,0,1.33333,0],"texture":"#0"},"west":{"uv":[0,0,1.33333,0],"texture":"#0"},"up":{"uv":[4.33333,15.33333,5.66667,14],"texture":"#0"},"down":{"uv":[4.33333,14,5.66667,15.33333],"texture":"#0"}}},{"from":[6.5,3,3],"to":[9.5,4,3],"faces":{"north":{"uv":[3.66667,8,4.66667,8.33333],"texture":"#1"},"east":{"uv":[4.33333,8,4.66667,8.33333],"texture":"#1"},"south":{"uv":[3.66667,8,4.66667,8.33333],"texture":"#1"},"west":{"uv":[3.66667,8,4,8.33333],"texture":"#1"},"up":{"uv":[3.66667,8,4.66667,8.33333],"texture":"#1"},"down":{"uv":[3.66667,8,4.66667,8.33333],"texture":"#1"}}},{"from":[2.5,0,9],"to":[5.5,3,13],"faces":{"north":{"uv":[2.33333,9.66667,1.33333,10.66667],"texture":"#1"},"east":{"uv":[3.66667,9.66667,2.33333,10.66667],"texture":"#1"},"south":{"uv":[4.66667,9.66667,3.66667,10.66667],"texture":"#1"},"west":{"uv":[0,9.66667,1.33333,10.66667],"texture":"#1"},"up":{"uv":[1.33333,8.33333,2.33333,9.66667],"texture":"#1"},"down":{"uv":[2.33333,8.33333,3.33333,9.66667],"texture":"#1"}}},{"from":[4.5,1,3],"to":[11.5,4,12],"faces":{"north":{"uv":[4,3.33333,6.33333,4.33333],"texture":"#1"},"east":{"uv":[1,3.33333,4,4.33333],"texture":"#1"},"south":{"uv":[9.33333,3.33333,11.66667,4.33333],"texture":"#1"},"west":{"uv":[6.33333,3.33333,9.33333,4.33333],"texture":"#1"},"up":{"uv":[10.66667,10.33333,13,7.33333],"texture":"#1"},"down":{"uv":[6.33333,0.33333,8.66667,3.33333],"texture":"#1"}}},{"from":[4.5,4,3],"to":[11.5,6,12],"faces":{"north":{"uv":[5.33333,7.33333,3,8],"texture":"#1"},"east":{"uv":[5.33333,7.33333,8.33333,8],"texture":"#1"},"south":{"uv":[8.33333,7.33333,10.66667,8],"texture":"#1"},"west":{"uv":[0,7.33333,3,8],"texture":"#1"},"up":{"uv":[3,7.33333,5.33333,4.33333],"texture":"#1"},"down":{"uv":[10.66667,4.33333,13,7.33333],"texture":"#1"}}},{"from":[4.5,6,4],"to":[7.5,8,7],"faces":{"north":{"uv":[1,2.66667,2,3.33333],"texture":"#1"},"east":{"uv":[0,2.66667,1,3.33333],"texture":"#1"},"south":{"uv":[3,2.66667,4,3.33333],"texture":"#1"},"west":{"uv":[2,2.66667,3,3.33333],"texture":"#1"},"up":{"uv":[2,2.66667,1,1.66667],"texture":"#1"},"down":{"uv":[1,1.66667,2,2.66667],"texture":"#1"}}},{"from":[8.5,6,4],"to":[11.5,8,7],"faces":{"north":{"uv":[1,1,2,1.66667],"texture":"#1"},"east":{"uv":[0,1,1,1.66667],"texture":"#1"},"south":{"uv":[3,1,4,1.66667],"texture":"#1"},"west":{"uv":[2,1,3,1.66667],"texture":"#1"},"up":{"uv":[1,1,2,0],"texture":"#1"},"down":{"uv":[1,0,2,1],"texture":"#1"}}},{"from":[2.5,0,3.5],"to":[4.5,3,6.5],"faces":{"north":{"uv":[1.66667,13.66667,1,14.66667],"texture":"#1"},"east":{"uv":[1.66667,13.66667,2.66667,14.66667],"texture":"#1"},"south":{"uv":[3.33333,13.66667,2.66667,14.66667],"texture":"#1"},"west":{"uv":[0,13.66667,1,14.66667],"texture":"#1"},"up":{"uv":[1,12.66667,1.66667,13.66667],"texture":"#1"},"down":{"uv":[1.66667,12.66667,2.33333,13.66667],"texture":"#1"}}},{"from":[11.5,0,3.5],"to":[13.5,3,6.5],"faces":{"north":{"uv":[1.66667,11.66667,1,12.66667],"texture":"#1"},"east":{"uv":[1.66667,11.66667,2.66667,12.66667],"texture":"#1"},"south":{"uv":[3.33333,11.66667,2.66667,12.66667],"texture":"#1"},"west":{"uv":[0,11.66667,1,12.66667],"texture":"#1"},"up":{"uv":[1,10.66667,1.66667,11.66667],"texture":"#1"},"down":{"uv":[1.66667,10.66667,2.33333,11.66667],"texture":"#1"}}},{"from":[10.5,0,9],"to":[13.5,3,13],"faces":{"north":{"uv":[7,9.66667,6,10.66667],"texture":"#1"},"east":{"uv":[7,9.66667,8.33333,10.66667],"texture":"#1"},"south":{"uv":[9.33333,9.66667,8.33333,10.66667],"texture":"#1"},"west":{"uv":[4.66667,9.66667,6,10.66667],"texture":"#1"},"up":{"uv":[6,8.33333,7,9.66667],"texture":"#1"},"down":{"uv":[7,8.33333,8,9.66667],"texture":"#1"}}},{"from":[6,4.25,5],"to":[10,4.25,12],"faces":{"north":{"uv":[0,0,1.33333,0.33333],"texture":"#1"},"east":{"uv":[0,0,2.33333,0.33333],"texture":"#1"},"south":{"uv":[0,0,1.33333,0.33333],"texture":"#1"},"west":{"uv":[0,0,2.33333,0.33333],"texture":"#1"},"up":{"uv":[8,4.33333,9.33333,6.66667],"texture":"#1"},"down":{"uv":[8,6.66667,9.33333,4.33333],"texture":"#1"}}},{"from":[0.5,0,8],"to":[4.5,0,12],"faces":{"north":{"uv":[0,0,1.33333,0],"texture":"#1"},"east":{"uv":[0,0,1.33333,0],"texture":"#1"},"south":{"uv":[0,0,1.33333,0],"texture":"#1"},"west":{"uv":[0,0,1.33333,0],"texture":"#1"},"up":{"uv":[5.33333,13,4,11.66667],"texture":"#1"},"down":{"uv":[5.33333,11.66667,4,13],"texture":"#1"}}},{"from":[11.5,0,8],"to":[15.5,0,12],"faces":{"north":{"uv":[0,0,1.33333,0],"texture":"#1"},"east":{"uv":[0,0,1.33333,0],"texture":"#1"},"south":{"uv":[0,0,1.33333,0],"texture":"#1"},"west":{"uv":[0,0,1.33333,0],"texture":"#1"},"up":{"uv":[10.66667,13,9.33333,11.66667],"texture":"#1"},"down":{"uv":[10.66667,11.66667,9.33333,13],"texture":"#1"}}},{"from":[9.5,0,1.5],"to":[13.5,0,5.5],"faces":{"north":{"uv":[0,0,1.33333,0],"texture":"#1"},"east":{"uv":[0,0,1.33333,0],"texture":"#1"},"south":{"uv":[0,0,1.33333,0],"texture":"#1"},"west":{"uv":[0,0,1.33333,0],"texture":"#1"},"up":{"uv":[9,15.33333,10.33333,14],"texture":"#1"},"down":{"uv":[9,14,10.33333,15.33333],"texture":"#1"}}},{"from":[2.5,0,1.5],"to":[6.5,0,5.5],"faces":{"north":{"uv":[0,0,1.33333,0],"texture":"#1"},"east":{"uv":[0,0,1.33333,0],"texture":"#1"},"south":{"uv":[0,0,1.33333,0],"texture":"#1"},"west":{"uv":[0,0,1.33333,0],"texture":"#1"},"up":{"uv":[4.33333,15.33333,5.66667,14],"texture":"#1"},"down":{"uv":[4.33333,14,5.66667,15.33333],"texture":"#1"}}},{"from":[3.5,0,2],"to":[12.5,4,6],"faces":{"north":{"uv":[12.33333,1.66667,15.33333,3],"texture":"#1"},"east":{"uv":[14,2,15.33333,3.33333],"texture":"#1"},"south":{"uv":[10.33333,1.66667,13.33333,3],"texture":"#1"},"west":{"uv":[8.66667,2,10,3.33333],"texture":"#1"},"up":{"uv":[8.66667,1.66667,11.66667,3],"texture":"#1"},"down":{"uv":[8.66667,1.66667,11.66667,3],"texture":"#1"}}},{"from":[6.5,3,3],"to":[9.5,4,3],"faces":{"north":{"uv":[3.66667,8,4.66667,8.33333],"texture":"#2"},"east":{"uv":[4.33333,8,4.66667,8.33333],"texture":"#2"},"south":{"uv":[3.66667,8,4.66667,8.33333],"texture":"#2"},"west":{"uv":[3.66667,8,4,8.33333],"texture":"#2"},"up":{"uv":[3.66667,8,4.66667,8.33333],"texture":"#2"},"down":{"uv":[3.66667,8,4.66667,8.33333],"texture":"#2"}}},{"from":[2.5,0,9],"to":[5.5,3,13],"faces":{"north":{"uv":[2.33333,9.66667,1.33333,10.66667],"texture":"#2"},"east":{"uv":[3.66667,9.66667,2.33333,10.66667],"texture":"#2"},"south":{"uv":[4.66667,9.66667,3.66667,10.66667],"texture":"#2"},"west":{"uv":[0,9.66667,1.33333,10.66667],"texture":"#2"},"up":{"uv":[1.33333,8.33333,2.33333,9.66667],"texture":"#2"},"down":{"uv":[2.33333,8.33333,3.33333,9.66667],"texture":"#2"}}},{"from":[4.5,1,3],"to":[11.5,4,12],"faces":{"north":{"uv":[4,3.33333,6.33333,4.33333],"texture":"#2"},"east":{"uv":[1,3.33333,4,4.33333],"texture":"#2"},"south":{"uv":[9.33333,3.33333,11.66667,4.33333],"texture":"#2"},"west":{"uv":[6.33333,3.33333,9.33333,4.33333],"texture":"#2"},"up":{"uv":[10.66667,10.33333,13,7.33333],"texture":"#2"},"down":{"uv":[6.33333,0.33333,8.66667,3.33333],"texture":"#2"}}},{"from":[4.5,4,3],"to":[11.5,6,12],"faces":{"north":{"uv":[5.33333,7.33333,3,8],"texture":"#2"},"east":{"uv":[5.33333,7.33333,8.33333,8],"texture":"#2"},"south":{"uv":[8.33333,7.33333,10.66667,8],"texture":"#2"},"west":{"uv":[0,7.33333,3,8],"texture":"#2"},"up":{"uv":[3,7.33333,5.33333,4.33333],"texture":"#2"},"down":{"uv":[10.66667,4.33333,13,7.33333],"texture":"#2"}}},{"from":[4.5,6,4],"to":[7.5,8,7],"faces":{"north":{"uv":[1,2.66667,2,3.33333],"texture":"#2"},"east":{"uv":[0,2.66667,1,3.33333],"texture":"#2"},"south":{"uv":[3,2.66667,4,3.33333],"texture":"#2"},"west":{"uv":[2,2.66667,3,3.33333],"texture":"#2"},"up":{"uv":[2,2.66667,1,1.66667],"texture":"#2"},"down":{"uv":[1,1.66667,2,2.66667],"texture":"#2"}}},{"from":[8.5,6,4],"to":[11.5,8,7],"faces":{"north":{"uv":[1,1,2,1.66667],"texture":"#2"},"east":{"uv":[0,1,1,1.66667],"texture":"#2"},"south":{"uv":[3,1,4,1.66667],"texture":"#2"},"west":{"uv":[2,1,3,1.66667],"texture":"#2"},"up":{"uv":[1,1,2,0],"texture":"#2"},"down":{"uv":[1,0,2,1],"texture":"#2"}}},{"from":[2.5,0,3.5],"to":[4.5,3,6.5],"faces":{"north":{"uv":[1.66667,13.66667,1,14.66667],"texture":"#2"},"east":{"uv":[1.66667,13.66667,2.66667,14.66667],"texture":"#2"},"south":{"uv":[3.33333,13.66667,2.66667,14.66667],"texture":"#2"},"west":{"uv":[0,13.66667,1,14.66667],"texture":"#2"},"up":{"uv":[1,12.66667,1.66667,13.66667],"texture":"#2"},"down":{"uv":[1.66667,12.66667,2.33333,13.66667],"texture":"#2"}}},{"from":[11.5,0,3.5],"to":[13.5,3,6.5],"faces":{"north":{"uv":[1.66667,11.66667,1,12.66667],"texture":"#2"},"east":{"uv":[1.66667,11.66667,2.66667,12.66667],"texture":"#2"},"south":{"uv":[3.33333,11.66667,2.66667,12.66667],"texture":"#2"},"west":{"uv":[0,11.66667,1,12.66667],"texture":"#2"},"up":{"uv":[1,10.66667,1.66667,11.66667],"texture":"#2"},"down":{"uv":[1.66667,10.66667,2.33333,11.66667],"texture":"#2"}}},{"from":[10.5,0,9],"to":[13.5,3,13],"faces":{"north":{"uv":[7,9.66667,6,10.66667],"texture":"#2"},"east":{"uv":[7,9.66667,8.33333,10.66667],"texture":"#2"},"south":{"uv":[9.33333,9.66667,8.33333,10.66667],"texture":"#2"},"west":{"uv":[4.66667,9.66667,6,10.66667],"texture":"#2"},"up":{"uv":[6,8.33333,7,9.66667],"texture":"#2"},"down":{"uv":[7,8.33333,8,9.66667],"texture":"#2"}}},{"from":[6,4.25,5],"to":[10,4.25,12],"faces":{"north":{"uv":[0,0,1.33333,0.33333],"texture":"#2"},"east":{"uv":[0,0,2.33333,0.33333],"texture":"#2"},"south":{"uv":[0,0,1.33333,0.33333],"texture":"#2"},"west":{"uv":[0,0,2.33333,0.33333],"texture":"#2"},"up":{"uv":[8,4.33333,9.33333,6.66667],"texture":"#2"},"down":{"uv":[8,6.66667,9.33333,4.33333],"texture":"#2"}}},{"from":[0.5,0,8],"to":[4.5,0,12],"faces":{"north":{"uv":[0,0,1.33333,0],"texture":"#2"},"east":{"uv":[0,0,1.33333,0],"texture":"#2"},"south":{"uv":[0,0,1.33333,0],"texture":"#2"},"west":{"uv":[0,0,1.33333,0],"texture":"#2"},"up":{"uv":[5.33333,13,4,11.66667],"texture":"#2"},"down":{"uv":[5.33333,11.66667,4,13],"texture":"#2"}}},{"from":[11.5,0,8],"to":[15.5,0,12],"faces":{"north":{"uv":[0,0,1.33333,0],"texture":"#2"},"east":{"uv":[0,0,1.33333,0],"texture":"#2"},"south":{"uv":[0,0,1.33333,0],"texture":"#2"},"west":{"uv":[0,0,1.33333,0],"texture":"#2"},"up":{"uv":[10.66667,13,9.33333,11.66667],"texture":"#2"},"down":{"uv":[10.66667,11.66667,9.33333,13],"texture":"#2"}}},{"from":[9.5,0,1.5],"to":[13.5,0,5.5],"faces":{"north":{"uv":[0,0,1.33333,0],"texture":"#2"},"east":{"uv":[0,0,1.33333,0],"texture":"#2"},"south":{"uv":[0,0,1.33333,0],"texture":"#2"},"west":{"uv":[0,0,1.33333,0],"texture":"#2"},"up":{"uv":[9,15.33333,10.33333,14],"texture":"#2"},"down":{"uv":[9,14,10.33333,15.33333],"texture":"#2"}}},{"from":[2.5,0,1.5],"to":[6.5,0,5.5],"faces":{"north":{"uv":[0,0,1.33333,0],"texture":"#2"},"east":{"uv":[0,0,1.33333,0],"texture":"#2"},"south":{"uv":[0,0,1.33333,0],"texture":"#2"},"west":{"uv":[0,0,1.33333,0],"texture":"#2"},"up":{"uv":[4.33333,15.33333,5.66667,14],"texture":"#2"},"down":{"uv":[4.33333,14,5.66667,15.33333],"texture":"#2"}}},{"from":[0,-0.01,0],"to":[16,-0.01,16],"faces":{"north":{"uv":[0,0,5.33333,0],"texture":"#3"},"east":{"uv":[0,0,5.33333,0],"texture":"#3"},"south":{"uv":[0,0,5.33333,0],"texture":"#3"},"west":{"uv":[0,0,5.33333,0],"texture":"#3"},"up":{"uv":[0,0,16,16],"texture":"#3"},"down":{"uv":[0,16,16,0],"texture":"#3"}}},{"from":[0,-16,0],"to":[16,0,0],"faces":{"north":{"uv":[0,0,16,16],"texture":"#4"},"east":{"uv":[0,0,0,5.33333],"texture":"#4"},"south":{"uv":[16,0,0,16],"texture":"#4"},"west":{"uv":[0,0,0,5.33333],"texture":"#4"},"up":{"uv":[0,0,5.33333,0],"texture":"#4"},"down":{"uv":[0,0,5.33333,0],"texture":"#4"}}}],"display":{"thirdperson_righthand":{"rotation":[75,45,0],"translation":[0,1.5,0],"scale":[0.375,0.375,0.375]},"thirdperson_lefthand":{"rotation":[75,45,0],"translation":[0,1.5,0],"scale":[0.375,0.375,0.375]},"firstperson_righthand":{"rotation":[0,45,0],"translation":[0,1.5,0],"scale":[0.4,0.4,0.4]},"firstperson_lefthand":{"rotation":[0,45,0],"translation":[0,1.5,0],"scale":[0.4,0.4,0.4]},"ground":{"translation":[0,3,0],"scale":[0.25,0.25,0.25]},"gui":{"rotation":[30,225,0],"translation":[0,3.75,0],"scale":[0.65,0.65,0.65]},"head":{"translation":[0,18,0],"scale":[1.3,1.3,1.3]},"fixed":{"scale":[0.5,0.5,0.5]}},"groups":[{"name":"group","origin":[0,0,0],"color":0,"children":[0,1,2,3,4,5,6,7,8,9,10,11,12,13]},{"name":"group","origin":[0,0,0],"color":0,"children":[14,15,16,17,18,19,20,21,22,23,24,25,26,27,28]},{"name":"group","origin":[0,0,0],"color":0,"children":[29,30,31,32,33,34,35,36,37,38,39,40,41,42]},43,44]}