{"credit":"By KeepMeow","texture_size":[64,64],"textures":{"0":"entity/goat/goat"},"elements":[{"from":[8.5,0,6],"to":[10,5,7.5],"rotation":{"angle":0,"axis":"y","origin":[0,0,4]},"faces":{"north":{"uv":[13,1.25,13.75,3.75],"texture":"#0"},"east":{"uv":[12.25,1.25,13,3.75],"texture":"#0"},"south":{"uv":[14.5,1.25,15.25,3.75],"texture":"#0"},"west":{"uv":[13.75,1.25,14.5,3.75],"texture":"#0"},"up":{"uv":[13.75,1.25,13,0.5],"texture":"#0"},"down":{"uv":[14.5,0.5,13.75,1.25],"texture":"#0"}}},{"from":[6,0,6],"to":[7.5,5,7.5],"rotation":{"angle":0,"axis":"y","origin":[0,0,4]},"faces":{"north":{"uv":[9.5,1.25,10.25,3.75],"texture":"#0"},"east":{"uv":[8.75,1.25,9.5,3.75],"texture":"#0"},"south":{"uv":[11,1.25,11.75,3.75],"texture":"#0"},"west":{"uv":[10.25,1.25,11,3.75],"texture":"#0"},"up":{"uv":[10.25,1.25,9.5,0.5],"texture":"#0"},"down":{"uv":[11,0.5,10.25,1.25],"texture":"#0"}}},{"from":[6,0,11],"to":[7.5,3,12.5],"rotation":{"angle":0,"axis":"y","origin":[0,0,4]},"faces":{"north":{"uv":[9.75,8,10.5,9.5],"texture":"#0"},"east":{"uv":[9,8,9.75,9.5],"texture":"#0"},"south":{"uv":[11.25,8,12,9.5],"texture":"#0"},"west":{"uv":[10.5,8,11.25,9.5],"texture":"#0"},"up":{"uv":[10.5,8,9.75,7.25],"texture":"#0"},"down":{"uv":[11.25,7.25,10.5,8],"texture":"#0"}}},{"from":[8.5,0,11],"to":[10,3,12.5],"rotation":{"angle":0,"axis":"y","origin":[0,0,4]},"faces":{"north":{"uv":[13,8,13.75,9.5],"texture":"#0"},"east":{"uv":[12.25,8,13,9.5],"texture":"#0"},"south":{"uv":[14.5,8,15.25,9.5],"texture":"#0"},"west":{"uv":[13.75,8,14.5,9.5],"texture":"#0"},"up":{"uv":[13.75,8,13,7.25],"texture":"#0"},"down":{"uv":[14.5,7.25,13.75,8],"texture":"#0"}}},{"from":[5.25,2,5],"to":[10.75,9,10.5],"rotation":{"angle":0,"axis":"y","origin":[0,0,4]},"faces":{"north":{"uv":[2.75,9.75,5.5,13.25],"texture":"#0"},"east":{"uv":[0,9.75,2.75,13.25],"texture":"#0"},"south":{"uv":[8.25,9.75,11,13.25],"texture":"#0"},"west":{"uv":[5.5,9.75,8.25,13.25],"texture":"#0"},"up":{"uv":[5.5,9.75,2.75,7],"texture":"#0"},"down":{"uv":[8.25,7,5.5,9.75],"texture":"#0"}}},{"from":[5.75,3,5.5],"to":[10.25,8.5,13.5],"rotation":{"angle":0,"axis":"y","origin":[0,0,4]},"faces":{"north":{"uv":[4.25,4.25,6.5,7],"texture":"#0"},"east":{"uv":[0.25,4.25,4.25,7],"texture":"#0"},"south":{"uv":[10.5,4.25,12.75,7],"texture":"#0"},"west":{"uv":[6.5,4.25,10.5,7],"texture":"#0"},"up":{"uv":[6.5,4.25,4.25,0.25],"texture":"#0"},"down":{"uv":[8.75,0.25,6.5,4.25],"texture":"#0"}}},{"from":[8.24,10.25,4.5],"to":[9.24,13.75,5.5],"rotation":{"angle":0,"axis":"y","origin":[0,-2.25,9.5]},"faces":{"north":{"uv":[3.5,14.25,4,16],"texture":"#0"},"east":{"uv":[3,14.25,3.5,16],"texture":"#0"},"south":{"uv":[4.5,14.25,5,16],"texture":"#0"},"west":{"uv":[4,14.25,4.5,16],"texture":"#0"},"up":{"uv":[4,14.25,3.5,13.75],"texture":"#0"},"down":{"uv":[4.5,13.75,4,14.25],"texture":"#0"}}},{"from":[6.76,10.25,4.5],"to":[7.76,13.75,5.5],"rotation":{"angle":0,"axis":"y","origin":[0,-2.25,9.5]},"faces":{"north":{"uv":[3.5,14.25,4,16],"texture":"#0"},"east":{"uv":[3,14.25,3.5,16],"texture":"#0"},"south":{"uv":[4.5,14.25,5,16],"texture":"#0"},"west":{"uv":[4,14.25,4.5,16],"texture":"#0"},"up":{"uv":[4,14.25,3.5,13.75],"texture":"#0"},"down":{"uv":[4.5,13.75,4,14.25],"texture":"#0"}}},{"from":[6.75,7.55,10.5],"to":[9.25,11.05,15.5],"rotation":{"angle":-45,"axis":"x","origin":[0,-2.25,9.5]},"faces":{"north":{"uv":[11,14,12.25,15.75],"texture":"#0"},"east":{"uv":[8.5,14,11,15.75],"texture":"#0"},"south":{"uv":[14.75,14,16,15.75],"texture":"#0"},"west":{"uv":[12.25,14,14.75,15.75],"texture":"#0"},"up":{"uv":[12.25,14,11,11.5],"texture":"#0"},"down":{"uv":[13.5,11.5,12.25,14],"texture":"#0"}}},{"from":[8,3.75,1.75],"to":[8,7.25,4.25],"rotation":{"angle":0,"axis":"y","origin":[0,-2.25,9.5]},"faces":{"north":{"uv":[7,14.25,7,16],"texture":"#0"},"east":{"uv":[5.75,14.25,7,16],"texture":"#0"},"south":{"uv":[8.25,14.25,8.25,16],"texture":"#0"},"west":{"uv":[7,14.25,8.25,16],"texture":"#0"},"up":{"uv":[7,14.25,7,13],"texture":"#0"},"down":{"uv":[7,13,7,14.25],"texture":"#0"}}},{"from":[5.25,10,4.25],"to":[6.75,11,4.75],"shade":false,"rotation":{"angle":0,"axis":"y","origin":[0,-2.25,9.5]},"faces":{"north":{"uv":[1.5,15.5,0.75,16],"texture":"#0"},"east":{"uv":[1.75,15.5,1.5,16],"texture":"#0"},"south":{"uv":[2.5,15.5,1.75,16],"texture":"#0"},"west":{"uv":[0.75,15.5,0.5,16],"texture":"#0"},"up":{"uv":[0.75,15.5,1.5,15.25],"texture":"#0"},"down":{"uv":[1.5,15.25,2.25,15.5],"texture":"#0"}}},{"from":[9.25,10,4.25],"to":[10.75,11,4.75],"shade":false,"rotation":{"angle":0,"axis":"y","origin":[0,-2.25,9.5]},"faces":{"north":{"uv":[0.75,15.5,1.5,16],"texture":"#0"},"east":{"uv":[0.75,15.5,0.5,16],"texture":"#0"},"south":{"uv":[1.75,15.5,2.5,16],"texture":"#0"},"west":{"uv":[1.75,15.5,1.5,16],"texture":"#0"},"up":{"uv":[1.5,15.5,0.75,15.25],"texture":"#0"},"down":{"uv":[2.25,15.25,1.5,15.5],"texture":"#0"}}}],"display":{"thirdperson_righthand":{"rotation":[75,45,0],"translation":[0,1.5,0],"scale":[0.375,0.375,0.375]},"thirdperson_lefthand":{"rotation":[75,45,0],"translation":[0,1.5,0],"scale":[0.375,0.375,0.375]},"firstperson_righthand":{"rotation":[0,45,0],"translation":[0,1,0],"scale":[0.4,0.4,0.4]},"firstperson_lefthand":{"rotation":[0,45,0],"translation":[0,1,0],"scale":[0.4,0.4,0.4]},"ground":{"translation":[0,3,0],"scale":[0.25,0.25,0.25]},"gui":{"rotation":[30,225,0],"translation":[0,1.5,0],"scale":[0.825,0.825,0.825]},"head":{"rotation":[0,-15,0],"translation":[0,19.25,-2],"scale":[1.5,1.5,1.5]},"fixed":{"scale":[0.5,0.5,0.5]}}}