{"credit":"By KeepMeow","texture_size":[32,32],"textures":{"0":"pets/static/guzzler_pet","1":"block/deepslate_diamond_ore","2":"block/deepslate_emerald_ore","3":"block/ancient_debris_side","4":"block/ancient_debris_top","5":"block/sculk"},"elements":[{"from":[3.5,13.5,-6.25],"to":[12.5,14.5,3.75],"rotation":{"angle":22.5,"axis":"x","origin":[0,0,0]},"faces":{"north":{"uv":[11,0,11,0],"texture":"#0"},"east":{"uv":[11,0,11,0],"texture":"#0"},"south":{"uv":[11.5,0,16,0.5],"texture":"#0"},"west":{"uv":[11,0,11,0],"texture":"#0"},"up":{"uv":[4.5,4,0,9],"texture":"#0"},"down":{"uv":[4.5,9,9,4],"texture":"#0"}}},{"from":[3.5,11.5,-6.25],"to":[3.5,14.5,3.75],"rotation":{"angle":22.5,"axis":"x","origin":[0,0,0]},"faces":{"north":{"uv":[0,0,0,2.5],"texture":"#0"},"east":{"uv":[16,3,11,4.5],"texture":"#0"},"south":{"uv":[0,0,0,2.5],"texture":"#0"},"west":{"uv":[4.5,0,9.5,1.5],"texture":"#0"},"up":{"uv":[0,0,0,5],"texture":"#0"},"down":{"uv":[0,0,0,5],"texture":"#0"}}},{"from":[3.5,11.5,-6.25],"to":[12.5,14.5,-6.25],"rotation":{"angle":22.5,"axis":"x","origin":[0,0,0]},"faces":{"north":{"uv":[0,0,4.5,1.5],"texture":"#0"},"east":{"uv":[0,0,0,1.5],"texture":"#0"},"south":{"uv":[0,0,4.5,1.5],"texture":"#0"},"west":{"uv":[0,0,0,1.5],"texture":"#0"},"up":{"uv":[0,0,4.5,0],"texture":"#0"},"down":{"uv":[0,0,4.5,0],"texture":"#0"}}},{"from":[12.5,11.5,-6.25],"to":[12.5,14.5,3.75],"rotation":{"angle":22.5,"axis":"x","origin":[0,0,0]},"faces":{"north":{"uv":[0,0,0,2.5],"texture":"#0"},"east":{"uv":[9.5,0,4.5,1.5],"texture":"#0"},"south":{"uv":[0,0,0,2.5],"texture":"#0"},"west":{"uv":[11,3,16,4.5],"texture":"#0"},"up":{"uv":[0,0,0,5],"texture":"#0"},"down":{"uv":[0,0,0,5],"texture":"#0"}}},{"from":[3.5,6,-1],"to":[12.5,11,-1],"faces":{"north":{"uv":[0,1.5,4.5,4],"texture":"#0"},"east":{"uv":[0,0,0,1.5],"texture":"#0"},"south":{"uv":[0,1.5,4.5,4],"texture":"#0"},"west":{"uv":[0,0,0,1.5],"texture":"#0"},"up":{"uv":[0,0,4.5,0],"texture":"#0"},"down":{"uv":[0,0,4.5,0],"texture":"#0"}}},{"from":[3.5,6,9],"to":[12.5,12,9],"faces":{"north":{"uv":[4.5,9,9,6],"texture":"#0"},"east":{"uv":[0,0,0,1.5],"texture":"#0"},"south":{"uv":[16,3,11.5,0],"texture":"#0"},"west":{"uv":[0,0,0,1.5],"texture":"#0"},"up":{"uv":[0,0,4.5,0],"texture":"#0"},"down":{"uv":[0,0,4.5,0],"texture":"#0"}}},{"from":[3.5,6,-1],"to":[3.5,11,9],"faces":{"north":{"uv":[0,0,0,2.5],"texture":"#0"},"east":{"uv":[9.5,1.5,4.5,4],"texture":"#0"},"south":{"uv":[0,0,0,2.5],"texture":"#0"},"west":{"uv":[4.5,1.5,9.5,4],"texture":"#0"},"up":{"uv":[0,0,0,5],"texture":"#0"},"down":{"uv":[0,0,0,5],"texture":"#0"}}},{"from":[12.5,6,-1],"to":[12.5,11,9],"faces":{"north":{"uv":[0,0,0,2.5],"texture":"#0"},"east":{"uv":[9.5,1.5,4.5,4],"texture":"#0"},"south":{"uv":[0,0,0,2.5],"texture":"#0"},"west":{"uv":[4.5,1.5,9.5,4],"texture":"#0"},"up":{"uv":[0,0,0,5],"texture":"#0"},"down":{"uv":[0,0,0,5],"texture":"#0"}}},{"from":[3.5,6,-1],"to":[12.5,8,9],"faces":{"north":{"uv":[11,0,11,0],"texture":"#0"},"east":{"uv":[11,0,11,0],"texture":"#0"},"south":{"uv":[11,0,11,0],"texture":"#0"},"west":{"uv":[11,0,11,0],"texture":"#0"},"up":{"uv":[9,4,4.5,9],"texture":"#0"},"down":{"uv":[0,9,4.5,4],"texture":"#0"}}},{"from":[4.5,2,3],"to":[11.5,6,9],"faces":{"north":{"uv":[9.5,7.5,13,9.5],"texture":"#0"},"east":{"uv":[13,7.5,16,9.5],"texture":"#0"},"south":{"uv":[9.5,7.5,13,9.5],"texture":"#0"},"west":{"uv":[13,7.5,16,9.5],"texture":"#0"},"up":{"uv":[12.5,4.5,16,7.5],"texture":"#0"},"down":{"uv":[12.5,4.5,16,7.5],"texture":"#0"}}},{"from":[4.75,0,3.25],"to":[6.75,3,5.25],"faces":{"north":{"uv":[15,9.5,16,11],"texture":"#0"},"east":{"uv":[15,9.5,14,11],"texture":"#0"},"south":{"uv":[13,9.5,14,11],"texture":"#0"},"west":{"uv":[14,9.5,15,11],"texture":"#0"},"up":{"uv":[14,11,15,12],"texture":"#0"},"down":{"uv":[15,11,16,12],"texture":"#0"}}},{"from":[9.25,0,3.25],"to":[11.25,3,5.25],"faces":{"north":{"uv":[15,9.5,16,11],"texture":"#0"},"east":{"uv":[15,9.5,14,11],"texture":"#0"},"south":{"uv":[13,9.5,14,11],"texture":"#0"},"west":{"uv":[14,9.5,15,11],"texture":"#0"},"up":{"uv":[14,11,15,12],"texture":"#0"},"down":{"uv":[15,11,16,12],"texture":"#0"}}},{"from":[10,0,7.5],"to":[12,3,9.5],"faces":{"north":{"uv":[15,9.5,16,11],"texture":"#0"},"east":{"uv":[15,9.5,14,11],"texture":"#0"},"south":{"uv":[13,9.5,14,11],"texture":"#0"},"west":{"uv":[14,9.5,15,11],"texture":"#0"},"up":{"uv":[14,11,15,12],"texture":"#0"},"down":{"uv":[15,11,16,12],"texture":"#0"}}},{"from":[4,0,7.5],"to":[6,3,9.5],"faces":{"north":{"uv":[15,9.5,16,11],"texture":"#0"},"east":{"uv":[15,9.5,14,11],"texture":"#0"},"south":{"uv":[13,9.5,14,11],"texture":"#0"},"west":{"uv":[14,9.5,15,11],"texture":"#0"},"up":{"uv":[14,11,15,12],"texture":"#0"},"down":{"uv":[15,11,16,12],"texture":"#0"}}},{"from":[5.5,8,3],"to":[7.5,10,5],"faces":{"north":{"uv":[0,0,16,16],"texture":"#1"},"east":{"uv":[0,0,16,16],"texture":"#1"},"south":{"uv":[0,0,16,16],"texture":"#1"},"west":{"uv":[0,0,16,16],"texture":"#1"},"up":{"uv":[0,0,16,16],"texture":"#1"},"down":{"uv":[0,0,16,16],"texture":"#1"}}},{"from":[8,8,1],"to":[10,10,3],"faces":{"north":{"uv":[0,0,16,16],"texture":"#5"},"east":{"uv":[0,0,16,16],"texture":"#5"},"south":{"uv":[0,0,16,16],"texture":"#5"},"west":{"uv":[0,0,16,16],"texture":"#5"},"up":{"uv":[0,0,16,16],"texture":"#5"},"down":{"uv":[0,0,16,16],"texture":"#5"}}},{"from":[8,8,3.75],"to":[10,10,5.75],"faces":{"north":{"uv":[0,0,16,16],"texture":"#2"},"east":{"uv":[0,0,16,16],"texture":"#2"},"south":{"uv":[0,0,16,16],"texture":"#2"},"west":{"uv":[0,0,16,16],"texture":"#2"},"up":{"uv":[0,0,16,16],"texture":"#2"},"down":{"uv":[0,0,16,16],"texture":"#2"}}},{"from":[6.75,10,2],"to":[8.75,12,4],"faces":{"north":{"uv":[0,0,16,16],"texture":"#3"},"east":{"uv":[0,0,16,16],"texture":"#3"},"south":{"uv":[0,0,16,16],"texture":"#3"},"west":{"uv":[0,0,16,16],"texture":"#3"},"up":{"uv":[0,0,16,16],"texture":"#4"},"down":{"uv":[0,0,16,16],"texture":"#4"}}}],"display":{"thirdperson_righthand":{"rotation":[75,45,0],"translation":[0,1,0],"scale":[0.375,0.375,0.375]},"thirdperson_lefthand":{"rotation":[75,45,0],"translation":[0,1,0],"scale":[0.375,0.375,0.375]},"firstperson_righthand":{"rotation":[0,45,0],"scale":[0.4,0.4,0.4]},"firstperson_lefthand":{"rotation":[0,45,0],"scale":[0.4,0.4,0.4]},"ground":{"translation":[0,3,0],"scale":[0.25,0.25,0.25]},"gui":{"rotation":[30,225,0],"scale":[0.625,0.625,0.625]},"head":{"translation":[0,19.25,2],"scale":[1.5,1.5,1.5]},"fixed":{"scale":[0.5,0.5,0.5]}},"groups":[{"name":"group","origin":[0,0,0],"color":0,"children":[0,1,2,3]},4,5,6,7,8,9,10,11,12,13,14,15,16,17]}