{"credit":"By KeepMeow","texture_size":[32,32],"textures":{"0":"pets/static/hedgehog_pet"},"elements":[{"from":[5.5,1.5,5],"to":[10.5,6.5,13],"rotation":{"angle":0,"axis":"y","origin":[-0.5,-0.5,0]},"faces":{"north":{"uv":[0,5,2.5,7.5],"texture":"#0"},"east":{"uv":[0,0,4,2.5],"texture":"#0"},"south":{"uv":[6.5,0,9,2.5],"texture":"#0"},"west":{"uv":[0,2.5,4,5],"texture":"#0"},"up":{"uv":[6.5,4,4,0],"texture":"#0"},"down":{"uv":[6.5,4,4,8],"texture":"#0"}}},{"from":[5.25,1.25,4.75],"to":[10.75,6.75,13.25],"rotation":{"angle":0,"axis":"y","origin":[-0.5,-0.5,0]},"faces":{"north":{"uv":[0,7.5,2.5,10],"texture":"#0"},"east":{"uv":[12,0,16,2.5],"texture":"#0"},"south":{"uv":[9.5,4,12,6.5],"texture":"#0"},"west":{"uv":[12,2.5,16,5],"texture":"#0"},"up":{"uv":[12,4,9.5,0],"texture":"#0"},"down":{"uv":[2.5,10,0,14],"texture":"#0"}}},{"from":[5.5,3.75,4.25],"to":[6.5,5.75,4.25],"rotation":{"angle":45,"axis":"x","origin":[0,1.5,0]},"faces":{"north":{"uv":[6.5,3.5,7,4.5],"texture":"#0"},"east":{"uv":[0,0,0,1],"texture":"#0"},"south":{"uv":[6.5,3.5,7,4.5],"texture":"#0"},"west":{"uv":[0,0,0,1],"texture":"#0"},"up":{"uv":[0.5,0,0,0],"texture":"#0"},"down":{"uv":[0.5,0,0,0],"texture":"#0"}}},{"from":[9.5,3.75,4.25],"to":[10.5,5.75,4.25],"rotation":{"angle":45,"axis":"x","origin":[0,1.5,0]},"faces":{"north":{"uv":[6.5,3.5,7,4.5],"texture":"#0"},"east":{"uv":[0,0,0,1],"texture":"#0"},"south":{"uv":[6.5,3.5,7,4.5],"texture":"#0"},"west":{"uv":[0,0,0,1],"texture":"#0"},"up":{"uv":[0.5,0,0,0],"texture":"#0"},"down":{"uv":[0.5,0,0,0],"texture":"#0"}}},{"from":[5.5,8.25,8.75],"to":[6.5,10.25,8.75],"rotation":{"angle":45,"axis":"x","origin":[0,1.5,0]},"faces":{"north":{"uv":[6.5,3.5,7,4.5],"texture":"#0"},"east":{"uv":[0,0,0,1],"texture":"#0"},"south":{"uv":[6.5,3.5,7,4.5],"texture":"#0"},"west":{"uv":[0,0,0,1],"texture":"#0"},"up":{"uv":[0,0,0.5,0],"texture":"#0"},"down":{"uv":[0,0,0.5,0],"texture":"#0"}}},{"from":[9.5,8.25,8.75],"to":[10.5,10.25,8.75],"rotation":{"angle":45,"axis":"x","origin":[0,1.5,0]},"faces":{"north":{"uv":[6.5,3.5,7,4.5],"texture":"#0"},"east":{"uv":[0,0,0,1],"texture":"#0"},"south":{"uv":[6.5,3.5,7,4.5],"texture":"#0"},"west":{"uv":[0,0,0,1],"texture":"#0"},"up":{"uv":[0,0,0.5,0],"texture":"#0"},"down":{"uv":[0,0,0.5,0],"texture":"#0"}}},{"from":[6.5,1.5,4],"to":[9.5,2.5,5],"rotation":{"angle":0,"axis":"y","origin":[-0.5,0,0]},"faces":{"north":{"uv":[2.5,5,4,5.5],"texture":"#0"},"east":{"uv":[6.5,5.5,7,6],"texture":"#0"},"south":{"uv":[2.5,5.5,4,6],"texture":"#0"},"west":{"uv":[6.5,6,7,6.5],"texture":"#0"},"up":{"uv":[4,6.5,2.5,6],"texture":"#0"},"down":{"uv":[4,6.5,2.5,7],"texture":"#0"}}},{"from":[4,5,6],"to":[6,6,6],"rotation":{"angle":0,"axis":"y","origin":[-0.5,0,0]},"faces":{"north":{"uv":[7.5,2.5,6.5,3],"texture":"#0"},"east":{"uv":[0,0,0,0.5],"texture":"#0"},"south":{"uv":[6.5,2.5,7.5,3],"texture":"#0"},"west":{"uv":[0,0,0,0.5],"texture":"#0"},"up":{"uv":[1,0,0,0],"texture":"#0"},"down":{"uv":[1,0,0,0],"texture":"#0"}}},{"from":[10,5,6],"to":[12,6,6],"rotation":{"angle":0,"axis":"y","origin":[-0.5,0,0]},"faces":{"north":{"uv":[6.5,2.5,7.5,3],"texture":"#0"},"east":{"uv":[0,0,0,0.5],"texture":"#0"},"south":{"uv":[7.5,2.5,6.5,3],"texture":"#0"},"west":{"uv":[0,0,0,0.5],"texture":"#0"},"up":{"uv":[1,0,0,0],"texture":"#0"},"down":{"uv":[1,0,0,0],"texture":"#0"}}}],"display":{"thirdperson_righthand":{"rotation":[75,45,0],"translation":[0,2,1.5],"scale":[0.375,0.375,0.375]},"thirdperson_lefthand":{"rotation":[75,45,0],"translation":[0,2,1.5],"scale":[0.375,0.375,0.375]},"firstperson_righthand":{"rotation":[0,45,0],"translation":[0,2,0],"scale":[0.4,0.4,0.4]},"firstperson_lefthand":{"rotation":[0,45,0],"translation":[0,2,0],"scale":[0.4,0.4,0.4]},"ground":{"translation":[0,3,0],"scale":[0.25,0.25,0.25]},"gui":{"rotation":[30,225,0],"translation":[0.25,2.75,0],"scale":[0.8,0.8,0.8]},"head":{"translation":[0,21,-1.5],"scale":[1.9,1.9,1.9]},"fixed":{"scale":[0.5,0.5,0.5]}}}