{"credit":"By KeepMeow","texture_size":[128,128],"textures":{"0":"pets/animation/hoglin_anim1_pet","1":"pets/animation/hoglin_anim2_pet","2":"pets/animation/hoglin_anim3_pet","3":"pets/animation/hoglin_anim4_pet","4":"pets/animation/hoglin_anim5_pet","5":"pets/animation/hoglin_anim6_pet","6":"pets/animation/hoglin_anim7_pet","7":"pets/other/healing_anim"},"elements":[{"from":[9,0,11.25],"to":[11.5,5.5,13.75],"rotation":{"angle":0,"axis":"y","origin":[3.5,0,-4]},"faces":{"north":{"uv":[0.625,6.25,1.25,7.625],"texture":"#0"},"east":{"uv":[0,6.25,0.625,7.625],"texture":"#0"},"south":{"uv":[1.875,6.25,2.5,7.625],"texture":"#0"},"west":{"uv":[1.25,6.25,1.875,7.625],"texture":"#0"},"up":{"uv":[1.25,6.25,0.625,5.625],"texture":"#0"},"down":{"uv":[1.875,5.625,1.25,6.25],"texture":"#0"}}},{"from":[2,3,0],"to":[14,8,17],"rotation":{"angle":-45,"axis":"x","origin":[-0.5,-5,-3]},"faces":{"north":{"uv":[10,2.5,11.75,3.25],"texture":"#0"},"east":{"uv":[7.625,2.5,10,3.25],"texture":"#0"},"south":{"uv":[14.125,2.5,15.875,3.25],"texture":"#0"},"west":{"uv":[11.75,2.5,14.125,3.25],"texture":"#0"},"up":{"uv":[11.75,2.5,10,0.125],"texture":"#0"},"down":{"uv":[13.5,0.125,11.75,2.5],"texture":"#0"}}},{"from":[1,3.75,5.5],"to":[2.75,14.75,7.25],"rotation":{"angle":-45,"axis":"x","origin":[-0.5,-5,-3]},"faces":{"north":{"uv":[1.5,1.875,1.75,3.25],"texture":"#0"},"east":{"uv":[1.25,1.875,1.5,3.25],"texture":"#0"},"south":{"uv":[2,1.875,2.25,3.25],"texture":"#0"},"west":{"uv":[1.75,1.875,2,3.25],"texture":"#0"},"up":{"uv":[1.75,1.875,1.5,1.625],"texture":"#0"},"down":{"uv":[2,1.625,1.75,1.875],"texture":"#0"}}},{"from":[13,3.75,5.5],"to":[14.75,14.75,7.25],"rotation":{"angle":-45,"axis":"x","origin":[-0.5,-5,-3]},"faces":{"north":{"uv":[0.375,1.875,0.625,3.25],"texture":"#0"},"east":{"uv":[0.125,1.875,0.375,3.25],"texture":"#0"},"south":{"uv":[0.875,1.875,1.125,3.25],"texture":"#0"},"west":{"uv":[0.625,1.875,0.875,3.25],"texture":"#0"},"up":{"uv":[0.625,1.875,0.375,1.625],"texture":"#0"},"down":{"uv":[0.875,1.625,0.625,1.875],"texture":"#0"}}},{"from":[10.5,8,-0.25],"to":[16.5,9,3.75],"rotation":{"angle":45,"axis":"z","origin":[-0.5,-5,-3]},"faces":{"north":{"uv":[0.625,1.25,1.375,1.375],"texture":"#0"},"east":{"uv":[0.125,1.25,0.625,1.375],"texture":"#0"},"south":{"uv":[1.875,1.25,2.625,1.375],"texture":"#0"},"west":{"uv":[1.375,1.25,1.875,1.375],"texture":"#0"},"up":{"uv":[1.375,1.25,0.625,0.75],"texture":"#0"},"down":{"uv":[2.125,0.75,1.375,1.25],"texture":"#0"}}},{"from":[-5.5,20,-0.25],"to":[0.5,21,3.75],"rotation":{"angle":-45,"axis":"z","origin":[-0.5,-5,-3]},"faces":{"north":{"uv":[0.625,0.625,1.375,0.75],"texture":"#0"},"east":{"uv":[0.125,0.625,0.625,0.75],"texture":"#0"},"south":{"uv":[1.875,0.625,2.625,0.75],"texture":"#0"},"west":{"uv":[1.375,0.625,1.875,0.75],"texture":"#0"},"up":{"uv":[1.375,0.625,0.625,0.125],"texture":"#0"},"down":{"uv":[2.125,0.125,1.375,0.625],"texture":"#0"}}},{"from":[4.5,0,2],"to":[7.5,7,5],"rotation":{"angle":0,"axis":"y","origin":[3.5,0,-4]},"faces":{"north":{"uv":[9,6,9.75,7.75],"texture":"#0"},"east":{"uv":[8.25,6,9,7.75],"texture":"#0"},"south":{"uv":[10.5,6,11.25,7.75],"texture":"#0"},"west":{"uv":[9.75,6,10.5,7.75],"texture":"#0"},"up":{"uv":[9.75,6,9,5.25],"texture":"#0"},"down":{"uv":[10.5,5.25,9.75,6],"texture":"#0"}}},{"from":[8.5,0,2],"to":[11.5,7,5],"rotation":{"angle":0,"axis":"y","origin":[3.5,0,-4]},"faces":{"north":{"uv":[5.875,6,6.625,7.75],"texture":"#0"},"east":{"uv":[5.125,6,5.875,7.75],"texture":"#0"},"south":{"uv":[7.375,6,8.125,7.75],"texture":"#0"},"west":{"uv":[6.625,6,7.375,7.75],"texture":"#0"},"up":{"uv":[6.625,6,5.875,5.25],"texture":"#0"},"down":{"uv":[7.375,5.25,6.625,6],"texture":"#0"}}},{"from":[4,5.5,1.5],"to":[12,12.5,14.25],"rotation":{"angle":0,"axis":"y","origin":[3.5,0,-4]},"faces":{"north":{"uv":[3.375,3.375,5.375,5.125],"texture":"#0"},"east":{"uv":[0.125,3.375,3.375,5.125],"texture":"#0"},"south":{"uv":[8.625,3.375,10.625,5.125],"texture":"#0"},"west":{"uv":[5.375,3.375,8.625,5.125],"texture":"#0"},"up":{"uv":[5.375,3.375,3.375,0.125],"texture":"#0"},"down":{"uv":[7.375,0.125,5.375,3.375],"texture":"#0"}}},{"from":[7,0,11.25],"to":[7,5.5,13.75],"rotation":{"angle":0,"axis":"y","origin":[3.5,0,-4]},"faces":{"north":{"uv":[3.875,6.25,4.5,7.625],"texture":"#0"},"east":{"uv":[4.5,6.25,3.875,7.625],"texture":"#0"},"south":{"uv":[3.875,6.25,4.5,7.625],"texture":"#0"},"west":{"uv":[3.875,6.25,4.5,7.625],"texture":"#0"},"up":{"uv":[3.875,6.25,3.25,5.625],"texture":"#0"},"down":{"uv":[4.5,5.625,3.875,6.25],"texture":"#0"}}},{"from":[4.5,0,11.25],"to":[4.5,5.5,13.75],"rotation":{"angle":0,"axis":"y","origin":[3.5,0,-4]},"faces":{"north":{"uv":[2.625,6.25,3.25,7.625],"texture":"#0"},"east":{"uv":[2.625,6.25,3.25,7.625],"texture":"#0"},"south":{"uv":[2.625,6.25,3.25,7.625],"texture":"#0"},"west":{"uv":[3.25,6.25,2.625,7.625],"texture":"#0"},"up":{"uv":[3.875,6.25,3.25,5.625],"texture":"#0"},"down":{"uv":[4.5,5.625,3.875,6.25],"texture":"#0"}}},{"from":[4.5,0,11.25],"to":[7,5.5,11.25],"rotation":{"angle":0,"axis":"y","origin":[3.5,0,-4]},"faces":{"north":{"uv":[3.875,6.25,3.25,7.625],"texture":"#0"},"east":{"uv":[3.25,6.25,3.875,7.625],"texture":"#0"},"south":{"uv":[3.25,6.25,3.875,7.625],"texture":"#0"},"west":{"uv":[3.25,6.25,3.875,7.625],"texture":"#0"},"up":{"uv":[3.875,6.25,3.25,5.625],"rotation":270,"texture":"#0"},"down":{"uv":[4.5,5.625,3.875,6.25],"rotation":90,"texture":"#0"}}},{"from":[4.5,0,13.75],"to":[7,5.5,13.75],"rotation":{"angle":0,"axis":"y","origin":[3.5,0,-4]},"faces":{"north":{"uv":[4.5,6.25,5.125,7.625],"texture":"#0"},"east":{"uv":[4.5,6.25,5.125,7.625],"texture":"#0"},"south":{"uv":[5.125,6.25,4.5,7.625],"texture":"#0"},"west":{"uv":[4.5,6.25,5.125,7.625],"texture":"#0"},"up":{"uv":[3.875,6.25,3.25,5.625],"rotation":270,"texture":"#0"},"down":{"uv":[4.5,5.625,3.875,6.25],"rotation":90,"texture":"#0"}}},{"from":[4.5,0,11.25],"to":[7,0,13.75],"rotation":{"angle":0,"axis":"y","origin":[3.5,0,-4]},"faces":{"north":{"uv":[4.5,6.25,5.125,7.625],"texture":"#0"},"east":{"uv":[4.5,6.25,5.125,7.625],"texture":"#0"},"south":{"uv":[5.125,6.25,4.5,7.625],"texture":"#0"},"west":{"uv":[4.5,6.25,5.125,7.625],"texture":"#0"},"up":{"uv":[4.5,6.25,3.875,5.625],"rotation":270,"texture":"#0"},"down":{"uv":[4.5,5.625,3.875,6.25],"rotation":90,"texture":"#0"}}},{"from":[9,1,11.25],"to":[11.5,6.5,13.75],"rotation":{"angle":0,"axis":"y","origin":[3.5,1,-4]},"faces":{"north":{"uv":[0.625,6.25,1.25,7.625],"texture":"#1"},"east":{"uv":[0,6.25,0.625,7.625],"texture":"#1"},"south":{"uv":[1.875,6.25,2.5,7.625],"texture":"#1"},"west":{"uv":[1.25,6.25,1.875,7.625],"texture":"#1"},"up":{"uv":[1.25,6.25,0.625,5.625],"texture":"#1"},"down":{"uv":[1.875,5.625,1.25,6.25],"texture":"#1"}}},{"from":[2,4,0],"to":[14,9,17],"rotation":{"angle":-45,"axis":"x","origin":[-0.5,-4,-3]},"faces":{"north":{"uv":[10,2.5,11.75,3.25],"texture":"#1"},"east":{"uv":[7.625,2.5,10,3.25],"texture":"#1"},"south":{"uv":[14.125,2.5,15.875,3.25],"texture":"#1"},"west":{"uv":[11.75,2.5,14.125,3.25],"texture":"#1"},"up":{"uv":[11.75,2.5,10,0.125],"texture":"#1"},"down":{"uv":[13.5,0.125,11.75,2.5],"texture":"#1"}}},{"from":[1,4.75,5.5],"to":[2.75,15.75,7.25],"rotation":{"angle":-45,"axis":"x","origin":[-0.5,-4,-3]},"faces":{"north":{"uv":[1.5,1.875,1.75,3.25],"texture":"#1"},"east":{"uv":[1.25,1.875,1.5,3.25],"texture":"#1"},"south":{"uv":[2,1.875,2.25,3.25],"texture":"#1"},"west":{"uv":[1.75,1.875,2,3.25],"texture":"#1"},"up":{"uv":[1.75,1.875,1.5,1.625],"texture":"#1"},"down":{"uv":[2,1.625,1.75,1.875],"texture":"#1"}}},{"from":[13,4.75,5.5],"to":[14.75,15.75,7.25],"rotation":{"angle":-45,"axis":"x","origin":[-0.5,-4,-3]},"faces":{"north":{"uv":[0.375,1.875,0.625,3.25],"texture":"#1"},"east":{"uv":[0.125,1.875,0.375,3.25],"texture":"#1"},"south":{"uv":[0.875,1.875,1.125,3.25],"texture":"#1"},"west":{"uv":[0.625,1.875,0.875,3.25],"texture":"#1"},"up":{"uv":[0.625,1.875,0.375,1.625],"texture":"#1"},"down":{"uv":[0.875,1.625,0.625,1.875],"texture":"#1"}}},{"from":[10.5,9,-0.25],"to":[16.5,10,3.75],"rotation":{"angle":45,"axis":"z","origin":[-0.5,-4,-3]},"faces":{"north":{"uv":[0.625,1.25,1.375,1.375],"texture":"#1"},"east":{"uv":[0.125,1.25,0.625,1.375],"texture":"#1"},"south":{"uv":[1.875,1.25,2.625,1.375],"texture":"#1"},"west":{"uv":[1.375,1.25,1.875,1.375],"texture":"#1"},"up":{"uv":[1.375,1.25,0.625,0.75],"texture":"#1"},"down":{"uv":[2.125,0.75,1.375,1.25],"texture":"#1"}}},{"from":[-5.5,21,-0.25],"to":[0.5,22,3.75],"rotation":{"angle":-45,"axis":"z","origin":[-0.5,-4,-3]},"faces":{"north":{"uv":[0.625,0.625,1.375,0.75],"texture":"#1"},"east":{"uv":[0.125,0.625,0.625,0.75],"texture":"#1"},"south":{"uv":[1.875,0.625,2.625,0.75],"texture":"#1"},"west":{"uv":[1.375,0.625,1.875,0.75],"texture":"#1"},"up":{"uv":[1.375,0.625,0.625,0.125],"texture":"#1"},"down":{"uv":[2.125,0.125,1.375,0.625],"texture":"#1"}}},{"from":[1.5,1.5,2],"to":[4.5,8.5,5],"rotation":{"angle":-22.5,"axis":"z","origin":[3.5,1,-4]},"faces":{"north":{"uv":[9,6,9.75,7.75],"texture":"#1"},"east":{"uv":[8.25,6,9,7.75],"texture":"#1"},"south":{"uv":[10.5,6,11.25,7.75],"texture":"#1"},"west":{"uv":[9.75,6,10.5,7.75],"texture":"#1"},"up":{"uv":[9.75,6,9,5.25],"texture":"#1"},"down":{"uv":[10.5,5.25,9.75,6],"texture":"#1"}}},{"from":[10.75,-2,2],"to":[13.75,5,5],"rotation":{"angle":22.5,"axis":"z","origin":[3.5,1,-4]},"faces":{"north":{"uv":[5.875,6,6.625,7.75],"texture":"#1"},"east":{"uv":[5.125,6,5.875,7.75],"texture":"#1"},"south":{"uv":[7.375,6,8.125,7.75],"texture":"#1"},"west":{"uv":[6.625,6,7.375,7.75],"texture":"#1"},"up":{"uv":[6.625,6,5.875,5.25],"texture":"#1"},"down":{"uv":[7.375,5.25,6.625,6],"texture":"#1"}}},{"from":[4,6.5,1.5],"to":[12,13.5,14.25],"rotation":{"angle":0,"axis":"y","origin":[3.5,1,-4]},"faces":{"north":{"uv":[3.375,3.375,5.375,5.125],"texture":"#1"},"east":{"uv":[0.125,3.375,3.375,5.125],"texture":"#1"},"south":{"uv":[8.625,3.375,10.625,5.125],"texture":"#1"},"west":{"uv":[5.375,3.375,8.625,5.125],"texture":"#1"},"up":{"uv":[5.375,3.375,3.375,0.125],"texture":"#1"},"down":{"uv":[7.375,0.125,5.375,3.375],"texture":"#1"}}},{"from":[7,1,11.25],"to":[7,6.5,13.75],"rotation":{"angle":0,"axis":"y","origin":[3.5,1,-4]},"faces":{"north":{"uv":[3.875,6.25,4.5,7.625],"texture":"#1"},"east":{"uv":[4.5,6.25,3.875,7.625],"texture":"#1"},"south":{"uv":[3.875,6.25,4.5,7.625],"texture":"#1"},"west":{"uv":[3.875,6.25,4.5,7.625],"texture":"#1"},"up":{"uv":[3.875,6.25,3.25,5.625],"texture":"#1"},"down":{"uv":[4.5,5.625,3.875,6.25],"texture":"#1"}}},{"from":[4.5,1,11.25],"to":[4.5,6.5,13.75],"rotation":{"angle":0,"axis":"y","origin":[3.5,1,-4]},"faces":{"north":{"uv":[2.625,6.25,3.25,7.625],"texture":"#1"},"east":{"uv":[2.625,6.25,3.25,7.625],"texture":"#1"},"south":{"uv":[2.625,6.25,3.25,7.625],"texture":"#1"},"west":{"uv":[3.25,6.25,2.625,7.625],"texture":"#1"},"up":{"uv":[3.875,6.25,3.25,5.625],"texture":"#1"},"down":{"uv":[4.5,5.625,3.875,6.25],"texture":"#1"}}},{"from":[4.5,1,11.25],"to":[7,6.5,11.25],"rotation":{"angle":0,"axis":"y","origin":[3.5,1,-4]},"faces":{"north":{"uv":[3.875,6.25,3.25,7.625],"texture":"#1"},"east":{"uv":[3.25,6.25,3.875,7.625],"texture":"#1"},"south":{"uv":[3.25,6.25,3.875,7.625],"texture":"#1"},"west":{"uv":[3.25,6.25,3.875,7.625],"texture":"#1"},"up":{"uv":[3.875,6.25,3.25,5.625],"rotation":270,"texture":"#1"},"down":{"uv":[4.5,5.625,3.875,6.25],"rotation":90,"texture":"#1"}}},{"from":[4.5,1,13.75],"to":[7,6.5,13.75],"rotation":{"angle":0,"axis":"y","origin":[3.5,1,-4]},"faces":{"north":{"uv":[4.5,6.25,5.125,7.625],"texture":"#1"},"east":{"uv":[4.5,6.25,5.125,7.625],"texture":"#1"},"south":{"uv":[5.125,6.25,4.5,7.625],"texture":"#1"},"west":{"uv":[4.5,6.25,5.125,7.625],"texture":"#1"},"up":{"uv":[3.875,6.25,3.25,5.625],"rotation":270,"texture":"#1"},"down":{"uv":[4.5,5.625,3.875,6.25],"rotation":90,"texture":"#1"}}},{"from":[4.5,1,11.25],"to":[7,1,13.75],"rotation":{"angle":0,"axis":"y","origin":[3.5,1,-4]},"faces":{"north":{"uv":[4.5,6.25,5.125,7.625],"texture":"#1"},"east":{"uv":[4.5,6.25,5.125,7.625],"texture":"#1"},"south":{"uv":[5.125,6.25,4.5,7.625],"texture":"#1"},"west":{"uv":[4.5,6.25,5.125,7.625],"texture":"#1"},"up":{"uv":[4.5,6.25,3.875,5.625],"rotation":270,"texture":"#1"},"down":{"uv":[4.5,5.625,3.875,6.25],"rotation":90,"texture":"#1"}}},{"from":[5,0,10],"to":[21,16,10],"rotation":{"angle":45,"axis":"y","origin":[0,0,0]},"faces":{"north":{"uv":[0,0,16,16],"texture":"#7"},"east":{"uv":[0,0,0.125,4],"texture":"#7"},"south":{"uv":[16,0,0,16],"texture":"#7"},"west":{"uv":[0,0,0.125,4],"texture":"#7"},"up":{"uv":[0,0,4,0.125],"texture":"#7"},"down":{"uv":[0,0,4,0.125],"texture":"#7"}}},{"from":[3,-4,4],"to":[19,12,4],"rotation":{"angle":-45,"axis":"y","origin":[0,0,0]},"faces":{"north":{"uv":[0,0,16,16],"texture":"#7"},"east":{"uv":[0,0,0.125,4],"texture":"#7"},"south":{"uv":[16,0,0,16],"texture":"#7"},"west":{"uv":[0,0,0.125,4],"texture":"#7"},"up":{"uv":[0,0,4,0.125],"texture":"#7"},"down":{"uv":[0,0,4,0.125],"texture":"#7"}}},{"from":[4,8,16],"to":[20,24,16],"rotation":{"angle":22.5,"axis":"y","origin":[0,0,0]},"faces":{"north":{"uv":[16,0,0,16],"texture":"#7"},"east":{"uv":[0,0,0.125,4],"texture":"#7"},"south":{"uv":[0,0,16,16],"texture":"#7"},"west":{"uv":[0,0,0.125,4],"texture":"#7"},"up":{"uv":[0,0,4,0.125],"texture":"#7"},"down":{"uv":[0,0,4,0.125],"texture":"#7"}}},{"from":[-8,8,4],"to":[8,24,4],"rotation":{"angle":22.5,"axis":"y","origin":[0,0,0]},"faces":{"north":{"uv":[16,0,0,16],"texture":"#7"},"east":{"uv":[0,0,0.125,4],"texture":"#7"},"south":{"uv":[0,0,16,16],"texture":"#7"},"west":{"uv":[0,0,0.125,4],"texture":"#7"},"up":{"uv":[0,0,4,0.125],"texture":"#7"},"down":{"uv":[0,0,4,0.125],"texture":"#7"}}},{"from":[9,1,11.25],"to":[11.5,6.5,13.75],"rotation":{"angle":0,"axis":"y","origin":[3.5,1,-4]},"faces":{"north":{"uv":[0.625,6.125,1.25,7.5],"texture":"#2"},"east":{"uv":[0,6.125,0.625,7.5],"texture":"#2"},"south":{"uv":[1.875,6.125,2.5,7.5],"texture":"#2"},"west":{"uv":[1.25,6.125,1.875,7.5],"texture":"#2"},"up":{"uv":[1.25,6.125,0.625,5.5],"texture":"#2"},"down":{"uv":[1.875,5.5,1.25,6.125],"texture":"#2"}}},{"from":[4.5,1,11.25],"to":[7,6.5,13.75],"rotation":{"angle":0,"axis":"y","origin":[3.5,1,-4]},"faces":{"north":{"uv":[0.625,6.125,1.25,7.5],"texture":"#2"},"east":{"uv":[0,6.125,0.625,7.5],"texture":"#2"},"south":{"uv":[1.875,6.125,2.5,7.5],"texture":"#2"},"west":{"uv":[1.25,6.125,1.875,7.5],"texture":"#2"},"up":{"uv":[1.25,6.125,0.625,5.5],"texture":"#2"},"down":{"uv":[1.875,5.5,1.25,6.125],"texture":"#2"}}},{"from":[2,4,0],"to":[14,9,17],"rotation":{"angle":-45,"axis":"x","origin":[-0.5,-4,-3]},"faces":{"north":{"uv":[10,2.375,11.75,3.125],"texture":"#2"},"east":{"uv":[7.625,2.375,10,3.125],"texture":"#2"},"south":{"uv":[14.125,2.375,15.875,3.125],"texture":"#2"},"west":{"uv":[11.75,2.375,14.125,3.125],"texture":"#2"},"up":{"uv":[11.75,2.375,10,0],"texture":"#2"},"down":{"uv":[13.5,0,11.75,2.375],"texture":"#2"}}},{"from":[1,4.75,5.5],"to":[2.75,15.75,7.25],"rotation":{"angle":-45,"axis":"x","origin":[-0.5,-4,-3]},"faces":{"north":{"uv":[1.5,1.75,1.75,3.125],"texture":"#2"},"east":{"uv":[1.25,1.75,1.5,3.125],"texture":"#2"},"south":{"uv":[2,1.75,2.25,3.125],"texture":"#2"},"west":{"uv":[1.75,1.75,2,3.125],"texture":"#2"},"up":{"uv":[1.75,1.75,1.5,1.5],"texture":"#2"},"down":{"uv":[2,1.5,1.75,1.75],"texture":"#2"}}},{"from":[13,4.75,5.5],"to":[14.75,15.75,7.25],"rotation":{"angle":-45,"axis":"x","origin":[-0.5,-4,-3]},"faces":{"north":{"uv":[0.375,1.75,0.625,3.125],"texture":"#2"},"east":{"uv":[0.125,1.75,0.375,3.125],"texture":"#2"},"south":{"uv":[0.875,1.75,1.125,3.125],"texture":"#2"},"west":{"uv":[0.625,1.75,0.875,3.125],"texture":"#2"},"up":{"uv":[0.625,1.75,0.375,1.5],"texture":"#2"},"down":{"uv":[0.875,1.5,0.625,1.75],"texture":"#2"}}},{"from":[10.5,9,-0.25],"to":[16.5,10,3.75],"rotation":{"angle":45,"axis":"z","origin":[-0.5,-4,-3]},"faces":{"north":{"uv":[0.625,1.125,1.375,1.25],"texture":"#2"},"east":{"uv":[0.125,1.125,0.625,1.25],"texture":"#2"},"south":{"uv":[1.875,1.125,2.625,1.25],"texture":"#2"},"west":{"uv":[1.375,1.125,1.875,1.25],"texture":"#2"},"up":{"uv":[1.375,1.125,0.625,0.625],"texture":"#2"},"down":{"uv":[2.125,0.625,1.375,1.125],"texture":"#2"}}},{"from":[-5.5,21,-0.25],"to":[0.5,22,3.75],"rotation":{"angle":-45,"axis":"z","origin":[-0.5,-4,-3]},"faces":{"north":{"uv":[0.625,0.5,1.375,0.625],"texture":"#2"},"east":{"uv":[0.125,0.5,0.625,0.625],"texture":"#2"},"south":{"uv":[1.875,0.5,2.625,0.625],"texture":"#2"},"west":{"uv":[1.375,0.5,1.875,0.625],"texture":"#2"},"up":{"uv":[1.375,0.5,0.625,0],"texture":"#2"},"down":{"uv":[2.125,0,1.375,0.5],"texture":"#2"}}},{"from":[1.5,1.5,2],"to":[4.5,8.5,5],"rotation":{"angle":-22.5,"axis":"z","origin":[3.5,1,-4]},"faces":{"north":{"uv":[9,5.875,9.75,7.625],"texture":"#2"},"east":{"uv":[8.25,5.875,9,7.625],"texture":"#2"},"south":{"uv":[10.5,5.875,11.25,7.625],"texture":"#2"},"west":{"uv":[9.75,5.875,10.5,7.625],"texture":"#2"},"up":{"uv":[9.75,5.875,9,5.125],"texture":"#2"},"down":{"uv":[10.5,5.125,9.75,5.875],"texture":"#2"}}},{"from":[10.75,-2,2],"to":[13.75,5,5],"rotation":{"angle":22.5,"axis":"z","origin":[3.5,1,-4]},"faces":{"north":{"uv":[5.875,5.875,6.625,7.625],"texture":"#2"},"east":{"uv":[5.125,5.875,5.875,7.625],"texture":"#2"},"south":{"uv":[7.375,5.875,8.125,7.625],"texture":"#2"},"west":{"uv":[6.625,5.875,7.375,7.625],"texture":"#2"},"up":{"uv":[6.625,5.875,5.875,5.125],"texture":"#2"},"down":{"uv":[7.375,5.125,6.625,5.875],"texture":"#2"}}},{"from":[8,13.5,1.5],"to":[8,18.5,11.25],"rotation":{"angle":0,"axis":"y","origin":[3.5,1,-4]},"faces":{"north":{"uv":[13.625,6.375,13.625,7.625],"texture":"#2"},"east":{"uv":[11.25,6.375,13.625,7.625],"texture":"#2"},"south":{"uv":[16,6.375,16,7.625],"texture":"#2"},"west":{"uv":[13.625,6.375,16,7.625],"texture":"#2"},"up":{"uv":[13.625,6.375,13.625,4],"texture":"#2"},"down":{"uv":[13.625,4,13.625,6.375],"texture":"#2"}}},{"from":[4,6.5,1.5],"to":[12,13.5,14.25],"rotation":{"angle":0,"axis":"y","origin":[3.5,1,-4]},"faces":{"north":{"uv":[3.375,3.25,5.375,5],"texture":"#2"},"east":{"uv":[0.125,3.25,3.375,5],"texture":"#2"},"south":{"uv":[8.625,3.25,10.625,5],"texture":"#2"},"west":{"uv":[5.375,3.25,8.625,5],"texture":"#2"},"up":{"uv":[5.375,3.25,3.375,0],"texture":"#2"},"down":{"uv":[7.375,0,5.375,3.25],"texture":"#2"}}},{"from":[4,8,16],"to":[20,24,16],"rotation":{"angle":22.5,"axis":"y","origin":[0,0,0]},"faces":{"north":{"uv":[16,0,0,16],"texture":"#7"},"east":{"uv":[0,0,0.125,4],"texture":"#7"},"south":{"uv":[0,0,16,16],"texture":"#7"},"west":{"uv":[0,0,0.125,4],"texture":"#7"},"up":{"uv":[0,0,4,0.125],"texture":"#7"},"down":{"uv":[0,0,4,0.125],"texture":"#7"}}},{"from":[3,-4,4],"to":[19,12,4],"rotation":{"angle":-45,"axis":"y","origin":[0,0,0]},"faces":{"north":{"uv":[0,0,16,16],"texture":"#7"},"east":{"uv":[0,0,0.125,4],"texture":"#7"},"south":{"uv":[16,0,0,16],"texture":"#7"},"west":{"uv":[0,0,0.125,4],"texture":"#7"},"up":{"uv":[0,0,4,0.125],"texture":"#7"},"down":{"uv":[0,0,4,0.125],"texture":"#7"}}},{"from":[5,0,10],"to":[21,16,10],"rotation":{"angle":45,"axis":"y","origin":[0,0,0]},"faces":{"north":{"uv":[0,0,16,16],"texture":"#7"},"east":{"uv":[0,0,0.125,4],"texture":"#7"},"south":{"uv":[16,0,0,16],"texture":"#7"},"west":{"uv":[0,0,0.125,4],"texture":"#7"},"up":{"uv":[0,0,4,0.125],"texture":"#7"},"down":{"uv":[0,0,4,0.125],"texture":"#7"}}},{"from":[-8,8,4],"to":[8,24,4],"rotation":{"angle":22.5,"axis":"y","origin":[0,0,0]},"faces":{"north":{"uv":[16,0,0,16],"texture":"#7"},"east":{"uv":[0,0,0.125,4],"texture":"#7"},"south":{"uv":[0,0,16,16],"texture":"#7"},"west":{"uv":[0,0,0.125,4],"texture":"#7"},"up":{"uv":[0,0,4,0.125],"texture":"#7"},"down":{"uv":[0,0,4,0.125],"texture":"#7"}}},{"from":[9,0,11.25],"to":[11.5,5.5,13.75],"rotation":{"angle":0,"axis":"y","origin":[3.5,0,-4]},"faces":{"north":{"uv":[0.625,6.125,1.25,7.5],"texture":"#3"},"east":{"uv":[0,6.125,0.625,7.5],"texture":"#3"},"south":{"uv":[1.875,6.125,2.5,7.5],"texture":"#3"},"west":{"uv":[1.25,6.125,1.875,7.5],"texture":"#3"},"up":{"uv":[1.25,6.125,0.625,5.5],"texture":"#3"},"down":{"uv":[1.875,5.5,1.25,6.125],"texture":"#3"}}},{"from":[4.5,0,11.25],"to":[7,5.5,13.75],"rotation":{"angle":0,"axis":"y","origin":[3.5,0,-4]},"faces":{"north":{"uv":[0.625,6.125,1.25,7.5],"texture":"#3"},"east":{"uv":[0,6.125,0.625,7.5],"texture":"#3"},"south":{"uv":[1.875,6.125,2.5,7.5],"texture":"#3"},"west":{"uv":[1.25,6.125,1.875,7.5],"texture":"#3"},"up":{"uv":[1.25,6.125,0.625,5.5],"texture":"#3"},"down":{"uv":[1.875,5.5,1.25,6.125],"texture":"#3"}}},{"from":[2,6.5,-6.5],"to":[14,11.5,10.5],"rotation":{"angle":-22.5,"axis":"x","origin":[-0.5,-1.5,-9.5]},"faces":{"north":{"uv":[10,2.375,11.75,3.125],"texture":"#3"},"east":{"uv":[7.625,2.375,10,3.125],"texture":"#3"},"south":{"uv":[14.125,2.375,15.875,3.125],"texture":"#3"},"west":{"uv":[11.75,2.375,14.125,3.125],"texture":"#3"},"up":{"uv":[11.75,2.375,10,0],"texture":"#3"},"down":{"uv":[13.5,0,11.75,2.375],"texture":"#3"}}},{"from":[1,7.25,-1],"to":[2.75,18.25,0.75],"rotation":{"angle":-22.5,"axis":"x","origin":[-0.5,-1.5,-9.5]},"faces":{"north":{"uv":[1.5,1.75,1.75,3.125],"texture":"#3"},"east":{"uv":[1.25,1.75,1.5,3.125],"texture":"#3"},"south":{"uv":[2,1.75,2.25,3.125],"texture":"#3"},"west":{"uv":[1.75,1.75,2,3.125],"texture":"#3"},"up":{"uv":[1.75,1.75,1.5,1.5],"texture":"#3"},"down":{"uv":[2,1.5,1.75,1.75],"texture":"#3"}}},{"from":[13,7.25,-1],"to":[14.75,18.25,0.75],"rotation":{"angle":-22.5,"axis":"x","origin":[-0.5,-1.5,-9.5]},"faces":{"north":{"uv":[0.375,1.75,0.625,3.125],"texture":"#3"},"east":{"uv":[0.125,1.75,0.375,3.125],"texture":"#3"},"south":{"uv":[0.875,1.75,1.125,3.125],"texture":"#3"},"west":{"uv":[0.625,1.75,0.875,3.125],"texture":"#3"},"up":{"uv":[0.625,1.75,0.375,1.5],"texture":"#3"},"down":{"uv":[0.875,1.5,0.625,1.75],"texture":"#3"}}},{"from":[5.5,20,0.25],"to":[11.5,21,4.25],"rotation":{"angle":-22.5,"axis":"z","origin":[-0.5,-1.5,-9.5]},"faces":{"north":{"uv":[0.625,1.125,1.375,1.25],"texture":"#3"},"east":{"uv":[0.125,1.125,0.625,1.25],"texture":"#3"},"south":{"uv":[1.875,1.125,2.625,1.25],"texture":"#3"},"west":{"uv":[1.375,1.125,1.875,1.25],"texture":"#3"},"up":{"uv":[1.375,1.125,0.625,0.625],"texture":"#3"},"down":{"uv":[2.125,0.625,1.375,1.125],"texture":"#3"}}},{"from":[3.25,13.5,0.25],"to":[9.25,14.5,4.25],"rotation":{"angle":22.5,"axis":"z","origin":[-0.5,-1.5,-9.5]},"faces":{"north":{"uv":[0.625,0.5,1.375,0.625],"texture":"#3"},"east":{"uv":[0.125,0.5,0.625,0.625],"texture":"#3"},"south":{"uv":[1.875,0.5,2.625,0.625],"texture":"#3"},"west":{"uv":[1.375,0.5,1.875,0.625],"texture":"#3"},"up":{"uv":[1.375,0.5,0.625,0],"texture":"#3"},"down":{"uv":[2.125,0,1.375,0.5],"texture":"#3"}}},{"from":[4.5,0,2],"to":[7.5,7,5],"rotation":{"angle":0,"axis":"z","origin":[3.5,0,-4]},"faces":{"north":{"uv":[9,5.875,9.75,7.625],"texture":"#3"},"east":{"uv":[8.25,5.875,9,7.625],"texture":"#3"},"south":{"uv":[10.5,5.875,11.25,7.625],"texture":"#3"},"west":{"uv":[9.75,5.875,10.5,7.625],"texture":"#3"},"up":{"uv":[9.75,5.875,9,5.125],"texture":"#3"},"down":{"uv":[10.5,5.125,9.75,5.875],"texture":"#3"}}},{"from":[8.5,0,2],"to":[11.5,7,5],"rotation":{"angle":0,"axis":"z","origin":[3.5,0,-4]},"faces":{"north":{"uv":[5.875,5.875,6.625,7.625],"texture":"#3"},"east":{"uv":[5.125,5.875,5.875,7.625],"texture":"#3"},"south":{"uv":[7.375,5.875,8.125,7.625],"texture":"#3"},"west":{"uv":[6.625,5.875,7.375,7.625],"texture":"#3"},"up":{"uv":[6.625,5.875,5.875,5.125],"texture":"#3"},"down":{"uv":[7.375,5.125,6.625,5.875],"texture":"#3"}}},{"from":[8,12.5,1.5],"to":[8,17,11.25],"rotation":{"angle":0,"axis":"y","origin":[3.5,0,-4]},"faces":{"north":{"uv":[13.625,6.375,13.625,7.625],"texture":"#3"},"east":{"uv":[11.25,6.375,13.625,7.625],"texture":"#3"},"south":{"uv":[16,6.375,16,7.625],"texture":"#3"},"west":{"uv":[13.625,6.375,16,7.625],"texture":"#3"},"up":{"uv":[13.625,6.375,13.625,4],"texture":"#3"},"down":{"uv":[13.625,4,13.625,6.375],"texture":"#3"}}},{"from":[4,5.5,1.5],"to":[12,12.5,14.25],"rotation":{"angle":0,"axis":"y","origin":[3.5,0,-4]},"faces":{"north":{"uv":[3.375,3.25,5.375,5],"texture":"#3"},"east":{"uv":[0.125,3.25,3.375,5],"texture":"#3"},"south":{"uv":[8.625,3.25,10.625,5],"texture":"#3"},"west":{"uv":[5.375,3.25,8.625,5],"texture":"#3"},"up":{"uv":[5.375,3.25,3.375,0],"texture":"#3"},"down":{"uv":[7.375,0,5.375,3.25],"texture":"#3"}}},{"from":[9,0,11.25],"to":[11.5,5.5,13.75],"rotation":{"angle":0,"axis":"y","origin":[3.5,0,-4]},"faces":{"north":{"uv":[0.625,6.125,1.25,7.5],"texture":"#4"},"east":{"uv":[0,6.125,0.625,7.5],"texture":"#4"},"south":{"uv":[1.875,6.125,2.5,7.5],"texture":"#4"},"west":{"uv":[1.25,6.125,1.875,7.5],"texture":"#4"},"up":{"uv":[1.25,6.125,0.625,5.5],"texture":"#4"},"down":{"uv":[1.875,5.5,1.25,6.125],"texture":"#4"}}},{"from":[4.5,0,11.25],"to":[7,5.5,13.75],"rotation":{"angle":0,"axis":"y","origin":[3.5,0,-4]},"faces":{"north":{"uv":[0.625,6.125,1.25,7.5],"texture":"#4"},"east":{"uv":[0,6.125,0.625,7.5],"texture":"#4"},"south":{"uv":[1.875,6.125,2.5,7.5],"texture":"#4"},"west":{"uv":[1.25,6.125,1.875,7.5],"texture":"#4"},"up":{"uv":[1.25,6.125,0.625,5.5],"texture":"#4"},"down":{"uv":[1.875,5.5,1.25,6.125],"texture":"#4"}}},{"from":[2,3,0],"to":[14,8,17],"rotation":{"angle":-45,"axis":"x","origin":[-0.5,-5,-3]},"faces":{"north":{"uv":[10,2.375,11.75,3.125],"texture":"#4"},"east":{"uv":[7.625,2.375,10,3.125],"texture":"#4"},"south":{"uv":[14.125,2.375,15.875,3.125],"texture":"#4"},"west":{"uv":[11.75,2.375,14.125,3.125],"texture":"#4"},"up":{"uv":[11.75,2.375,10,0],"texture":"#4"},"down":{"uv":[13.5,0,11.75,2.375],"texture":"#4"}}},{"from":[1,3.75,5.5],"to":[2.75,14.75,7.25],"rotation":{"angle":-45,"axis":"x","origin":[-0.5,-5,-3]},"faces":{"north":{"uv":[1.5,1.75,1.75,3.125],"texture":"#4"},"east":{"uv":[1.25,1.75,1.5,3.125],"texture":"#4"},"south":{"uv":[2,1.75,2.25,3.125],"texture":"#4"},"west":{"uv":[1.75,1.75,2,3.125],"texture":"#4"},"up":{"uv":[1.75,1.75,1.5,1.5],"texture":"#4"},"down":{"uv":[2,1.5,1.75,1.75],"texture":"#4"}}},{"from":[13,3.75,5.5],"to":[14.75,14.75,7.25],"rotation":{"angle":-45,"axis":"x","origin":[-0.5,-5,-3]},"faces":{"north":{"uv":[0.375,1.75,0.625,3.125],"texture":"#4"},"east":{"uv":[0.125,1.75,0.375,3.125],"texture":"#4"},"south":{"uv":[0.875,1.75,1.125,3.125],"texture":"#4"},"west":{"uv":[0.625,1.75,0.875,3.125],"texture":"#4"},"up":{"uv":[0.625,1.75,0.375,1.5],"texture":"#4"},"down":{"uv":[0.875,1.5,0.625,1.75],"texture":"#4"}}},{"from":[10.5,8,-0.25],"to":[16.5,9,3.75],"rotation":{"angle":45,"axis":"z","origin":[-0.5,-5,-3]},"faces":{"north":{"uv":[0.625,1.125,1.375,1.25],"texture":"#4"},"east":{"uv":[0.125,1.125,0.625,1.25],"texture":"#4"},"south":{"uv":[1.875,1.125,2.625,1.25],"texture":"#4"},"west":{"uv":[1.375,1.125,1.875,1.25],"texture":"#4"},"up":{"uv":[1.375,1.125,0.625,0.625],"texture":"#4"},"down":{"uv":[2.125,0.625,1.375,1.125],"texture":"#4"}}},{"from":[-5.5,20,-0.25],"to":[0.5,21,3.75],"rotation":{"angle":-45,"axis":"z","origin":[-0.5,-5,-3]},"faces":{"north":{"uv":[0.625,0.5,1.375,0.625],"texture":"#4"},"east":{"uv":[0.125,0.5,0.625,0.625],"texture":"#4"},"south":{"uv":[1.875,0.5,2.625,0.625],"texture":"#4"},"west":{"uv":[1.375,0.5,1.875,0.625],"texture":"#4"},"up":{"uv":[1.375,0.5,0.625,0],"texture":"#4"},"down":{"uv":[2.125,0,1.375,0.5],"texture":"#4"}}},{"from":[4.5,0,2],"to":[7.5,7,5],"rotation":{"angle":0,"axis":"z","origin":[3.5,0,-4]},"faces":{"north":{"uv":[9,5.875,9.75,7.625],"texture":"#4"},"east":{"uv":[8.25,5.875,9,7.625],"texture":"#4"},"south":{"uv":[10.5,5.875,11.25,7.625],"texture":"#4"},"west":{"uv":[9.75,5.875,10.5,7.625],"texture":"#4"},"up":{"uv":[9.75,5.875,9,5.125],"texture":"#4"},"down":{"uv":[10.5,5.125,9.75,5.875],"texture":"#4"}}},{"from":[8.5,0,2],"to":[11.5,7,5],"rotation":{"angle":0,"axis":"z","origin":[3.5,0,-4]},"faces":{"north":{"uv":[5.875,5.875,6.625,7.625],"texture":"#4"},"east":{"uv":[5.125,5.875,5.875,7.625],"texture":"#4"},"south":{"uv":[7.375,5.875,8.125,7.625],"texture":"#4"},"west":{"uv":[6.625,5.875,7.375,7.625],"texture":"#4"},"up":{"uv":[6.625,5.875,5.875,5.125],"texture":"#4"},"down":{"uv":[7.375,5.125,6.625,5.875],"texture":"#4"}}},{"from":[8,12.5,1.5],"to":[8,17.5,11.25],"rotation":{"angle":0,"axis":"y","origin":[3.5,0,-4]},"faces":{"north":{"uv":[13.625,6.375,13.625,7.625],"texture":"#4"},"east":{"uv":[11.25,6.375,13.625,7.625],"texture":"#4"},"south":{"uv":[16,6.375,16,7.625],"texture":"#4"},"west":{"uv":[13.625,6.375,16,7.625],"texture":"#4"},"up":{"uv":[13.625,6.375,13.625,4],"texture":"#4"},"down":{"uv":[13.625,4,13.625,6.375],"texture":"#4"}}},{"from":[4,5.5,1.5],"to":[12,12.5,14.25],"rotation":{"angle":0,"axis":"y","origin":[3.5,0,-4]},"faces":{"north":{"uv":[3.375,3.25,5.375,5],"texture":"#4"},"east":{"uv":[0.125,3.25,3.375,5],"texture":"#4"},"south":{"uv":[8.625,3.25,10.625,5],"texture":"#4"},"west":{"uv":[5.375,3.25,8.625,5],"texture":"#4"},"up":{"uv":[5.375,3.25,3.375,0],"texture":"#4"},"down":{"uv":[7.375,0,5.375,3.25],"texture":"#4"}}},{"from":[9,0,11.25],"to":[11.5,5.5,13.75],"rotation":{"angle":0,"axis":"y","origin":[3.5,0,-4]},"faces":{"north":{"uv":[0.625,6.125,1.25,7.5],"texture":"#5"},"east":{"uv":[0,6.125,0.625,7.5],"texture":"#5"},"south":{"uv":[1.875,6.125,2.5,7.5],"texture":"#5"},"west":{"uv":[1.25,6.125,1.875,7.5],"texture":"#5"},"up":{"uv":[1.25,6.125,0.625,5.5],"texture":"#5"},"down":{"uv":[1.875,5.5,1.25,6.125],"texture":"#5"}}},{"from":[4.5,0,11.25],"to":[7,5.5,13.75],"rotation":{"angle":0,"axis":"y","origin":[3.5,0,-4]},"faces":{"north":{"uv":[0.625,6.125,1.25,7.5],"texture":"#5"},"east":{"uv":[0,6.125,0.625,7.5],"texture":"#5"},"south":{"uv":[1.875,6.125,2.5,7.5],"texture":"#5"},"west":{"uv":[1.25,6.125,1.875,7.5],"texture":"#5"},"up":{"uv":[1.25,6.125,0.625,5.5],"texture":"#5"},"down":{"uv":[1.875,5.5,1.25,6.125],"texture":"#5"}}},{"from":[2,6.5,-6.5],"to":[14,11.5,10.5],"rotation":{"angle":-22.5,"axis":"x","origin":[-0.5,-1.5,-9.5]},"faces":{"north":{"uv":[10,2.375,11.75,3.125],"texture":"#5"},"east":{"uv":[7.625,2.375,10,3.125],"texture":"#5"},"south":{"uv":[14.125,2.375,15.875,3.125],"texture":"#5"},"west":{"uv":[11.75,2.375,14.125,3.125],"texture":"#5"},"up":{"uv":[11.75,2.375,10,0],"texture":"#5"},"down":{"uv":[13.5,0,11.75,2.375],"texture":"#5"}}},{"from":[1,7.25,-1],"to":[2.75,18.25,0.75],"rotation":{"angle":-22.5,"axis":"x","origin":[-0.5,-1.5,-9.5]},"faces":{"north":{"uv":[1.5,1.75,1.75,3.125],"texture":"#5"},"east":{"uv":[1.25,1.75,1.5,3.125],"texture":"#5"},"south":{"uv":[2,1.75,2.25,3.125],"texture":"#5"},"west":{"uv":[1.75,1.75,2,3.125],"texture":"#5"},"up":{"uv":[1.75,1.75,1.5,1.5],"texture":"#5"},"down":{"uv":[2,1.5,1.75,1.75],"texture":"#5"}}},{"from":[13,7.25,-1],"to":[14.75,18.25,0.75],"rotation":{"angle":-22.5,"axis":"x","origin":[-0.5,-1.5,-9.5]},"faces":{"north":{"uv":[0.375,1.75,0.625,3.125],"texture":"#5"},"east":{"uv":[0.125,1.75,0.375,3.125],"texture":"#5"},"south":{"uv":[0.875,1.75,1.125,3.125],"texture":"#5"},"west":{"uv":[0.625,1.75,0.875,3.125],"texture":"#5"},"up":{"uv":[0.625,1.75,0.375,1.5],"texture":"#5"},"down":{"uv":[0.875,1.5,0.625,1.75],"texture":"#5"}}},{"from":[5.5,20,0.25],"to":[11.5,21,4.25],"rotation":{"angle":-22.5,"axis":"z","origin":[-0.5,-1.5,-9.5]},"faces":{"north":{"uv":[0.625,1.125,1.375,1.25],"texture":"#5"},"east":{"uv":[0.125,1.125,0.625,1.25],"texture":"#5"},"south":{"uv":[1.875,1.125,2.625,1.25],"texture":"#5"},"west":{"uv":[1.375,1.125,1.875,1.25],"texture":"#5"},"up":{"uv":[1.375,1.125,0.625,0.625],"texture":"#5"},"down":{"uv":[2.125,0.625,1.375,1.125],"texture":"#5"}}},{"from":[3.25,13.5,0.25],"to":[9.25,14.5,4.25],"rotation":{"angle":22.5,"axis":"z","origin":[-0.5,-1.5,-9.5]},"faces":{"north":{"uv":[0.625,0.5,1.375,0.625],"texture":"#5"},"east":{"uv":[0.125,0.5,0.625,0.625],"texture":"#5"},"south":{"uv":[1.875,0.5,2.625,0.625],"texture":"#5"},"west":{"uv":[1.375,0.5,1.875,0.625],"texture":"#5"},"up":{"uv":[1.375,0.5,0.625,0],"texture":"#5"},"down":{"uv":[2.125,0,1.375,0.5],"texture":"#5"}}},{"from":[4.5,0,2],"to":[7.5,7,5],"rotation":{"angle":0,"axis":"z","origin":[3.5,0,-4]},"faces":{"north":{"uv":[9,5.875,9.75,7.625],"texture":"#5"},"east":{"uv":[8.25,5.875,9,7.625],"texture":"#5"},"south":{"uv":[10.5,5.875,11.25,7.625],"texture":"#5"},"west":{"uv":[9.75,5.875,10.5,7.625],"texture":"#5"},"up":{"uv":[9.75,5.875,9,5.125],"texture":"#5"},"down":{"uv":[10.5,5.125,9.75,5.875],"texture":"#5"}}},{"from":[8.5,0,2],"to":[11.5,7,5],"rotation":{"angle":0,"axis":"z","origin":[3.5,0,-4]},"faces":{"north":{"uv":[5.875,5.875,6.625,7.625],"texture":"#5"},"east":{"uv":[5.125,5.875,5.875,7.625],"texture":"#5"},"south":{"uv":[7.375,5.875,8.125,7.625],"texture":"#5"},"west":{"uv":[6.625,5.875,7.375,7.625],"texture":"#5"},"up":{"uv":[6.625,5.875,5.875,5.125],"texture":"#5"},"down":{"uv":[7.375,5.125,6.625,5.875],"texture":"#5"}}},{"from":[8,12.5,1.5],"to":[8,17,11.25],"rotation":{"angle":0,"axis":"y","origin":[3.5,0,-4]},"faces":{"north":{"uv":[13.625,6.375,13.625,7.625],"texture":"#5"},"east":{"uv":[11.25,6.375,13.625,7.625],"texture":"#5"},"south":{"uv":[16,6.375,16,7.625],"texture":"#5"},"west":{"uv":[13.625,6.375,16,7.625],"texture":"#5"},"up":{"uv":[13.625,6.375,13.625,4],"texture":"#5"},"down":{"uv":[13.625,4,13.625,6.375],"texture":"#5"}}},{"from":[4,5.5,1.5],"to":[12,12.5,14.25],"rotation":{"angle":0,"axis":"y","origin":[3.5,0,-4]},"faces":{"north":{"uv":[3.375,3.25,5.375,5],"texture":"#5"},"east":{"uv":[0.125,3.25,3.375,5],"texture":"#5"},"south":{"uv":[8.625,3.25,10.625,5],"texture":"#5"},"west":{"uv":[5.375,3.25,8.625,5],"texture":"#5"},"up":{"uv":[5.375,3.25,3.375,0],"texture":"#5"},"down":{"uv":[7.375,0,5.375,3.25],"texture":"#5"}}},{"from":[9,0,11.25],"to":[11.5,5.5,13.75],"rotation":{"angle":0,"axis":"y","origin":[3.5,0,-4]},"faces":{"north":{"uv":[0.625,6.125,1.25,7.5],"texture":"#6"},"east":{"uv":[0,6.125,0.625,7.5],"texture":"#6"},"south":{"uv":[1.875,6.125,2.5,7.5],"texture":"#6"},"west":{"uv":[1.25,6.125,1.875,7.5],"texture":"#6"},"up":{"uv":[1.25,6.125,0.625,5.5],"texture":"#6"},"down":{"uv":[1.875,5.5,1.25,6.125],"texture":"#6"}}},{"from":[4.5,0,11.25],"to":[7,5.5,13.75],"rotation":{"angle":0,"axis":"y","origin":[3.5,0,-4]},"faces":{"north":{"uv":[0.625,6.125,1.25,7.5],"texture":"#6"},"east":{"uv":[0,6.125,0.625,7.5],"texture":"#6"},"south":{"uv":[1.875,6.125,2.5,7.5],"texture":"#6"},"west":{"uv":[1.25,6.125,1.875,7.5],"texture":"#6"},"up":{"uv":[1.25,6.125,0.625,5.5],"texture":"#6"},"down":{"uv":[1.875,5.5,1.25,6.125],"texture":"#6"}}},{"from":[2,3,0],"to":[14,8,17],"rotation":{"angle":-45,"axis":"x","origin":[-0.5,-5,-3]},"faces":{"north":{"uv":[10,2.375,11.75,3.125],"texture":"#6"},"east":{"uv":[7.625,2.375,10,3.125],"texture":"#6"},"south":{"uv":[14.125,2.375,15.875,3.125],"texture":"#6"},"west":{"uv":[11.75,2.375,14.125,3.125],"texture":"#6"},"up":{"uv":[11.75,2.375,10,0],"texture":"#6"},"down":{"uv":[13.5,0,11.75,2.375],"texture":"#6"}}},{"from":[1,3.75,5.5],"to":[2.75,14.75,7.25],"rotation":{"angle":-45,"axis":"x","origin":[-0.5,-5,-3]},"faces":{"north":{"uv":[1.5,1.75,1.75,3.125],"texture":"#6"},"east":{"uv":[1.25,1.75,1.5,3.125],"texture":"#6"},"south":{"uv":[2,1.75,2.25,3.125],"texture":"#6"},"west":{"uv":[1.75,1.75,2,3.125],"texture":"#6"},"up":{"uv":[1.75,1.75,1.5,1.5],"texture":"#6"},"down":{"uv":[2,1.5,1.75,1.75],"texture":"#6"}}},{"from":[13,3.75,5.5],"to":[14.75,14.75,7.25],"rotation":{"angle":-45,"axis":"x","origin":[-0.5,-5,-3]},"faces":{"north":{"uv":[0.375,1.75,0.625,3.125],"texture":"#6"},"east":{"uv":[0.125,1.75,0.375,3.125],"texture":"#6"},"south":{"uv":[0.875,1.75,1.125,3.125],"texture":"#6"},"west":{"uv":[0.625,1.75,0.875,3.125],"texture":"#6"},"up":{"uv":[0.625,1.75,0.375,1.5],"texture":"#6"},"down":{"uv":[0.875,1.5,0.625,1.75],"texture":"#6"}}},{"from":[10.5,8,-0.25],"to":[16.5,9,3.75],"rotation":{"angle":45,"axis":"z","origin":[-0.5,-5,-3]},"faces":{"north":{"uv":[0.625,1.125,1.375,1.25],"texture":"#6"},"east":{"uv":[0.125,1.125,0.625,1.25],"texture":"#6"},"south":{"uv":[1.875,1.125,2.625,1.25],"texture":"#6"},"west":{"uv":[1.375,1.125,1.875,1.25],"texture":"#6"},"up":{"uv":[1.375,1.125,0.625,0.625],"texture":"#6"},"down":{"uv":[2.125,0.625,1.375,1.125],"texture":"#6"}}},{"from":[-5.5,20,-0.25],"to":[0.5,21,3.75],"rotation":{"angle":-45,"axis":"z","origin":[-0.5,-5,-3]},"faces":{"north":{"uv":[0.625,0.5,1.375,0.625],"texture":"#6"},"east":{"uv":[0.125,0.5,0.625,0.625],"texture":"#6"},"south":{"uv":[1.875,0.5,2.625,0.625],"texture":"#6"},"west":{"uv":[1.375,0.5,1.875,0.625],"texture":"#6"},"up":{"uv":[1.375,0.5,0.625,0],"texture":"#6"},"down":{"uv":[2.125,0,1.375,0.5],"texture":"#6"}}},{"from":[4.5,0,2],"to":[7.5,7,5],"rotation":{"angle":0,"axis":"z","origin":[3.5,0,-4]},"faces":{"north":{"uv":[9,5.875,9.75,7.625],"texture":"#6"},"east":{"uv":[8.25,5.875,9,7.625],"texture":"#6"},"south":{"uv":[10.5,5.875,11.25,7.625],"texture":"#6"},"west":{"uv":[9.75,5.875,10.5,7.625],"texture":"#6"},"up":{"uv":[9.75,5.875,9,5.125],"texture":"#6"},"down":{"uv":[10.5,5.125,9.75,5.875],"texture":"#6"}}},{"from":[8.5,0,2],"to":[11.5,7,5],"rotation":{"angle":0,"axis":"z","origin":[3.5,0,-4]},"faces":{"north":{"uv":[5.875,5.875,6.625,7.625],"texture":"#6"},"east":{"uv":[5.125,5.875,5.875,7.625],"texture":"#6"},"south":{"uv":[7.375,5.875,8.125,7.625],"texture":"#6"},"west":{"uv":[6.625,5.875,7.375,7.625],"texture":"#6"},"up":{"uv":[6.625,5.875,5.875,5.125],"texture":"#6"},"down":{"uv":[7.375,5.125,6.625,5.875],"texture":"#6"}}},{"from":[8,12.5,1.5],"to":[8,17.5,11.25],"rotation":{"angle":0,"axis":"y","origin":[3.5,0,-4]},"faces":{"north":{"uv":[13.625,6.375,13.625,7.625],"texture":"#6"},"east":{"uv":[11.25,6.375,13.625,7.625],"texture":"#6"},"south":{"uv":[16,6.375,16,7.625],"texture":"#6"},"west":{"uv":[13.625,6.375,16,7.625],"texture":"#6"},"up":{"uv":[13.625,6.375,13.625,4],"texture":"#6"},"down":{"uv":[13.625,4,13.625,6.375],"texture":"#6"}}},{"from":[4,5.5,1.5],"to":[12,12.5,14.25],"rotation":{"angle":0,"axis":"y","origin":[3.5,0,-4]},"faces":{"north":{"uv":[3.375,3.25,5.375,5],"texture":"#6"},"east":{"uv":[0.125,3.25,3.375,5],"texture":"#6"},"south":{"uv":[8.625,3.25,10.625,5],"texture":"#6"},"west":{"uv":[5.375,3.25,8.625,5],"texture":"#6"},"up":{"uv":[5.375,3.25,3.375,0],"texture":"#6"},"down":{"uv":[7.375,0,5.375,3.25],"texture":"#6"}}}],"display":{"thirdperson_righthand":{"rotation":[75,45,0],"translation":[0,2.5,0],"scale":[0.375,0.375,0.375]},"thirdperson_lefthand":{"rotation":[75,45,0],"translation":[0,2.5,0],"scale":[0.375,0.375,0.375]},"firstperson_righthand":{"rotation":[0,45,0],"scale":[0.35,0.35,0.35]},"firstperson_lefthand":{"rotation":[0,45,0],"scale":[0.35,0.35,0.35]},"ground":{"translation":[0,3,0],"scale":[0.25,0.25,0.25]},"gui":{"rotation":[30,225,0],"translation":[-2.5,0,0],"scale":[0.525,0.525,0.525]},"head":{"rotation":[0,15,0],"translation":[0,18.75,0],"scale":[1.5,1.5,1.5]},"fixed":{"scale":[0.5,0.5,0.5]}},"groups":[{"name":"group","origin":[3.5,0,-4],"color":0,"children":[0,1,2,3,4,5,6,7,8,9,10,11,12,13]},{"name":"group","origin":[3.5,0,-4],"color":0,"children":[14,15,16,17,18,19,20,21,22,23,24,25,26,27,28,29,30,31]},{"name":"group","origin":[3.5,0,-4],"color":0,"children":[32,33,34,35,36,37,38,39,40,41,42,43,44,45,46]},{"name":"group","origin":[3.5,0,-4],"color":0,"children":[47,48,49,50,51,52,53,54,55,56,57]},{"name":"group","origin":[3.5,0,-4],"color":0,"children":[58,59,60,61,62,63,64,65,66,67,68]},{"name":"group","origin":[3.5,0,-4],"color":0,"children":[69,70,71,72,73,74,75,76,77,78,79]},{"name":"group","origin":[3.5,0,-4],"color":0,"children":[80,81,82,83,84,85,86,87,88,89,90]}]}