{"credit":"By KeepMeow","texture_size":[128,128],"textures":{"0":"entity/iron_golem/iron_golem"},"elements":[{"from":[-1,3,8],"to":[17,15,19],"rotation":{"angle":-45,"axis":"x","origin":[0,5,5]},"faces":{"north":{"uv":[1.375,6.375,3.625,7.875],"texture":"#0"},"east":{"uv":[0,6.375,1.375,7.875],"texture":"#0"},"south":{"uv":[5,6.375,7.25,7.875],"texture":"#0"},"west":{"uv":[3.625,6.375,5,7.875],"texture":"#0"},"up":{"uv":[3.625,6.375,1.375,5],"texture":"#0"},"down":{"uv":[5.875,5,3.625,6.375],"texture":"#0"}}},{"from":[0,-11.5,2],"to":[4,18.5,8],"rotation":{"angle":22.5,"axis":"z","origin":[0,2,1]},"faces":{"north":{"uv":[8.25,8,8.75,11.75],"texture":"#0"},"east":{"uv":[7.5,8,8.25,11.75],"texture":"#0"},"south":{"uv":[9.5,8,10,11.75],"texture":"#0"},"west":{"uv":[8.75,8,9.5,11.75],"texture":"#0"},"up":{"uv":[8.75,8,8.25,7.25],"texture":"#0"},"down":{"uv":[9.25,7.25,8.75,8],"texture":"#0"}}},{"from":[11,-5.5,2],"to":[15,24.5,8],"rotation":{"angle":-22.5,"axis":"z","origin":[0,2,1]},"faces":{"north":{"uv":[8.25,3.375,8.75,7.125],"texture":"#0"},"east":{"uv":[7.5,3.375,8.25,7.125],"texture":"#0"},"south":{"uv":[9.5,3.375,10,7.125],"texture":"#0"},"west":{"uv":[8.75,3.375,9.5,7.125],"texture":"#0"},"up":{"uv":[8.75,3.375,8.25,2.625],"texture":"#0"},"down":{"uv":[9.25,2.625,8.75,3.375],"texture":"#0"}}},{"from":[3,-1.5,10.5],"to":[13,4.5,17.5],"rotation":{"angle":-45,"axis":"x","origin":[0,5,5]},"faces":{"north":{"uv":[0.75,9.5,1.875,10.125],"texture":"#0"},"east":{"uv":[0,9.5,0.75,10.125],"texture":"#0"},"south":{"uv":[2.625,9.5,3.75,10.125],"texture":"#0"},"west":{"uv":[1.875,9.5,2.625,10.125],"texture":"#0"},"up":{"uv":[1.875,9.5,0.75,8.75],"texture":"#0"},"down":{"uv":[3,8.75,1.875,9.5],"texture":"#0"}}},{"from":[9.5,-5,14],"to":[15.5,11,19],"rotation":{"angle":22.5,"axis":"x","origin":[0,5,5]},"faces":{"north":{"uv":[5.25,0.625,6,2.625],"texture":"#0"},"east":{"uv":[4.625,0.625,5.25,2.625],"texture":"#0"},"south":{"uv":[6.625,0.625,7.375,2.625],"texture":"#0"},"west":{"uv":[6,0.625,6.625,2.625],"texture":"#0"},"up":{"uv":[6,0.625,5.25,0],"texture":"#0"},"down":{"uv":[6.75,0,6,0.625],"texture":"#0"}}},{"from":[0.5,-5,14],"to":[6.5,11,19],"rotation":{"angle":22.5,"axis":"x","origin":[0,5,5]},"faces":{"north":{"uv":[8.125,0.625,8.875,2.625],"texture":"#0"},"east":{"uv":[7.5,0.625,8.125,2.625],"texture":"#0"},"south":{"uv":[9.5,0.625,10.25,2.625],"texture":"#0"},"west":{"uv":[8.875,0.625,9.5,2.625],"texture":"#0"},"up":{"uv":[8.875,0.625,8.125,0],"texture":"#0"},"down":{"uv":[9.625,0,8.875,0.625],"texture":"#0"}}},{"from":[7,16,-3.5],"to":[9,20,-1.5],"rotation":{"angle":0,"axis":"x","origin":[0,5,5]},"faces":{"north":{"uv":[3.25,0.25,3.5,0.75],"texture":"#0"},"east":{"uv":[3,0.25,3.25,0.75],"texture":"#0"},"south":{"uv":[3.75,0.25,4,0.75],"texture":"#0"},"west":{"uv":[3.5,0.25,3.75,0.75],"texture":"#0"},"up":{"uv":[3.5,0.25,3.25,0],"texture":"#0"},"down":{"uv":[3.75,0,3.5,0.25],"texture":"#0"}}},{"from":[4,17,-1.5],"to":[12,27,6.5],"rotation":{"angle":0,"axis":"x","origin":[0,5,5]},"faces":{"north":{"uv":[1,1,2,2.25],"texture":"#0"},"east":{"uv":[0,1,1,2.25],"texture":"#0"},"south":{"uv":[3,1,4,2.25],"texture":"#0"},"west":{"uv":[2,1,3,2.25],"texture":"#0"},"up":{"uv":[2,1,1,0],"texture":"#0"},"down":{"uv":[3,0,2,1],"texture":"#0"}}}],"display":{"thirdperson_righthand":{"rotation":[75,45,0],"translation":[0,2,0],"scale":[0.25,0.25,0.25]},"thirdperson_lefthand":{"rotation":[75,45,0],"translation":[0,2,0],"scale":[0.25,0.25,0.25]},"firstperson_righthand":{"rotation":[0,45,0],"translation":[0,-4,0],"scale":[0.4,0.4,0.4]},"firstperson_lefthand":{"rotation":[0,45,0],"translation":[0,-4,0],"scale":[0.4,0.4,0.4]},"ground":{"translation":[0,3,0],"scale":[0.15,0.15,0.15]},"gui":{"rotation":[30,225,0],"translation":[0,0.5,0],"scale":[0.4,0.4,0.4]},"head":{"translation":[0,6.25,-0.5],"scale":[1.5,1.5,1.5]},"fixed":{"scale":[0.5,0.5,0.5]}}}