{"credit":"By KeepMeow","texture_size":[64,64],"textures":{"1":"pets/animation/meerkat_anim1_pet","2":"pets/animation/meerkat_anim2_pet","3":"pets/animation/meerkat_anim3_pet","4":"pets/animation/meerkat_anim4_pet"},"elements":[{"from":[5.25,7,4],"to":[7.25,13,6],"faces":{"north":{"uv":[3.75,6.5,4.25,8],"texture":"#1"},"east":{"uv":[3.25,6.5,3.75,8],"texture":"#1"},"south":{"uv":[4.75,6.5,5.25,8],"texture":"#1"},"west":{"uv":[4.25,6.5,4.75,8],"texture":"#1"},"up":{"uv":[3.75,6,4.25,6.5],"texture":"#1"},"down":{"uv":[4.25,6,4.75,6.5],"texture":"#1"}}},{"from":[5.25,4,2],"to":[7.25,6,8],"faces":{"north":{"uv":[4.25,6,4.75,6.5],"rotation":180,"texture":"#1"},"east":{"uv":[3.25,6.5,3.75,8],"rotation":270,"texture":"#1"},"south":{"uv":[3.75,6,4.25,6.5],"texture":"#1"},"west":{"uv":[4.25,6.5,4.75,8],"rotation":90,"texture":"#1"},"up":{"uv":[3.75,6.5,4.25,8],"rotation":180,"texture":"#1"},"down":{"uv":[4.75,6.5,5.25,8],"texture":"#1"}}},{"from":[8.75,4,2],"to":[10.75,6,8],"faces":{"north":{"uv":[2,6,2.5,6.5],"rotation":180,"texture":"#1"},"east":{"uv":[1,6.5,1.5,8],"rotation":270,"texture":"#1"},"south":{"uv":[1.5,6,2,6.5],"texture":"#1"},"west":{"uv":[2,6.5,2.5,8],"rotation":90,"texture":"#1"},"up":{"uv":[1.5,6.5,2,8],"rotation":180,"texture":"#1"},"down":{"uv":[2.5,6.5,3,8],"texture":"#1"}}},{"from":[8.75,7,4],"to":[10.75,13,6],"faces":{"north":{"uv":[1.5,6.5,2,8],"texture":"#1"},"east":{"uv":[1,6.5,1.5,8],"texture":"#1"},"south":{"uv":[2.5,6.5,3,8],"texture":"#1"},"west":{"uv":[2,6.5,2.5,8],"texture":"#1"},"up":{"uv":[1.5,6,2,6.5],"texture":"#1"},"down":{"uv":[2,6,2.5,6.5],"texture":"#1"}}},{"from":[5,1,9],"to":[11,12,15],"rotation":{"angle":-22.5,"axis":"x","origin":[0,0,0]},"faces":{"north":{"uv":[7.5,8,9,5.25],"rotation":180,"texture":"#1"},"east":{"uv":[7.25,0,10,1.5],"rotation":270,"texture":"#1"},"south":{"uv":[9,5.25,10.5,8],"texture":"#1"},"west":{"uv":[7.25,3,10,1.5],"rotation":90,"texture":"#1"},"up":{"uv":[7.5,3.75,9,5.25],"rotation":180,"texture":"#1"},"down":{"uv":[10.5,3.75,9,5.25],"texture":"#1"}}},{"from":[4,16,3],"to":[12,22,9],"faces":{"north":{"uv":[1.75,2.75,3.75,4.25],"texture":"#1"},"east":{"uv":[0.25,2.75,1.75,4.25],"texture":"#1"},"south":{"uv":[5.25,2.75,7.25,4.25],"texture":"#1"},"west":{"uv":[3.75,2.75,5.25,4.25],"texture":"#1"},"up":{"uv":[1.75,1.25,3.75,2.75],"texture":"#1"},"down":{"uv":[3.75,1.25,5.75,2.75],"texture":"#1"}}},{"from":[6,16,2],"to":[10,18,3],"faces":{"north":{"uv":[2.25,5.25,3.25,5.75],"texture":"#1"},"east":{"uv":[3.25,5.25,3.5,5.75],"texture":"#1"},"south":{"uv":[4,5.25,5,5.75],"texture":"#1"},"west":{"uv":[2,5.25,2.25,5.75],"texture":"#1"},"up":{"uv":[3.25,4.5,4.25,4.75],"texture":"#1"},"down":{"uv":[2.25,5,3.25,5.25],"texture":"#1"}}},{"from":[12,19,6],"to":[14,21,7],"faces":{"north":{"uv":[2.25,0.5,2.75,1],"texture":"#1"},"east":{"uv":[3.25,0.5,3.5,1],"texture":"#1"},"south":{"uv":[2.25,0.25,2.75,0.5],"texture":"#1"},"west":{"uv":[2,0.5,2.25,1],"texture":"#1"},"up":{"uv":[2.75,0.5,3.25,1],"texture":"#1"},"down":{"uv":[2.75,0.25,3.25,0.5],"texture":"#1"}}},{"from":[2,19,6],"to":[4,21,7],"faces":{"north":{"uv":[4,0.5,4.5,1],"texture":"#1"},"east":{"uv":[5,0.5,5.25,1],"texture":"#1"},"south":{"uv":[4.5,0.5,5,1],"texture":"#1"},"west":{"uv":[3.75,0.5,4,1],"texture":"#1"},"up":{"uv":[4.5,0.25,5,0.5],"texture":"#1"},"down":{"uv":[4,0.25,4.5,0.5],"texture":"#1"}}},{"from":[7,-4.5,14.25],"to":[9,-2.5,23.25],"rotation":{"angle":-45,"axis":"x","origin":[0,0,0]},"faces":{"north":{"uv":[5.75,0,6.25,0.5],"texture":"#1"},"east":{"uv":[5.25,7,7.5,7.5],"texture":"#1"},"south":{"uv":[6.75,0,7.25,0.5],"texture":"#1"},"west":{"uv":[7.5,8,5.25,7.5],"texture":"#1"},"up":{"uv":[5.75,0.5,6.25,2.75],"texture":"#1"},"down":{"uv":[6.25,2.75,6.75,0.5],"texture":"#1"}}},{"from":[5.25,7,4],"to":[7.25,13,6],"faces":{"north":{"uv":[3.75,6.5,4.25,8],"texture":"#2"},"east":{"uv":[3.25,6.5,3.75,8],"texture":"#2"},"south":{"uv":[4.75,6.5,5.25,8],"texture":"#2"},"west":{"uv":[4.25,6.5,4.75,8],"texture":"#2"},"up":{"uv":[3.75,6,4.25,6.5],"texture":"#2"},"down":{"uv":[4.25,6,4.75,6.5],"texture":"#2"}}},{"from":[5.25,4,2],"to":[7.25,6,8],"faces":{"north":{"uv":[4.25,6,4.75,6.5],"rotation":180,"texture":"#2"},"east":{"uv":[3.25,6.5,3.75,8],"rotation":270,"texture":"#2"},"south":{"uv":[3.75,6,4.25,6.5],"texture":"#2"},"west":{"uv":[4.25,6.5,4.75,8],"rotation":90,"texture":"#2"},"up":{"uv":[3.75,6.5,4.25,8],"rotation":180,"texture":"#2"},"down":{"uv":[4.75,6.5,5.25,8],"texture":"#2"}}},{"from":[8.75,4,2],"to":[10.75,6,8],"faces":{"north":{"uv":[2,6,2.5,6.5],"rotation":180,"texture":"#2"},"east":{"uv":[1,6.5,1.5,8],"rotation":270,"texture":"#2"},"south":{"uv":[1.5,6,2,6.5],"texture":"#2"},"west":{"uv":[2,6.5,2.5,8],"rotation":90,"texture":"#2"},"up":{"uv":[1.5,6.5,2,8],"rotation":180,"texture":"#2"},"down":{"uv":[2.5,6.5,3,8],"texture":"#2"}}},{"from":[8.75,7,4],"to":[10.75,13,6],"faces":{"north":{"uv":[1.5,6.5,2,8],"texture":"#2"},"east":{"uv":[1,6.5,1.5,8],"texture":"#2"},"south":{"uv":[2.5,6.5,3,8],"texture":"#2"},"west":{"uv":[2,6.5,2.5,8],"texture":"#2"},"up":{"uv":[1.5,6,2,6.5],"texture":"#2"},"down":{"uv":[2,6,2.5,6.5],"texture":"#2"}}},{"from":[5,1,9],"to":[11,12,15],"rotation":{"angle":-22.5,"axis":"x","origin":[0,0,0]},"faces":{"north":{"uv":[7.5,8,9,5.25],"rotation":180,"texture":"#2"},"east":{"uv":[7.25,0,10,1.5],"rotation":270,"texture":"#2"},"south":{"uv":[9,5.25,10.5,8],"texture":"#2"},"west":{"uv":[7.25,3,10,1.5],"rotation":90,"texture":"#2"},"up":{"uv":[7.5,3.75,9,5.25],"rotation":180,"texture":"#2"},"down":{"uv":[10.5,3.75,9,5.25],"texture":"#2"}}},{"from":[7,-4.5,14.25],"to":[9,-2.5,23.25],"rotation":{"angle":-45,"axis":"x","origin":[0,0,0]},"faces":{"north":{"uv":[5.75,0,6.25,0.5],"texture":"#2"},"east":{"uv":[5.25,7,7.5,7.5],"texture":"#2"},"south":{"uv":[6.75,0,7.25,0.5],"texture":"#2"},"west":{"uv":[7.5,8,5.25,7.5],"texture":"#2"},"up":{"uv":[5.75,0.5,6.25,2.75],"texture":"#2"},"down":{"uv":[6.25,2.75,6.75,0.5],"texture":"#2"}}},{"from":[1,16,3],"to":[9,22,9],"rotation":{"angle":22.5,"axis":"y","origin":[0,0,0]},"faces":{"north":{"uv":[1.75,2.75,3.75,4.25],"texture":"#2"},"east":{"uv":[0.25,2.75,1.75,4.25],"texture":"#2"},"south":{"uv":[5.25,2.75,7.25,4.25],"texture":"#2"},"west":{"uv":[3.75,2.75,5.25,4.25],"texture":"#2"},"up":{"uv":[1.75,1.25,3.75,2.75],"texture":"#2"},"down":{"uv":[3.75,1.25,5.75,2.75],"texture":"#2"}}},{"from":[3,16,2],"to":[7,18,3],"rotation":{"angle":22.5,"axis":"y","origin":[0,0,0]},"faces":{"north":{"uv":[2.25,5.25,3.25,5.75],"texture":"#2"},"east":{"uv":[3.25,5.25,3.5,5.75],"texture":"#2"},"south":{"uv":[4,5.25,5,5.75],"texture":"#2"},"west":{"uv":[2,5.25,2.25,5.75],"texture":"#2"},"up":{"uv":[3.25,4.5,4.25,4.75],"texture":"#2"},"down":{"uv":[2.25,5,3.25,5.25],"texture":"#2"}}},{"from":[9,19,6],"to":[11,21,7],"rotation":{"angle":22.5,"axis":"y","origin":[0,0,0]},"faces":{"north":{"uv":[2.25,0.5,2.75,1],"texture":"#2"},"east":{"uv":[3.25,0.5,3.5,1],"texture":"#2"},"south":{"uv":[2.25,0.25,2.75,0.5],"texture":"#2"},"west":{"uv":[2,0.5,2.25,1],"texture":"#2"},"up":{"uv":[2.75,0.5,3.25,1],"texture":"#2"},"down":{"uv":[2.75,0.25,3.25,0.5],"texture":"#2"}}},{"from":[-1,19,6],"to":[1,21,7],"rotation":{"angle":22.5,"axis":"y","origin":[0,0,0]},"faces":{"north":{"uv":[4,0.5,4.5,1],"texture":"#2"},"east":{"uv":[5,0.5,5.25,1],"texture":"#2"},"south":{"uv":[4.5,0.5,5,1],"texture":"#2"},"west":{"uv":[3.75,0.5,4,1],"texture":"#2"},"up":{"uv":[4.5,0.25,5,0.5],"texture":"#2"},"down":{"uv":[4,0.25,4.5,0.5],"texture":"#2"}}},{"from":[5.25,7,4],"to":[7.25,13,6],"faces":{"north":{"uv":[3.75,6.5,4.25,8],"texture":"#3"},"east":{"uv":[3.25,6.5,3.75,8],"texture":"#3"},"south":{"uv":[4.75,6.5,5.25,8],"texture":"#3"},"west":{"uv":[4.25,6.5,4.75,8],"texture":"#3"},"up":{"uv":[3.75,6,4.25,6.5],"texture":"#3"},"down":{"uv":[4.25,6,4.75,6.5],"texture":"#3"}}},{"from":[5.25,4,2],"to":[7.25,6,8],"faces":{"north":{"uv":[4.25,6,4.75,6.5],"rotation":180,"texture":"#3"},"east":{"uv":[3.25,6.5,3.75,8],"rotation":270,"texture":"#3"},"south":{"uv":[3.75,6,4.25,6.5],"texture":"#3"},"west":{"uv":[4.25,6.5,4.75,8],"rotation":90,"texture":"#3"},"up":{"uv":[3.75,6.5,4.25,8],"rotation":180,"texture":"#3"},"down":{"uv":[4.75,6.5,5.25,8],"texture":"#3"}}},{"from":[8.75,4,2],"to":[10.75,6,8],"faces":{"north":{"uv":[2,6,2.5,6.5],"rotation":180,"texture":"#3"},"east":{"uv":[1,6.5,1.5,8],"rotation":270,"texture":"#3"},"south":{"uv":[1.5,6,2,6.5],"texture":"#3"},"west":{"uv":[2,6.5,2.5,8],"rotation":90,"texture":"#3"},"up":{"uv":[1.5,6.5,2,8],"rotation":180,"texture":"#3"},"down":{"uv":[2.5,6.5,3,8],"texture":"#3"}}},{"from":[8.75,7,4],"to":[10.75,13,6],"faces":{"north":{"uv":[1.5,6.5,2,8],"texture":"#3"},"east":{"uv":[1,6.5,1.5,8],"texture":"#3"},"south":{"uv":[2.5,6.5,3,8],"texture":"#3"},"west":{"uv":[2,6.5,2.5,8],"texture":"#3"},"up":{"uv":[1.5,6,2,6.5],"texture":"#3"},"down":{"uv":[2,6,2.5,6.5],"texture":"#3"}}},{"from":[5,1,9],"to":[11,12,15],"rotation":{"angle":-22.5,"axis":"x","origin":[0,0,0]},"faces":{"north":{"uv":[7.5,8,9,5.25],"rotation":180,"texture":"#3"},"east":{"uv":[7.25,0,10,1.5],"rotation":270,"texture":"#3"},"south":{"uv":[9,5.25,10.5,8],"texture":"#3"},"west":{"uv":[7.25,3,10,1.5],"rotation":90,"texture":"#3"},"up":{"uv":[7.5,3.75,9,5.25],"rotation":180,"texture":"#3"},"down":{"uv":[10.5,3.75,9,5.25],"texture":"#3"}}},{"from":[4,16,3],"to":[12,22,9],"faces":{"north":{"uv":[1.75,2.75,3.75,4.25],"texture":"#3"},"east":{"uv":[0.25,2.75,1.75,4.25],"texture":"#3"},"south":{"uv":[5.25,2.75,7.25,4.25],"texture":"#3"},"west":{"uv":[3.75,2.75,5.25,4.25],"texture":"#3"},"up":{"uv":[1.75,1.25,3.75,2.75],"texture":"#3"},"down":{"uv":[3.75,1.25,5.75,2.75],"texture":"#3"}}},{"from":[6,16,2],"to":[10,18,3],"faces":{"north":{"uv":[2.25,5.25,3.25,5.75],"texture":"#3"},"east":{"uv":[3.25,5.25,3.5,5.75],"texture":"#3"},"south":{"uv":[4,5.25,5,5.75],"texture":"#3"},"west":{"uv":[2,5.25,2.25,5.75],"texture":"#3"},"up":{"uv":[3.25,4.5,4.25,4.75],"texture":"#3"},"down":{"uv":[2.25,5,3.25,5.25],"texture":"#3"}}},{"from":[12,19,6],"to":[14,21,7],"faces":{"north":{"uv":[2.25,0.5,2.75,1],"texture":"#3"},"east":{"uv":[3.25,0.5,3.5,1],"texture":"#3"},"south":{"uv":[2.25,0.25,2.75,0.5],"texture":"#3"},"west":{"uv":[2,0.5,2.25,1],"texture":"#3"},"up":{"uv":[2.75,0.5,3.25,1],"texture":"#3"},"down":{"uv":[2.75,0.25,3.25,0.5],"texture":"#3"}}},{"from":[2,19,6],"to":[4,21,7],"faces":{"north":{"uv":[4,0.5,4.5,1],"texture":"#3"},"east":{"uv":[5,0.5,5.25,1],"texture":"#3"},"south":{"uv":[4.5,0.5,5,1],"texture":"#3"},"west":{"uv":[3.75,0.5,4,1],"texture":"#3"},"up":{"uv":[4.5,0.25,5,0.5],"texture":"#3"},"down":{"uv":[4,0.25,4.5,0.5],"texture":"#3"}}},{"from":[7,-4.5,14.25],"to":[9,-2.5,23.25],"rotation":{"angle":-45,"axis":"x","origin":[0,0,0]},"faces":{"north":{"uv":[5.75,0,6.25,0.5],"texture":"#3"},"east":{"uv":[5.25,7,7.5,7.5],"texture":"#3"},"south":{"uv":[6.75,0,7.25,0.5],"texture":"#3"},"west":{"uv":[7.5,8,5.25,7.5],"texture":"#3"},"up":{"uv":[5.75,0.5,6.25,2.75],"texture":"#3"},"down":{"uv":[6.25,2.75,6.75,0.5],"texture":"#3"}}},{"from":[5.25,7,4],"to":[7.25,13,6],"faces":{"north":{"uv":[3.75,6.5,4.25,8],"texture":"#4"},"east":{"uv":[3.25,6.5,3.75,8],"texture":"#4"},"south":{"uv":[4.75,6.5,5.25,8],"texture":"#4"},"west":{"uv":[4.25,6.5,4.75,8],"texture":"#4"},"up":{"uv":[3.75,6,4.25,6.5],"texture":"#4"},"down":{"uv":[4.25,6,4.75,6.5],"texture":"#4"}}},{"from":[8.75,7,4],"to":[10.75,13,6],"faces":{"north":{"uv":[1.5,6.5,2,8],"texture":"#4"},"east":{"uv":[1,6.5,1.5,8],"texture":"#4"},"south":{"uv":[2.5,6.5,3,8],"texture":"#4"},"west":{"uv":[2,6.5,2.5,8],"texture":"#4"},"up":{"uv":[1.5,6,2,6.5],"texture":"#4"},"down":{"uv":[2,6,2.5,6.5],"texture":"#4"}}},{"from":[7,-4.5,14.25],"to":[9,-2.5,23.25],"rotation":{"angle":-45,"axis":"x","origin":[0,0,0]},"faces":{"north":{"uv":[5.75,0,6.25,0.5],"texture":"#4"},"east":{"uv":[5.25,7,7.5,7.5],"texture":"#4"},"south":{"uv":[6.75,0,7.25,0.5],"texture":"#4"},"west":{"uv":[7.5,8,5.25,7.5],"texture":"#4"},"up":{"uv":[5.75,0.5,6.25,2.75],"texture":"#4"},"down":{"uv":[6.25,2.75,6.75,0.5],"texture":"#4"}}},{"from":[5,1,9],"to":[11,12,15],"rotation":{"angle":-22.5,"axis":"x","origin":[0,0,0]},"faces":{"north":{"uv":[7.5,8,9,5.25],"rotation":180,"texture":"#4"},"east":{"uv":[7.25,0,10,1.5],"rotation":270,"texture":"#4"},"south":{"uv":[9,5.25,10.5,8],"texture":"#4"},"west":{"uv":[7.25,3,10,1.5],"rotation":90,"texture":"#4"},"up":{"uv":[7.5,3.75,9,5.25],"rotation":180,"texture":"#4"},"down":{"uv":[10.5,3.75,9,5.25],"texture":"#4"}}},{"from":[6,16,-3],"to":[14,22,3],"rotation":{"angle":-22.5,"axis":"y","origin":[0,0,0]},"faces":{"north":{"uv":[1.75,2.75,3.75,4.25],"texture":"#4"},"east":{"uv":[0.25,2.75,1.75,4.25],"texture":"#4"},"south":{"uv":[5.25,2.75,7.25,4.25],"texture":"#4"},"west":{"uv":[3.75,2.75,5.25,4.25],"texture":"#4"},"up":{"uv":[1.75,1.25,3.75,2.75],"texture":"#4"},"down":{"uv":[3.75,1.25,5.75,2.75],"texture":"#4"}}},{"from":[8,16,-4],"to":[12,18,-3],"rotation":{"angle":-22.5,"axis":"y","origin":[0,0,0]},"faces":{"north":{"uv":[2.25,5.25,3.25,5.75],"texture":"#4"},"east":{"uv":[3.25,5.25,3.5,5.75],"texture":"#4"},"south":{"uv":[4,5.25,5,5.75],"texture":"#4"},"west":{"uv":[2,5.25,2.25,5.75],"texture":"#4"},"up":{"uv":[3.25,4.5,4.25,4.75],"texture":"#4"},"down":{"uv":[2.25,5,3.25,5.25],"texture":"#4"}}},{"from":[14,19,0],"to":[16,21,1],"rotation":{"angle":-22.5,"axis":"y","origin":[0,0,0]},"faces":{"north":{"uv":[2.25,0.5,2.75,1],"texture":"#4"},"east":{"uv":[3.25,0.5,3.5,1],"texture":"#4"},"south":{"uv":[2.25,0.25,2.75,0.5],"texture":"#4"},"west":{"uv":[2,0.5,2.25,1],"texture":"#4"},"up":{"uv":[2.75,0.5,3.25,1],"texture":"#4"},"down":{"uv":[2.75,0.25,3.25,0.5],"texture":"#4"}}},{"from":[4,19,0],"to":[6,21,1],"rotation":{"angle":-22.5,"axis":"y","origin":[0,0,0]},"faces":{"north":{"uv":[4,0.5,4.5,1],"texture":"#4"},"east":{"uv":[5,0.5,5.25,1],"texture":"#4"},"south":{"uv":[4.5,0.5,5,1],"texture":"#4"},"west":{"uv":[3.75,0.5,4,1],"texture":"#4"},"up":{"uv":[4.5,0.25,5,0.5],"texture":"#4"},"down":{"uv":[4,0.25,4.5,0.5],"texture":"#4"}}},{"from":[5.25,4,2],"to":[7.25,6,8],"faces":{"north":{"uv":[4.25,6,4.75,6.5],"rotation":180,"texture":"#4"},"east":{"uv":[3.25,6.5,3.75,8],"rotation":270,"texture":"#4"},"south":{"uv":[3.75,6,4.25,6.5],"texture":"#4"},"west":{"uv":[4.25,6.5,4.75,8],"rotation":90,"texture":"#4"},"up":{"uv":[3.75,6.5,4.25,8],"rotation":180,"texture":"#4"},"down":{"uv":[4.75,6.5,5.25,8],"texture":"#4"}}},{"from":[8.75,4,2],"to":[10.75,6,8],"faces":{"north":{"uv":[2,6,2.5,6.5],"rotation":180,"texture":"#4"},"east":{"uv":[1,6.5,1.5,8],"rotation":270,"texture":"#4"},"south":{"uv":[1.5,6,2,6.5],"texture":"#4"},"west":{"uv":[2,6.5,2.5,8],"rotation":90,"texture":"#4"},"up":{"uv":[1.5,6.5,2,8],"rotation":180,"texture":"#4"},"down":{"uv":[2.5,6.5,3,8],"texture":"#4"}}}],"display":{"thirdperson_righthand":{"rotation":[75,45,0],"translation":[0,1,-1],"scale":[0.375,0.375,0.375]},"thirdperson_lefthand":{"rotation":[75,45,0],"translation":[0,1,-1],"scale":[0.375,0.375,0.375]},"firstperson_righthand":{"rotation":[0,45,0],"translation":[0,-2,0],"scale":[0.4,0.4,0.4]},"firstperson_lefthand":{"rotation":[0,45,0],"translation":[0,-2,0],"scale":[0.4,0.4,0.4]},"ground":{"translation":[0,3,0],"scale":[0.25,0.25,0.25]},"gui":{"rotation":[30,225,0],"translation":[0,-2.5,0],"scale":[0.625,0.625,0.625]},"head":{"translation":[0,11,-1.5],"scale":[1.5,1.5,1.5]},"fixed":{"translation":[0,-2.5,0],"scale":[0.5,0.5,0.5]}},"groups":[{"name":"group","origin":[0,0,0],"color":0,"children":[0,1,2,3,4,5,6,7,8,9]},{"name":"group","origin":[0,0,0],"color":0,"children":[10,11,12,13,14,15,16,17,18,19]},{"name":"group","origin":[0,0,0],"color":0,"children":[20,21,22,23,24,25,26,27,28,29]},{"name":"group","origin":[0,0,0],"color":0,"children":[30,31,32,33,34,35,36,37,38,39]}]}