{"credit":"By KeepMeow","texture_size":[64,64],"textures":{"0":"pets/animation/mooshroom_anim1_pet","1":"pets/animation/mooshroom_anim2_pet","2":"pets/animation/mooshroom_anim3_pet","3":"pets/animation/mooshroom_anim4_pet","4":"pets/other/explosion_anim_1","5":"pets/other/explosion_anim_2","6":"pets/animation/mooshroom_anim5_pet","7":"pets/animation/mooshroom_anim6_pet","8":"pets/animation/mooshroom_anim7_pet","9":"pets/animation/mooshroom_anim8_pet"},"elements":[{"from":[5,0,11],"to":[7,6,13],"rotation":{"angle":0,"axis":"y","origin":[0,6,4]},"faces":{"north":{"uv":[1,5,2,8],"texture":"#0"},"east":{"uv":[0,5,1,8],"texture":"#0"},"south":{"uv":[3,5,4,8],"texture":"#0"},"west":{"uv":[2,5,3,8],"texture":"#0"},"up":{"uv":[1,4,2,5],"texture":"#0"},"down":{"uv":[2,4,3,5],"texture":"#0"}}},{"from":[9,0,11],"to":[11,6,13],"rotation":{"angle":0,"axis":"y","origin":[0,6,4]},"faces":{"north":{"uv":[1,5,2,8],"texture":"#0"},"east":{"uv":[0,5,1,8],"texture":"#0"},"south":{"uv":[3,5,4,8],"texture":"#0"},"west":{"uv":[2,5,3,8],"texture":"#0"},"up":{"uv":[1,4,2,5],"texture":"#0"},"down":{"uv":[2,4,3,5],"texture":"#0"}}},{"from":[9,0,4],"to":[11,6,6],"rotation":{"angle":0,"axis":"y","origin":[0,6,4]},"faces":{"north":{"uv":[1,5,2,8],"texture":"#0"},"east":{"uv":[0,5,1,8],"texture":"#0"},"south":{"uv":[3,5,4,8],"texture":"#0"},"west":{"uv":[2,5,3,8],"texture":"#0"},"up":{"uv":[1,4,2,5],"texture":"#0"},"down":{"uv":[2,4,3,5],"texture":"#0"}}},{"from":[5,0,4],"to":[7,6,6],"rotation":{"angle":0,"axis":"y","origin":[0,6,4]},"faces":{"north":{"uv":[1,5,2,8],"texture":"#0"},"east":{"uv":[0,5,1,8],"texture":"#0"},"south":{"uv":[3,5,4,8],"texture":"#0"},"west":{"uv":[2,5,3,8],"texture":"#0"},"up":{"uv":[1,4,2,5],"texture":"#0"},"down":{"uv":[2,4,3,5],"texture":"#0"}}},{"from":[5,6,4],"to":[11,11,13],"rotation":{"angle":0,"axis":"x","origin":[0,6,4]},"faces":{"north":{"uv":[10,1,7,3.5],"rotation":180,"texture":"#0"},"east":{"uv":[10,3.5,12.5,8],"rotation":90,"texture":"#0"},"south":{"uv":[10,1,13,3.5],"texture":"#0"},"west":{"uv":[4.5,8,7,3.5],"rotation":270,"texture":"#0"},"up":{"uv":[15.5,3.5,12.5,8],"texture":"#0"},"down":{"uv":[7,3.5,10,8],"rotation":180,"texture":"#0"}}},{"from":[7,5.5,10],"to":[9,6,13],"rotation":{"angle":0,"axis":"x","origin":[0,6,4]},"faces":{"north":{"uv":[8,6.5,9,6.75],"rotation":180,"texture":"#0"},"east":{"uv":[9,6.5,9.25,8],"rotation":270,"texture":"#0"},"south":{"uv":[8,7.75,9,8],"texture":"#0"},"west":{"uv":[7.75,6.5,8,8],"rotation":90,"texture":"#0"},"up":{"uv":[8,6.5,9,8],"rotation":180,"texture":"#0"},"down":{"uv":[8,6.5,9,8],"texture":"#0"}}},{"from":[4,6,-2],"to":[12,14,4],"rotation":{"angle":0,"axis":"y","origin":[0,6,4]},"faces":{"north":{"uv":[1.5,1.5,3.5,3.5],"texture":"#0"},"east":{"uv":[0,1.5,1.5,3.5],"texture":"#0"},"south":{"uv":[7,1.5,5,3.5],"texture":"#0"},"west":{"uv":[3.5,1.5,5,3.5],"texture":"#0"},"up":{"uv":[3.5,1.5,1.5,0],"texture":"#0"},"down":{"uv":[3.5,0,5.5,1.5],"texture":"#0"}}},{"from":[3,12,0],"to":[4,15,1],"rotation":{"angle":0,"axis":"y","origin":[0,6,4]},"faces":{"north":{"uv":[6.25,0.25,6.5,1],"texture":"#0"},"east":{"uv":[6,0.25,6.25,1],"texture":"#0"},"south":{"uv":[5.75,0.25,6,1],"texture":"#0"},"west":{"uv":[5.5,0.25,5.75,1],"texture":"#0"},"up":{"uv":[5.75,0,6,0.25],"texture":"#0"},"down":{"uv":[6,0,6.25,0.25],"texture":"#0"}}},{"from":[12,12,0],"to":[13,15,1],"rotation":{"angle":0,"axis":"y","origin":[0,6,4]},"faces":{"north":{"uv":[6.25,0.25,6.5,1],"texture":"#0"},"east":{"uv":[6,0.25,6.25,1],"texture":"#0"},"south":{"uv":[5.75,0.25,6,1],"texture":"#0"},"west":{"uv":[5.5,0.25,5.75,1],"texture":"#0"},"up":{"uv":[5.75,0,6,0.25],"texture":"#0"},"down":{"uv":[6,0,6.25,0.25],"texture":"#0"}}},{"from":[2,11,10],"to":[2,14,14],"rotation":{"angle":45,"axis":"y","origin":[0,6,4]},"faces":{"north":{"uv":[0,0,0.25,2],"texture":"#0"},"east":{"uv":[13,1.75,15,3.5],"texture":"#0"},"south":{"uv":[0,0,0.25,2],"texture":"#0"},"west":{"uv":[13,1.75,15,3.5],"texture":"#0"},"up":{"uv":[0,0,2,0.5],"rotation":90,"texture":"#0"},"down":{"uv":[0,0,2,0.5],"rotation":270,"texture":"#0"}}},{"from":[0,11,12],"to":[4,14,12],"rotation":{"angle":45,"axis":"y","origin":[0,6,4]},"faces":{"north":{"uv":[13,1.75,15,3.5],"texture":"#0"},"east":{"uv":[0,0,0.25,2],"texture":"#0"},"south":{"uv":[13,1.75,15,3.5],"texture":"#0"},"west":{"uv":[0,0,0.25,2],"texture":"#0"},"up":{"uv":[0,0,2,0.5],"texture":"#0"},"down":{"uv":[0,0,2,0.5],"texture":"#0"}}},{"from":[6,14,7],"to":[10,17,7],"rotation":{"angle":45,"axis":"y","origin":[0,6,4]},"faces":{"north":{"uv":[13,1.75,15,3.5],"texture":"#0"},"east":{"uv":[0,0,0.25,2],"texture":"#0"},"south":{"uv":[13,1.75,15,3.5],"texture":"#0"},"west":{"uv":[0,0,0.25,2],"texture":"#0"},"up":{"uv":[0,0,2,0.5],"texture":"#0"},"down":{"uv":[0,0,2,0.5],"texture":"#0"}}},{"from":[8,14,5],"to":[8,17,9],"rotation":{"angle":45,"axis":"y","origin":[0,6,4]},"faces":{"north":{"uv":[0,0,0.25,2],"texture":"#0"},"east":{"uv":[13,1.75,15,3.5],"texture":"#0"},"south":{"uv":[0,0,0.25,2],"texture":"#0"},"west":{"uv":[13,1.75,15,3.5],"texture":"#0"},"up":{"uv":[0,0,2,0.5],"rotation":90,"texture":"#0"},"down":{"uv":[0,0,2,0.5],"rotation":270,"texture":"#0"}}},{"from":[10,11,10],"to":[10,14,14],"rotation":{"angle":0,"axis":"y","origin":[0,6,4]},"faces":{"north":{"uv":[0,0,0.25,2],"texture":"#0"},"east":{"uv":[13,1.75,15,3.5],"texture":"#0"},"south":{"uv":[0,0,0.25,2],"texture":"#0"},"west":{"uv":[13,1.75,15,3.5],"texture":"#0"},"up":{"uv":[0,0,2,0.5],"rotation":270,"texture":"#0"},"down":{"uv":[0,0,2,0.5],"rotation":90,"texture":"#0"}}},{"from":[8,11,12],"to":[12,14,12],"rotation":{"angle":0,"axis":"y","origin":[0,6,4]},"faces":{"north":{"uv":[13,1.75,15,3.5],"texture":"#0"},"east":{"uv":[0,0,0.25,2],"texture":"#0"},"south":{"uv":[13,1.75,15,3.5],"texture":"#0"},"west":{"uv":[0,0,0.25,2],"texture":"#0"},"up":{"uv":[0,0,2,0.5],"texture":"#0"},"down":{"uv":[0,0,2,0.5],"texture":"#0"}}},{"from":[8.25,-2,4],"to":[10.25,4,6],"rotation":{"angle":22.5,"axis":"z","origin":[0,7,4]},"faces":{"north":{"uv":[1,5,2,8],"texture":"#1"},"east":{"uv":[0,5,1,8],"texture":"#1"},"south":{"uv":[3,5,4,8],"texture":"#1"},"west":{"uv":[2,5,3,8],"texture":"#1"},"up":{"uv":[1,4,2,5],"texture":"#1"},"down":{"uv":[2,4,3,5],"texture":"#1"}}},{"from":[4.5,4,4],"to":[6.5,10,6],"rotation":{"angle":-22.5,"axis":"z","origin":[0,7,4]},"faces":{"north":{"uv":[1,5,2,8],"texture":"#1"},"east":{"uv":[0,5,1,8],"texture":"#1"},"south":{"uv":[3,5,4,8],"texture":"#1"},"west":{"uv":[2,5,3,8],"texture":"#1"},"up":{"uv":[1,4,2,5],"texture":"#1"},"down":{"uv":[2,4,3,5],"texture":"#1"}}},{"from":[8.25,-2,11],"to":[10.25,4,13],"rotation":{"angle":22.5,"axis":"z","origin":[0,7,11]},"faces":{"north":{"uv":[1,5,2,8],"texture":"#1"},"east":{"uv":[0,5,1,8],"texture":"#1"},"south":{"uv":[3,5,4,8],"texture":"#1"},"west":{"uv":[2,5,3,8],"texture":"#1"},"up":{"uv":[1,4,2,5],"texture":"#1"},"down":{"uv":[2,4,3,5],"texture":"#1"}}},{"from":[4.5,4,11],"to":[6.5,10,13],"rotation":{"angle":-22.5,"axis":"z","origin":[0,7,11]},"faces":{"north":{"uv":[1,5,2,8],"texture":"#1"},"east":{"uv":[0,5,1,8],"texture":"#1"},"south":{"uv":[3,5,4,8],"texture":"#1"},"west":{"uv":[2,5,3,8],"texture":"#1"},"up":{"uv":[1,4,2,5],"texture":"#1"},"down":{"uv":[2,4,3,5],"texture":"#1"}}},{"from":[5,7,4],"to":[11,12,13],"rotation":{"angle":0,"axis":"x","origin":[0,7,4]},"faces":{"north":{"uv":[10,1,7,3.5],"rotation":180,"texture":"#1"},"east":{"uv":[10,3.5,12.5,8],"rotation":90,"texture":"#1"},"south":{"uv":[10,1,13,3.5],"texture":"#1"},"west":{"uv":[4.5,8,7,3.5],"rotation":270,"texture":"#1"},"up":{"uv":[15.5,3.5,12.5,8],"texture":"#1"},"down":{"uv":[7,3.5,10,8],"rotation":180,"texture":"#1"}}},{"from":[7,6.5,10],"to":[9,7,13],"rotation":{"angle":0,"axis":"x","origin":[0,7,4]},"faces":{"north":{"uv":[8,6.5,9,6.75],"rotation":180,"texture":"#1"},"east":{"uv":[9,6.5,9.25,8],"rotation":270,"texture":"#1"},"south":{"uv":[8,7.75,9,8],"texture":"#1"},"west":{"uv":[7.75,6.5,8,8],"rotation":90,"texture":"#1"},"up":{"uv":[8,6.5,9,8],"rotation":180,"texture":"#1"},"down":{"uv":[8,6.5,9,8],"texture":"#1"}}},{"from":[4,7,-2],"to":[12,15,4],"rotation":{"angle":0,"axis":"y","origin":[0,7,4]},"faces":{"north":{"uv":[1.5,1.5,3.5,3.5],"texture":"#1"},"east":{"uv":[0,1.5,1.5,3.5],"texture":"#1"},"south":{"uv":[7,1.5,5,3.5],"texture":"#1"},"west":{"uv":[3.5,1.5,5,3.5],"texture":"#1"},"up":{"uv":[3.5,1.5,1.5,0],"texture":"#1"},"down":{"uv":[3.5,0,5.5,1.5],"texture":"#1"}}},{"from":[3,13,0],"to":[4,16,1],"rotation":{"angle":0,"axis":"y","origin":[0,7,4]},"faces":{"north":{"uv":[6.25,0.25,6.5,1],"texture":"#1"},"east":{"uv":[6,0.25,6.25,1],"texture":"#1"},"south":{"uv":[5.75,0.25,6,1],"texture":"#1"},"west":{"uv":[5.5,0.25,5.75,1],"texture":"#1"},"up":{"uv":[5.75,0,6,0.25],"texture":"#1"},"down":{"uv":[6,0,6.25,0.25],"texture":"#1"}}},{"from":[12,13,0],"to":[13,16,1],"rotation":{"angle":0,"axis":"y","origin":[0,7,4]},"faces":{"north":{"uv":[6.25,0.25,6.5,1],"texture":"#1"},"east":{"uv":[6,0.25,6.25,1],"texture":"#1"},"south":{"uv":[5.75,0.25,6,1],"texture":"#1"},"west":{"uv":[5.5,0.25,5.75,1],"texture":"#1"},"up":{"uv":[5.75,0,6,0.25],"texture":"#1"},"down":{"uv":[6,0,6.25,0.25],"texture":"#1"}}},{"from":[2,12,10],"to":[2,15,14],"rotation":{"angle":45,"axis":"y","origin":[0,7,4]},"faces":{"north":{"uv":[0,0,0.25,2],"texture":"#1"},"east":{"uv":[13,1.75,15,3.5],"texture":"#1"},"south":{"uv":[0,0,0.25,2],"texture":"#1"},"west":{"uv":[13,1.75,15,3.5],"texture":"#1"},"up":{"uv":[0,0,2,0.5],"rotation":90,"texture":"#1"},"down":{"uv":[0,0,2,0.5],"rotation":270,"texture":"#1"}}},{"from":[0,12,12],"to":[4,15,12],"rotation":{"angle":45,"axis":"y","origin":[0,7,4]},"faces":{"north":{"uv":[13,1.75,15,3.5],"texture":"#1"},"east":{"uv":[0,0,0.25,2],"texture":"#1"},"south":{"uv":[13,1.75,15,3.5],"texture":"#1"},"west":{"uv":[0,0,0.25,2],"texture":"#1"},"up":{"uv":[0,0,2,0.5],"texture":"#1"},"down":{"uv":[0,0,2,0.5],"texture":"#1"}}},{"from":[6,15,7],"to":[10,18,7],"rotation":{"angle":45,"axis":"y","origin":[0,7,4]},"faces":{"north":{"uv":[13,1.75,15,3.5],"texture":"#1"},"east":{"uv":[0,0,0.25,2],"texture":"#1"},"south":{"uv":[13,1.75,15,3.5],"texture":"#1"},"west":{"uv":[0,0,0.25,2],"texture":"#1"},"up":{"uv":[0,0,2,0.5],"texture":"#1"},"down":{"uv":[0,0,2,0.5],"texture":"#1"}}},{"from":[8,15,5],"to":[8,18,9],"rotation":{"angle":45,"axis":"y","origin":[0,7,4]},"faces":{"north":{"uv":[0,0,0.25,2],"texture":"#1"},"east":{"uv":[13,1.75,15,3.5],"texture":"#1"},"south":{"uv":[0,0,0.25,2],"texture":"#1"},"west":{"uv":[13,1.75,15,3.5],"texture":"#1"},"up":{"uv":[0,0,2,0.5],"rotation":90,"texture":"#1"},"down":{"uv":[0,0,2,0.5],"rotation":270,"texture":"#1"}}},{"from":[10,12,10],"to":[10,15,14],"rotation":{"angle":0,"axis":"y","origin":[0,7,4]},"faces":{"north":{"uv":[0,0,0.25,2],"texture":"#1"},"east":{"uv":[13,1.75,15,3.5],"texture":"#1"},"south":{"uv":[0,0,0.25,2],"texture":"#1"},"west":{"uv":[13,1.75,15,3.5],"texture":"#1"},"up":{"uv":[0,0,2,0.5],"rotation":270,"texture":"#1"},"down":{"uv":[0,0,2,0.5],"rotation":90,"texture":"#1"}}},{"from":[8,12,12],"to":[12,15,12],"rotation":{"angle":0,"axis":"y","origin":[0,7,4]},"faces":{"north":{"uv":[13,1.75,15,3.5],"texture":"#1"},"east":{"uv":[0,0,0.25,2],"texture":"#1"},"south":{"uv":[13,1.75,15,3.5],"texture":"#1"},"west":{"uv":[0,0,0.25,2],"texture":"#1"},"up":{"uv":[0,0,2,0.5],"texture":"#1"},"down":{"uv":[0,0,2,0.5],"texture":"#1"}}},{"from":[-10,0,2],"to":[6,16,2],"rotation":{"angle":-45,"axis":"y","origin":[0,0,0]},"faces":{"north":{"uv":[7.75,7.75,0,0],"texture":"#4"},"east":{"uv":[0,0,0.25,4],"texture":"#4"},"south":{"uv":[0,7.75,7.75,0],"texture":"#4"},"west":{"uv":[0,0,0.25,4],"texture":"#4"},"up":{"uv":[0,0,4,0.25],"texture":"#4"},"down":{"uv":[0,0,4,0.25],"texture":"#4"}}},{"from":[0,6,18],"to":[16,22,18],"rotation":{"angle":45,"axis":"y","origin":[0,0,0]},"faces":{"north":{"uv":[0,6.5,6.5,0],"texture":"#5"},"east":{"uv":[0,0,0.25,4],"texture":"#5"},"south":{"uv":[6.5,6.5,0,0],"texture":"#5"},"west":{"uv":[0,0,0.25,4],"texture":"#5"},"up":{"uv":[0,0,4,0.25],"texture":"#5"},"down":{"uv":[0,0,4,0.25],"texture":"#5"}}},{"from":[-2,8,-1],"to":[18,28,-1],"rotation":{"angle":22.5,"axis":"y","origin":[0,0,0]},"faces":{"north":{"uv":[0,0,7.75,7.75],"texture":"#4"},"east":{"uv":[0,0,0.25,4],"texture":"#4"},"south":{"uv":[7.75,0,0,7.75],"texture":"#4"},"west":{"uv":[0,0,0.25,4],"texture":"#4"},"up":{"uv":[0,0,4,0.25],"texture":"#4"},"down":{"uv":[0,0,4,0.25],"texture":"#4"}}},{"from":[0,-2,13],"to":[20,18,13],"rotation":{"angle":-22.5,"axis":"y","origin":[0,0,0]},"faces":{"north":{"uv":[0,0,6.5,6.5],"texture":"#5"},"east":{"uv":[0,0,0.25,4],"texture":"#5"},"south":{"uv":[6.5,0,0,6.5],"texture":"#5"},"west":{"uv":[0,0,0.25,4],"texture":"#5"},"up":{"uv":[0,0,4,0.25],"texture":"#5"},"down":{"uv":[0,0,4,0.25],"texture":"#5"}}},{"from":[8.25,-2,4],"to":[10.25,4,6],"rotation":{"angle":22.5,"axis":"z","origin":[0,7,4]},"faces":{"north":{"uv":[1,5,2,8],"texture":"#2"},"east":{"uv":[0,5,1,8],"texture":"#2"},"south":{"uv":[3,5,4,8],"texture":"#2"},"west":{"uv":[2,5,3,8],"texture":"#2"},"up":{"uv":[1,4,2,5],"texture":"#2"},"down":{"uv":[2,4,3,5],"texture":"#2"}}},{"from":[4.5,4,4],"to":[6.5,10,6],"rotation":{"angle":-22.5,"axis":"z","origin":[0,7,4]},"faces":{"north":{"uv":[1,5,2,8],"texture":"#2"},"east":{"uv":[0,5,1,8],"texture":"#2"},"south":{"uv":[3,5,4,8],"texture":"#2"},"west":{"uv":[2,5,3,8],"texture":"#2"},"up":{"uv":[1,4,2,5],"texture":"#2"},"down":{"uv":[2,4,3,5],"texture":"#2"}}},{"from":[8.25,-2,11],"to":[10.25,4,13],"rotation":{"angle":22.5,"axis":"z","origin":[0,7,11]},"faces":{"north":{"uv":[1,5,2,8],"texture":"#2"},"east":{"uv":[0,5,1,8],"texture":"#2"},"south":{"uv":[3,5,4,8],"texture":"#2"},"west":{"uv":[2,5,3,8],"texture":"#2"},"up":{"uv":[1,4,2,5],"texture":"#2"},"down":{"uv":[2,4,3,5],"texture":"#2"}}},{"from":[4.5,4,11],"to":[6.5,10,13],"rotation":{"angle":-22.5,"axis":"z","origin":[0,7,11]},"faces":{"north":{"uv":[1,5,2,8],"texture":"#2"},"east":{"uv":[0,5,1,8],"texture":"#2"},"south":{"uv":[3,5,4,8],"texture":"#2"},"west":{"uv":[2,5,3,8],"texture":"#2"},"up":{"uv":[1,4,2,5],"texture":"#2"},"down":{"uv":[2,4,3,5],"texture":"#2"}}},{"from":[5,7,4],"to":[11,12,13],"rotation":{"angle":0,"axis":"x","origin":[0,7,4]},"faces":{"north":{"uv":[10,1,7,3.5],"rotation":180,"texture":"#2"},"east":{"uv":[10,3.5,12.5,8],"rotation":90,"texture":"#2"},"south":{"uv":[10,1,13,3.5],"texture":"#2"},"west":{"uv":[4.5,8,7,3.5],"rotation":270,"texture":"#2"},"up":{"uv":[15.5,3.5,12.5,8],"texture":"#2"},"down":{"uv":[7,3.5,10,8],"rotation":180,"texture":"#2"}}},{"from":[7,6.5,10],"to":[9,7,13],"rotation":{"angle":0,"axis":"x","origin":[0,7,4]},"faces":{"north":{"uv":[8,6.5,9,6.75],"rotation":180,"texture":"#2"},"east":{"uv":[9,6.5,9.25,8],"rotation":270,"texture":"#2"},"south":{"uv":[8,7.75,9,8],"texture":"#2"},"west":{"uv":[7.75,6.5,8,8],"rotation":90,"texture":"#2"},"up":{"uv":[8,6.5,9,8],"rotation":180,"texture":"#2"},"down":{"uv":[8,6.5,9,8],"texture":"#2"}}},{"from":[4,7,-2],"to":[12,15,4],"rotation":{"angle":0,"axis":"y","origin":[0,7,4]},"faces":{"north":{"uv":[1.5,1.5,3.5,3.5],"texture":"#2"},"east":{"uv":[0,1.5,1.5,3.5],"texture":"#2"},"south":{"uv":[7,1.5,5,3.5],"texture":"#2"},"west":{"uv":[3.5,1.5,5,3.5],"texture":"#2"},"up":{"uv":[3.5,1.5,1.5,0],"texture":"#2"},"down":{"uv":[3.5,0,5.5,1.5],"texture":"#2"}}},{"from":[3,13,0],"to":[4,16,1],"rotation":{"angle":0,"axis":"y","origin":[0,7,4]},"faces":{"north":{"uv":[6.25,0.25,6.5,1],"texture":"#2"},"east":{"uv":[6,0.25,6.25,1],"texture":"#2"},"south":{"uv":[5.75,0.25,6,1],"texture":"#2"},"west":{"uv":[5.5,0.25,5.75,1],"texture":"#2"},"up":{"uv":[5.75,0,6,0.25],"texture":"#2"},"down":{"uv":[6,0,6.25,0.25],"texture":"#2"}}},{"from":[12,13,0],"to":[13,16,1],"rotation":{"angle":0,"axis":"y","origin":[0,7,4]},"faces":{"north":{"uv":[6.25,0.25,6.5,1],"texture":"#2"},"east":{"uv":[6,0.25,6.25,1],"texture":"#2"},"south":{"uv":[5.75,0.25,6,1],"texture":"#2"},"west":{"uv":[5.5,0.25,5.75,1],"texture":"#2"},"up":{"uv":[5.75,0,6,0.25],"texture":"#2"},"down":{"uv":[6,0,6.25,0.25],"texture":"#2"}}},{"from":[2,12,10],"to":[2,15,14],"rotation":{"angle":45,"axis":"y","origin":[0,7,4]},"faces":{"north":{"uv":[0,0,0.25,2],"texture":"#2"},"east":{"uv":[13,1.75,15,3.5],"texture":"#2"},"south":{"uv":[0,0,0.25,2],"texture":"#2"},"west":{"uv":[13,1.75,15,3.5],"texture":"#2"},"up":{"uv":[0,0,2,0.5],"rotation":90,"texture":"#2"},"down":{"uv":[0,0,2,0.5],"rotation":270,"texture":"#2"}}},{"from":[0,12,12],"to":[4,15,12],"rotation":{"angle":45,"axis":"y","origin":[0,7,4]},"faces":{"north":{"uv":[13,1.75,15,3.5],"texture":"#2"},"east":{"uv":[0,0,0.25,2],"texture":"#2"},"south":{"uv":[13,1.75,15,3.5],"texture":"#2"},"west":{"uv":[0,0,0.25,2],"texture":"#2"},"up":{"uv":[0,0,2,0.5],"texture":"#2"},"down":{"uv":[0,0,2,0.5],"texture":"#2"}}},{"from":[6,15,7],"to":[10,18,7],"rotation":{"angle":45,"axis":"y","origin":[0,7,4]},"faces":{"north":{"uv":[13,1.75,15,3.5],"texture":"#2"},"east":{"uv":[0,0,0.25,2],"texture":"#2"},"south":{"uv":[13,1.75,15,3.5],"texture":"#2"},"west":{"uv":[0,0,0.25,2],"texture":"#2"},"up":{"uv":[0,0,2,0.5],"texture":"#2"},"down":{"uv":[0,0,2,0.5],"texture":"#2"}}},{"from":[8,15,5],"to":[8,18,9],"rotation":{"angle":45,"axis":"y","origin":[0,7,4]},"faces":{"north":{"uv":[0,0,0.25,2],"texture":"#2"},"east":{"uv":[13,1.75,15,3.5],"texture":"#2"},"south":{"uv":[0,0,0.25,2],"texture":"#2"},"west":{"uv":[13,1.75,15,3.5],"texture":"#2"},"up":{"uv":[0,0,2,0.5],"rotation":90,"texture":"#2"},"down":{"uv":[0,0,2,0.5],"rotation":270,"texture":"#2"}}},{"from":[10,12,10],"to":[10,15,14],"rotation":{"angle":0,"axis":"y","origin":[0,7,4]},"faces":{"north":{"uv":[0,0,0.25,2],"texture":"#2"},"east":{"uv":[13,1.75,15,3.5],"texture":"#2"},"south":{"uv":[0,0,0.25,2],"texture":"#2"},"west":{"uv":[13,1.75,15,3.5],"texture":"#2"},"up":{"uv":[0,0,2,0.5],"rotation":270,"texture":"#2"},"down":{"uv":[0,0,2,0.5],"rotation":90,"texture":"#2"}}},{"from":[8,12,12],"to":[12,15,12],"rotation":{"angle":0,"axis":"y","origin":[0,7,4]},"faces":{"north":{"uv":[13,1.75,15,3.5],"texture":"#2"},"east":{"uv":[0,0,0.25,2],"texture":"#2"},"south":{"uv":[13,1.75,15,3.5],"texture":"#2"},"west":{"uv":[0,0,0.25,2],"texture":"#2"},"up":{"uv":[0,0,2,0.5],"texture":"#2"},"down":{"uv":[0,0,2,0.5],"texture":"#2"}}},{"from":[5,0,11],"to":[7,6,13],"rotation":{"angle":0,"axis":"y","origin":[0,6,4]},"faces":{"north":{"uv":[1,5,2,8],"texture":"#3"},"east":{"uv":[0,5,1,8],"texture":"#3"},"south":{"uv":[3,5,4,8],"texture":"#3"},"west":{"uv":[2,5,3,8],"texture":"#3"},"up":{"uv":[1,4,2,5],"texture":"#3"},"down":{"uv":[2,4,3,5],"texture":"#3"}}},{"from":[9,0,11],"to":[11,6,13],"rotation":{"angle":0,"axis":"y","origin":[0,6,4]},"faces":{"north":{"uv":[1,5,2,8],"texture":"#3"},"east":{"uv":[0,5,1,8],"texture":"#3"},"south":{"uv":[3,5,4,8],"texture":"#3"},"west":{"uv":[2,5,3,8],"texture":"#3"},"up":{"uv":[1,4,2,5],"texture":"#3"},"down":{"uv":[2,4,3,5],"texture":"#3"}}},{"from":[9,0,4],"to":[11,6,6],"rotation":{"angle":0,"axis":"y","origin":[0,6,4]},"faces":{"north":{"uv":[1,5,2,8],"texture":"#3"},"east":{"uv":[0,5,1,8],"texture":"#3"},"south":{"uv":[3,5,4,8],"texture":"#3"},"west":{"uv":[2,5,3,8],"texture":"#3"},"up":{"uv":[1,4,2,5],"texture":"#3"},"down":{"uv":[2,4,3,5],"texture":"#3"}}},{"from":[5,0,4],"to":[7,6,6],"rotation":{"angle":0,"axis":"y","origin":[0,6,4]},"faces":{"north":{"uv":[1,5,2,8],"texture":"#3"},"east":{"uv":[0,5,1,8],"texture":"#3"},"south":{"uv":[3,5,4,8],"texture":"#3"},"west":{"uv":[2,5,3,8],"texture":"#3"},"up":{"uv":[1,4,2,5],"texture":"#3"},"down":{"uv":[2,4,3,5],"texture":"#3"}}},{"from":[5,6,4],"to":[11,11,13],"rotation":{"angle":0,"axis":"x","origin":[0,6,4]},"faces":{"north":{"uv":[10,1,7,3.5],"rotation":180,"texture":"#3"},"east":{"uv":[10,3.5,12.5,8],"rotation":90,"texture":"#3"},"south":{"uv":[10,1,13,3.5],"texture":"#3"},"west":{"uv":[4.5,8,7,3.5],"rotation":270,"texture":"#3"},"up":{"uv":[15.5,3.5,12.5,8],"texture":"#3"},"down":{"uv":[7,3.5,10,8],"rotation":180,"texture":"#3"}}},{"from":[7,5.5,10],"to":[9,6,13],"rotation":{"angle":0,"axis":"x","origin":[0,6,4]},"faces":{"north":{"uv":[8,6.5,9,6.75],"rotation":180,"texture":"#3"},"east":{"uv":[9,6.5,9.25,8],"rotation":270,"texture":"#3"},"south":{"uv":[8,7.75,9,8],"texture":"#3"},"west":{"uv":[7.75,6.5,8,8],"rotation":90,"texture":"#3"},"up":{"uv":[8,6.5,9,8],"rotation":180,"texture":"#3"},"down":{"uv":[8,6.5,9,8],"texture":"#3"}}},{"from":[4,6,-2],"to":[12,14,4],"rotation":{"angle":0,"axis":"y","origin":[0,6,4]},"faces":{"north":{"uv":[1.5,1.5,3.5,3.5],"texture":"#3"},"east":{"uv":[0,1.5,1.5,3.5],"texture":"#3"},"south":{"uv":[7,1.5,5,3.5],"texture":"#3"},"west":{"uv":[3.5,1.5,5,3.5],"texture":"#3"},"up":{"uv":[3.5,1.5,1.5,0],"texture":"#3"},"down":{"uv":[3.5,0,5.5,1.5],"texture":"#3"}}},{"from":[3,12,0],"to":[4,15,1],"rotation":{"angle":0,"axis":"y","origin":[0,6,4]},"faces":{"north":{"uv":[6.25,0.25,6.5,1],"texture":"#3"},"east":{"uv":[6,0.25,6.25,1],"texture":"#3"},"south":{"uv":[5.75,0.25,6,1],"texture":"#3"},"west":{"uv":[5.5,0.25,5.75,1],"texture":"#3"},"up":{"uv":[5.75,0,6,0.25],"texture":"#3"},"down":{"uv":[6,0,6.25,0.25],"texture":"#3"}}},{"from":[12,12,0],"to":[13,15,1],"rotation":{"angle":0,"axis":"y","origin":[0,6,4]},"faces":{"north":{"uv":[6.25,0.25,6.5,1],"texture":"#3"},"east":{"uv":[6,0.25,6.25,1],"texture":"#3"},"south":{"uv":[5.75,0.25,6,1],"texture":"#3"},"west":{"uv":[5.5,0.25,5.75,1],"texture":"#3"},"up":{"uv":[5.75,0,6,0.25],"texture":"#3"},"down":{"uv":[6,0,6.25,0.25],"texture":"#3"}}},{"from":[2,11,10],"to":[2,14,14],"rotation":{"angle":45,"axis":"y","origin":[0,6,4]},"faces":{"north":{"uv":[0,0,0.25,2],"texture":"#3"},"east":{"uv":[13,1.75,15,3.5],"texture":"#3"},"south":{"uv":[0,0,0.25,2],"texture":"#3"},"west":{"uv":[13,1.75,15,3.5],"texture":"#3"},"up":{"uv":[0,0,2,0.5],"rotation":90,"texture":"#3"},"down":{"uv":[0,0,2,0.5],"rotation":270,"texture":"#3"}}},{"from":[0,11,12],"to":[4,14,12],"rotation":{"angle":45,"axis":"y","origin":[0,6,4]},"faces":{"north":{"uv":[13,1.75,15,3.5],"texture":"#3"},"east":{"uv":[0,0,0.25,2],"texture":"#3"},"south":{"uv":[13,1.75,15,3.5],"texture":"#3"},"west":{"uv":[0,0,0.25,2],"texture":"#3"},"up":{"uv":[0,0,2,0.5],"texture":"#3"},"down":{"uv":[0,0,2,0.5],"texture":"#3"}}},{"from":[6,14,7],"to":[10,17,7],"rotation":{"angle":45,"axis":"y","origin":[0,6,4]},"faces":{"north":{"uv":[13,1.75,15,3.5],"texture":"#3"},"east":{"uv":[0,0,0.25,2],"texture":"#3"},"south":{"uv":[13,1.75,15,3.5],"texture":"#3"},"west":{"uv":[0,0,0.25,2],"texture":"#3"},"up":{"uv":[0,0,2,0.5],"texture":"#3"},"down":{"uv":[0,0,2,0.5],"texture":"#3"}}},{"from":[8,14,5],"to":[8,17,9],"rotation":{"angle":45,"axis":"y","origin":[0,6,4]},"faces":{"north":{"uv":[0,0,0.25,2],"texture":"#3"},"east":{"uv":[13,1.75,15,3.5],"texture":"#3"},"south":{"uv":[0,0,0.25,2],"texture":"#3"},"west":{"uv":[13,1.75,15,3.5],"texture":"#3"},"up":{"uv":[0,0,2,0.5],"rotation":90,"texture":"#3"},"down":{"uv":[0,0,2,0.5],"rotation":270,"texture":"#3"}}},{"from":[10,11,10],"to":[10,14,14],"rotation":{"angle":0,"axis":"y","origin":[0,6,4]},"faces":{"north":{"uv":[0,0,0.25,2],"texture":"#3"},"east":{"uv":[13,1.75,15,3.5],"texture":"#3"},"south":{"uv":[0,0,0.25,2],"texture":"#3"},"west":{"uv":[13,1.75,15,3.5],"texture":"#3"},"up":{"uv":[0,0,2,0.5],"rotation":270,"texture":"#3"},"down":{"uv":[0,0,2,0.5],"rotation":90,"texture":"#3"}}},{"from":[8,11,12],"to":[12,14,12],"rotation":{"angle":0,"axis":"y","origin":[0,6,4]},"faces":{"north":{"uv":[13,1.75,15,3.5],"texture":"#3"},"east":{"uv":[0,0,0.25,2],"texture":"#3"},"south":{"uv":[13,1.75,15,3.5],"texture":"#3"},"west":{"uv":[0,0,0.25,2],"texture":"#3"},"up":{"uv":[0,0,2,0.5],"texture":"#3"},"down":{"uv":[0,0,2,0.5],"texture":"#3"}}},{"from":[5,0,11],"to":[7,6,13],"rotation":{"angle":0,"axis":"y","origin":[0,6,4]},"faces":{"north":{"uv":[1,5,2,8],"texture":"#6"},"east":{"uv":[0,5,1,8],"texture":"#6"},"south":{"uv":[3,5,4,8],"texture":"#6"},"west":{"uv":[2,5,3,8],"texture":"#6"},"up":{"uv":[1,4,2,5],"texture":"#6"},"down":{"uv":[2,4,3,5],"texture":"#6"}}},{"from":[9,0,11],"to":[11,6,13],"rotation":{"angle":0,"axis":"y","origin":[0,6,4]},"faces":{"north":{"uv":[1,5,2,8],"texture":"#6"},"east":{"uv":[0,5,1,8],"texture":"#6"},"south":{"uv":[3,5,4,8],"texture":"#6"},"west":{"uv":[2,5,3,8],"texture":"#6"},"up":{"uv":[1,4,2,5],"texture":"#6"},"down":{"uv":[2,4,3,5],"texture":"#6"}}},{"from":[9,0,4],"to":[11,6,6],"rotation":{"angle":0,"axis":"y","origin":[0,6,4]},"faces":{"north":{"uv":[1,5,2,8],"texture":"#6"},"east":{"uv":[0,5,1,8],"texture":"#6"},"south":{"uv":[3,5,4,8],"texture":"#6"},"west":{"uv":[2,5,3,8],"texture":"#6"},"up":{"uv":[1,4,2,5],"texture":"#6"},"down":{"uv":[2,4,3,5],"texture":"#6"}}},{"from":[5,0,4],"to":[7,6,6],"rotation":{"angle":0,"axis":"y","origin":[0,6,4]},"faces":{"north":{"uv":[1,5,2,8],"texture":"#6"},"east":{"uv":[0,5,1,8],"texture":"#6"},"south":{"uv":[3,5,4,8],"texture":"#6"},"west":{"uv":[2,5,3,8],"texture":"#6"},"up":{"uv":[1,4,2,5],"texture":"#6"},"down":{"uv":[2,4,3,5],"texture":"#6"}}},{"from":[5,6,4],"to":[11,11,13],"rotation":{"angle":0,"axis":"x","origin":[0,6,4]},"faces":{"north":{"uv":[10,1,7,3.5],"rotation":180,"texture":"#6"},"east":{"uv":[10,3.5,12.5,8],"rotation":90,"texture":"#6"},"south":{"uv":[10,1,13,3.5],"texture":"#6"},"west":{"uv":[4.5,8,7,3.5],"rotation":270,"texture":"#6"},"up":{"uv":[15.5,3.5,12.5,8],"texture":"#6"},"down":{"uv":[7,3.5,10,8],"rotation":180,"texture":"#6"}}},{"from":[7,5.5,10],"to":[9,6,13],"rotation":{"angle":0,"axis":"x","origin":[0,6,4]},"faces":{"north":{"uv":[8,6.5,9,6.75],"rotation":180,"texture":"#6"},"east":{"uv":[9,6.5,9.25,8],"rotation":270,"texture":"#6"},"south":{"uv":[8,7.75,9,8],"texture":"#6"},"west":{"uv":[7.75,6.5,8,8],"rotation":90,"texture":"#6"},"up":{"uv":[8,6.5,9,8],"rotation":180,"texture":"#6"},"down":{"uv":[8,6.5,9,8],"texture":"#6"}}},{"from":[4.5,6,1],"to":[12.5,14,7],"rotation":{"angle":22.5,"axis":"y","origin":[0.5,6,7]},"faces":{"north":{"uv":[1.5,1.5,3.5,3.5],"texture":"#6"},"east":{"uv":[0,1.5,1.5,3.5],"texture":"#6"},"south":{"uv":[7,1.5,5,3.5],"texture":"#6"},"west":{"uv":[3.5,1.5,5,3.5],"texture":"#6"},"up":{"uv":[3.5,1.5,1.5,0],"texture":"#6"},"down":{"uv":[3.5,0,5.5,1.5],"texture":"#6"}}},{"from":[3.5,12,3],"to":[4.5,15,4],"rotation":{"angle":22.5,"axis":"y","origin":[0.5,6,7]},"faces":{"north":{"uv":[6.25,0.25,6.5,1],"texture":"#6"},"east":{"uv":[6,0.25,6.25,1],"texture":"#6"},"south":{"uv":[5.75,0.25,6,1],"texture":"#6"},"west":{"uv":[5.5,0.25,5.75,1],"texture":"#6"},"up":{"uv":[5.75,0,6,0.25],"texture":"#6"},"down":{"uv":[6,0,6.25,0.25],"texture":"#6"}}},{"from":[12.5,12,3],"to":[13.5,15,4],"rotation":{"angle":22.5,"axis":"y","origin":[0.5,6,7]},"faces":{"north":{"uv":[6.25,0.25,6.5,1],"texture":"#6"},"east":{"uv":[6,0.25,6.25,1],"texture":"#6"},"south":{"uv":[5.75,0.25,6,1],"texture":"#6"},"west":{"uv":[5.5,0.25,5.75,1],"texture":"#6"},"up":{"uv":[5.75,0,6,0.25],"texture":"#6"},"down":{"uv":[6,0,6.25,0.25],"texture":"#6"}}},{"from":[1.5,14,-1],"to":[5.5,17,-1],"rotation":{"angle":-22.5,"axis":"y","origin":[0.5,6,7]},"faces":{"north":{"uv":[13,1.75,15,3.5],"texture":"#6"},"east":{"uv":[0,0,0.25,2],"texture":"#6"},"south":{"uv":[13,1.75,15,3.5],"texture":"#6"},"west":{"uv":[0,0,0.25,2],"texture":"#6"},"up":{"uv":[0,0,2,0.5],"texture":"#6"},"down":{"uv":[0,0,2,0.5],"texture":"#6"}}},{"from":[3.5,14,-3],"to":[3.5,17,1],"rotation":{"angle":-22.5,"axis":"y","origin":[0.5,6,7]},"faces":{"north":{"uv":[0,0,0.25,2],"texture":"#6"},"east":{"uv":[13,1.75,15,3.5],"texture":"#6"},"south":{"uv":[0,0,0.25,2],"texture":"#6"},"west":{"uv":[13,1.75,15,3.5],"texture":"#6"},"up":{"uv":[0,0,2,0.5],"rotation":270,"texture":"#6"},"down":{"uv":[0,0,2,0.5],"rotation":90,"texture":"#6"}}},{"from":[2,11,10],"to":[2,14,14],"rotation":{"angle":45,"axis":"y","origin":[0,6,4]},"faces":{"north":{"uv":[0,0,0.25,2],"texture":"#6"},"east":{"uv":[13,1.75,15,3.5],"texture":"#6"},"south":{"uv":[0,0,0.25,2],"texture":"#6"},"west":{"uv":[13,1.75,15,3.5],"texture":"#6"},"up":{"uv":[0,0,2,0.5],"rotation":90,"texture":"#6"},"down":{"uv":[0,0,2,0.5],"rotation":270,"texture":"#6"}}},{"from":[0,11,12],"to":[4,14,12],"rotation":{"angle":45,"axis":"y","origin":[0,6,4]},"faces":{"north":{"uv":[13,1.75,15,3.5],"texture":"#6"},"east":{"uv":[0,0,0.25,2],"texture":"#6"},"south":{"uv":[13,1.75,15,3.5],"texture":"#6"},"west":{"uv":[0,0,0.25,2],"texture":"#6"},"up":{"uv":[0,0,2,0.5],"texture":"#6"},"down":{"uv":[0,0,2,0.5],"texture":"#6"}}},{"from":[10,11,10],"to":[10,14,14],"rotation":{"angle":0,"axis":"y","origin":[0,6,4]},"faces":{"north":{"uv":[0,0,0.25,2],"texture":"#6"},"east":{"uv":[13,1.75,15,3.5],"texture":"#6"},"south":{"uv":[0,0,0.25,2],"texture":"#6"},"west":{"uv":[13,1.75,15,3.5],"texture":"#6"},"up":{"uv":[0,0,2,0.5],"rotation":270,"texture":"#6"},"down":{"uv":[0,0,2,0.5],"rotation":90,"texture":"#6"}}},{"from":[8,11,12],"to":[12,14,12],"rotation":{"angle":0,"axis":"y","origin":[0,6,4]},"faces":{"north":{"uv":[13,1.75,15,3.5],"texture":"#6"},"east":{"uv":[0,0,0.25,2],"texture":"#6"},"south":{"uv":[13,1.75,15,3.5],"texture":"#6"},"west":{"uv":[0,0,0.25,2],"texture":"#6"},"up":{"uv":[0,0,2,0.5],"texture":"#6"},"down":{"uv":[0,0,2,0.5],"texture":"#6"}}},{"from":[5,0,11],"to":[7,6,13],"rotation":{"angle":0,"axis":"y","origin":[0,6,4]},"faces":{"north":{"uv":[1,5,2,8],"texture":"#7"},"east":{"uv":[0,5,1,8],"texture":"#7"},"south":{"uv":[3,5,4,8],"texture":"#7"},"west":{"uv":[2,5,3,8],"texture":"#7"},"up":{"uv":[1,4,2,5],"texture":"#7"},"down":{"uv":[2,4,3,5],"texture":"#7"}}},{"from":[9,0,11],"to":[11,6,13],"rotation":{"angle":0,"axis":"y","origin":[0,6,4]},"faces":{"north":{"uv":[1,5,2,8],"texture":"#7"},"east":{"uv":[0,5,1,8],"texture":"#7"},"south":{"uv":[3,5,4,8],"texture":"#7"},"west":{"uv":[2,5,3,8],"texture":"#7"},"up":{"uv":[1,4,2,5],"texture":"#7"},"down":{"uv":[2,4,3,5],"texture":"#7"}}},{"from":[9,0,4],"to":[11,6,6],"rotation":{"angle":0,"axis":"y","origin":[0,6,4]},"faces":{"north":{"uv":[1,5,2,8],"texture":"#7"},"east":{"uv":[0,5,1,8],"texture":"#7"},"south":{"uv":[3,5,4,8],"texture":"#7"},"west":{"uv":[2,5,3,8],"texture":"#7"},"up":{"uv":[1,4,2,5],"texture":"#7"},"down":{"uv":[2,4,3,5],"texture":"#7"}}},{"from":[5,0,4],"to":[7,6,6],"rotation":{"angle":0,"axis":"y","origin":[0,6,4]},"faces":{"north":{"uv":[1,5,2,8],"texture":"#7"},"east":{"uv":[0,5,1,8],"texture":"#7"},"south":{"uv":[3,5,4,8],"texture":"#7"},"west":{"uv":[2,5,3,8],"texture":"#7"},"up":{"uv":[1,4,2,5],"texture":"#7"},"down":{"uv":[2,4,3,5],"texture":"#7"}}},{"from":[5,6,4],"to":[11,11,13],"rotation":{"angle":0,"axis":"x","origin":[0,6,4]},"faces":{"north":{"uv":[10,1,7,3.5],"rotation":180,"texture":"#7"},"east":{"uv":[10,3.5,12.5,8],"rotation":90,"texture":"#7"},"south":{"uv":[10,1,13,3.5],"texture":"#7"},"west":{"uv":[4.5,8,7,3.5],"rotation":270,"texture":"#7"},"up":{"uv":[15.5,3.5,12.5,8],"texture":"#7"},"down":{"uv":[7,3.5,10,8],"rotation":180,"texture":"#7"}}},{"from":[7,5.5,10],"to":[9,6,13],"rotation":{"angle":0,"axis":"x","origin":[0,6,4]},"faces":{"north":{"uv":[8,6.5,9,6.75],"rotation":180,"texture":"#7"},"east":{"uv":[9,6.5,9.25,8],"rotation":270,"texture":"#7"},"south":{"uv":[8,7.75,9,8],"texture":"#7"},"west":{"uv":[7.75,6.5,8,8],"rotation":90,"texture":"#7"},"up":{"uv":[8,6.5,9,8],"rotation":180,"texture":"#7"},"down":{"uv":[8,6.5,9,8],"texture":"#7"}}},{"from":[4,6,-2],"to":[12,14,4],"rotation":{"angle":0,"axis":"y","origin":[0,6,4]},"faces":{"north":{"uv":[1.5,1.5,3.5,3.5],"texture":"#7"},"east":{"uv":[0,1.5,1.5,3.5],"texture":"#7"},"south":{"uv":[7,1.5,5,3.5],"texture":"#7"},"west":{"uv":[3.5,1.5,5,3.5],"texture":"#7"},"up":{"uv":[3.5,1.5,1.5,0],"texture":"#7"},"down":{"uv":[3.5,0,5.5,1.5],"texture":"#7"}}},{"from":[3,12,0],"to":[4,15,1],"rotation":{"angle":0,"axis":"y","origin":[0,6,4]},"faces":{"north":{"uv":[6.25,0.25,6.5,1],"texture":"#7"},"east":{"uv":[6,0.25,6.25,1],"texture":"#7"},"south":{"uv":[5.75,0.25,6,1],"texture":"#7"},"west":{"uv":[5.5,0.25,5.75,1],"texture":"#7"},"up":{"uv":[5.75,0,6,0.25],"texture":"#7"},"down":{"uv":[6,0,6.25,0.25],"texture":"#7"}}},{"from":[12,12,0],"to":[13,15,1],"rotation":{"angle":0,"axis":"y","origin":[0,6,4]},"faces":{"north":{"uv":[6.25,0.25,6.5,1],"texture":"#7"},"east":{"uv":[6,0.25,6.25,1],"texture":"#7"},"south":{"uv":[5.75,0.25,6,1],"texture":"#7"},"west":{"uv":[5.5,0.25,5.75,1],"texture":"#7"},"up":{"uv":[5.75,0,6,0.25],"texture":"#7"},"down":{"uv":[6,0,6.25,0.25],"texture":"#7"}}},{"from":[2,11,10],"to":[2,14,14],"rotation":{"angle":45,"axis":"y","origin":[0,6,4]},"faces":{"north":{"uv":[0,0,0.25,2],"texture":"#7"},"east":{"uv":[13,1.75,15,3.5],"texture":"#7"},"south":{"uv":[0,0,0.25,2],"texture":"#7"},"west":{"uv":[13,1.75,15,3.5],"texture":"#7"},"up":{"uv":[0,0,2,0.5],"rotation":90,"texture":"#7"},"down":{"uv":[0,0,2,0.5],"rotation":270,"texture":"#7"}}},{"from":[0,11,12],"to":[4,14,12],"rotation":{"angle":45,"axis":"y","origin":[0,6,4]},"faces":{"north":{"uv":[13,1.75,15,3.5],"texture":"#7"},"east":{"uv":[0,0,0.25,2],"texture":"#7"},"south":{"uv":[13,1.75,15,3.5],"texture":"#7"},"west":{"uv":[0,0,0.25,2],"texture":"#7"},"up":{"uv":[0,0,2,0.5],"texture":"#7"},"down":{"uv":[0,0,2,0.5],"texture":"#7"}}},{"from":[6,14,7],"to":[10,17,7],"rotation":{"angle":45,"axis":"y","origin":[0,6,4]},"faces":{"north":{"uv":[13,1.75,15,3.5],"texture":"#7"},"east":{"uv":[0,0,0.25,2],"texture":"#7"},"south":{"uv":[13,1.75,15,3.5],"texture":"#7"},"west":{"uv":[0,0,0.25,2],"texture":"#7"},"up":{"uv":[0,0,2,0.5],"texture":"#7"},"down":{"uv":[0,0,2,0.5],"texture":"#7"}}},{"from":[8,14,5],"to":[8,17,9],"rotation":{"angle":45,"axis":"y","origin":[0,6,4]},"faces":{"north":{"uv":[0,0,0.25,2],"texture":"#7"},"east":{"uv":[13,1.75,15,3.5],"texture":"#7"},"south":{"uv":[0,0,0.25,2],"texture":"#7"},"west":{"uv":[13,1.75,15,3.5],"texture":"#7"},"up":{"uv":[0,0,2,0.5],"rotation":90,"texture":"#7"},"down":{"uv":[0,0,2,0.5],"rotation":270,"texture":"#7"}}},{"from":[10,11,10],"to":[10,14,14],"rotation":{"angle":0,"axis":"y","origin":[0,6,4]},"faces":{"north":{"uv":[0,0,0.25,2],"texture":"#7"},"east":{"uv":[13,1.75,15,3.5],"texture":"#7"},"south":{"uv":[0,0,0.25,2],"texture":"#7"},"west":{"uv":[13,1.75,15,3.5],"texture":"#7"},"up":{"uv":[0,0,2,0.5],"rotation":270,"texture":"#7"},"down":{"uv":[0,0,2,0.5],"rotation":90,"texture":"#7"}}},{"from":[8,11,12],"to":[12,14,12],"rotation":{"angle":0,"axis":"y","origin":[0,6,4]},"faces":{"north":{"uv":[13,1.75,15,3.5],"texture":"#7"},"east":{"uv":[0,0,0.25,2],"texture":"#7"},"south":{"uv":[13,1.75,15,3.5],"texture":"#7"},"west":{"uv":[0,0,0.25,2],"texture":"#7"},"up":{"uv":[0,0,2,0.5],"texture":"#7"},"down":{"uv":[0,0,2,0.5],"texture":"#7"}}},{"from":[5,0,11],"to":[7,6,13],"rotation":{"angle":0,"axis":"y","origin":[0,6,4]},"faces":{"north":{"uv":[1,5,2,8],"texture":"#8"},"east":{"uv":[0,5,1,8],"texture":"#8"},"south":{"uv":[3,5,4,8],"texture":"#8"},"west":{"uv":[2,5,3,8],"texture":"#8"},"up":{"uv":[1,4,2,5],"texture":"#8"},"down":{"uv":[2,4,3,5],"texture":"#8"}}},{"from":[9,0,11],"to":[11,6,13],"rotation":{"angle":0,"axis":"y","origin":[0,6,4]},"faces":{"north":{"uv":[1,5,2,8],"texture":"#8"},"east":{"uv":[0,5,1,8],"texture":"#8"},"south":{"uv":[3,5,4,8],"texture":"#8"},"west":{"uv":[2,5,3,8],"texture":"#8"},"up":{"uv":[1,4,2,5],"texture":"#8"},"down":{"uv":[2,4,3,5],"texture":"#8"}}},{"from":[9,0,4],"to":[11,6,6],"rotation":{"angle":0,"axis":"y","origin":[0,6,4]},"faces":{"north":{"uv":[1,5,2,8],"texture":"#8"},"east":{"uv":[0,5,1,8],"texture":"#8"},"south":{"uv":[3,5,4,8],"texture":"#8"},"west":{"uv":[2,5,3,8],"texture":"#8"},"up":{"uv":[1,4,2,5],"texture":"#8"},"down":{"uv":[2,4,3,5],"texture":"#8"}}},{"from":[5,0,4],"to":[7,6,6],"rotation":{"angle":0,"axis":"y","origin":[0,6,4]},"faces":{"north":{"uv":[1,5,2,8],"texture":"#8"},"east":{"uv":[0,5,1,8],"texture":"#8"},"south":{"uv":[3,5,4,8],"texture":"#8"},"west":{"uv":[2,5,3,8],"texture":"#8"},"up":{"uv":[1,4,2,5],"texture":"#8"},"down":{"uv":[2,4,3,5],"texture":"#8"}}},{"from":[5,6,4],"to":[11,11,13],"rotation":{"angle":0,"axis":"x","origin":[0,6,4]},"faces":{"north":{"uv":[10,1,7,3.5],"rotation":180,"texture":"#8"},"east":{"uv":[10,3.5,12.5,8],"rotation":90,"texture":"#8"},"south":{"uv":[10,1,13,3.5],"texture":"#8"},"west":{"uv":[4.5,8,7,3.5],"rotation":270,"texture":"#8"},"up":{"uv":[15.5,3.5,12.5,8],"texture":"#8"},"down":{"uv":[7,3.5,10,8],"rotation":180,"texture":"#8"}}},{"from":[7,5.5,10],"to":[9,6,13],"rotation":{"angle":0,"axis":"x","origin":[0,6,4]},"faces":{"north":{"uv":[8,6.5,9,6.75],"rotation":180,"texture":"#8"},"east":{"uv":[9,6.5,9.25,8],"rotation":270,"texture":"#8"},"south":{"uv":[8,7.75,9,8],"texture":"#8"},"west":{"uv":[7.75,6.5,8,8],"rotation":90,"texture":"#8"},"up":{"uv":[8,6.5,9,8],"rotation":180,"texture":"#8"},"down":{"uv":[8,6.5,9,8],"texture":"#8"}}},{"from":[4.75,6,-5],"to":[12.75,14,1],"rotation":{"angle":-22.5,"axis":"y","origin":[0.75,6,1]},"faces":{"north":{"uv":[1.5,1.5,3.5,3.5],"texture":"#8"},"east":{"uv":[0,1.5,1.5,3.5],"texture":"#8"},"south":{"uv":[7,1.5,5,3.5],"texture":"#8"},"west":{"uv":[3.5,1.5,5,3.5],"texture":"#8"},"up":{"uv":[3.5,1.5,1.5,0],"texture":"#8"},"down":{"uv":[3.5,0,5.5,1.5],"texture":"#8"}}},{"from":[3.75,12,-3],"to":[4.75,15,-2],"rotation":{"angle":-22.5,"axis":"y","origin":[0.75,6,1]},"faces":{"north":{"uv":[6.25,0.25,6.5,1],"texture":"#8"},"east":{"uv":[6,0.25,6.25,1],"texture":"#8"},"south":{"uv":[5.75,0.25,6,1],"texture":"#8"},"west":{"uv":[5.5,0.25,5.75,1],"texture":"#8"},"up":{"uv":[5.75,0,6,0.25],"texture":"#8"},"down":{"uv":[6,0,6.25,0.25],"texture":"#8"}}},{"from":[12.75,12,-3],"to":[13.75,15,-2],"rotation":{"angle":-22.5,"axis":"y","origin":[0.75,6,1]},"faces":{"north":{"uv":[6.25,0.25,6.5,1],"texture":"#8"},"east":{"uv":[6,0.25,6.25,1],"texture":"#8"},"south":{"uv":[5.75,0.25,6,1],"texture":"#8"},"west":{"uv":[5.5,0.25,5.75,1],"texture":"#8"},"up":{"uv":[5.75,0,6,0.25],"texture":"#8"},"down":{"uv":[6,0,6.25,0.25],"texture":"#8"}}},{"from":[8.75,14,2],"to":[8.75,17,6],"rotation":{"angle":22.5,"axis":"y","origin":[0.75,6,1]},"faces":{"north":{"uv":[0,0,0.25,2],"texture":"#8"},"east":{"uv":[13,1.75,15,3.5],"texture":"#8"},"south":{"uv":[0,0,0.25,2],"texture":"#8"},"west":{"uv":[13,1.75,15,3.5],"texture":"#8"},"up":{"uv":[0,0,2,0.5],"rotation":90,"texture":"#8"},"down":{"uv":[0,0,2,0.5],"rotation":270,"texture":"#8"}}},{"from":[6.75,14,4],"to":[10.75,17,4],"rotation":{"angle":22.5,"axis":"y","origin":[0.75,6,1]},"faces":{"north":{"uv":[13,1.75,15,3.5],"texture":"#8"},"east":{"uv":[0,0,0.25,2],"texture":"#8"},"south":{"uv":[13,1.75,15,3.5],"texture":"#8"},"west":{"uv":[0,0,0.25,2],"texture":"#8"},"up":{"uv":[0,0,2,0.5],"texture":"#8"},"down":{"uv":[0,0,2,0.5],"texture":"#8"}}},{"from":[2,11,10],"to":[2,14,14],"rotation":{"angle":45,"axis":"y","origin":[0,6,4]},"faces":{"north":{"uv":[0,0,0.25,2],"texture":"#8"},"east":{"uv":[13,1.75,15,3.5],"texture":"#8"},"south":{"uv":[0,0,0.25,2],"texture":"#8"},"west":{"uv":[13,1.75,15,3.5],"texture":"#8"},"up":{"uv":[0,0,2,0.5],"rotation":90,"texture":"#8"},"down":{"uv":[0,0,2,0.5],"rotation":270,"texture":"#8"}}},{"from":[0,11,12],"to":[4,14,12],"rotation":{"angle":45,"axis":"y","origin":[0,6,4]},"faces":{"north":{"uv":[13,1.75,15,3.5],"texture":"#8"},"east":{"uv":[0,0,0.25,2],"texture":"#8"},"south":{"uv":[13,1.75,15,3.5],"texture":"#8"},"west":{"uv":[0,0,0.25,2],"texture":"#8"},"up":{"uv":[0,0,2,0.5],"texture":"#8"},"down":{"uv":[0,0,2,0.5],"texture":"#8"}}},{"from":[10,11,10],"to":[10,14,14],"rotation":{"angle":0,"axis":"y","origin":[0,6,4]},"faces":{"north":{"uv":[0,0,0.25,2],"texture":"#8"},"east":{"uv":[13,1.75,15,3.5],"texture":"#8"},"south":{"uv":[0,0,0.25,2],"texture":"#8"},"west":{"uv":[13,1.75,15,3.5],"texture":"#8"},"up":{"uv":[0,0,2,0.5],"rotation":270,"texture":"#8"},"down":{"uv":[0,0,2,0.5],"rotation":90,"texture":"#8"}}},{"from":[8,11,12],"to":[12,14,12],"rotation":{"angle":0,"axis":"y","origin":[0,6,4]},"faces":{"north":{"uv":[13,1.75,15,3.5],"texture":"#8"},"east":{"uv":[0,0,0.25,2],"texture":"#8"},"south":{"uv":[13,1.75,15,3.5],"texture":"#8"},"west":{"uv":[0,0,0.25,2],"texture":"#8"},"up":{"uv":[0,0,2,0.5],"texture":"#8"},"down":{"uv":[0,0,2,0.5],"texture":"#8"}}},{"from":[5,0,11],"to":[7,6,13],"rotation":{"angle":0,"axis":"y","origin":[0,6,4]},"faces":{"north":{"uv":[1,5,2,8],"texture":"#9"},"east":{"uv":[0,5,1,8],"texture":"#9"},"south":{"uv":[3,5,4,8],"texture":"#9"},"west":{"uv":[2,5,3,8],"texture":"#9"},"up":{"uv":[1,4,2,5],"texture":"#9"},"down":{"uv":[2,4,3,5],"texture":"#9"}}},{"from":[9,0,11],"to":[11,6,13],"rotation":{"angle":0,"axis":"y","origin":[0,6,4]},"faces":{"north":{"uv":[1,5,2,8],"texture":"#9"},"east":{"uv":[0,5,1,8],"texture":"#9"},"south":{"uv":[3,5,4,8],"texture":"#9"},"west":{"uv":[2,5,3,8],"texture":"#9"},"up":{"uv":[1,4,2,5],"texture":"#9"},"down":{"uv":[2,4,3,5],"texture":"#9"}}},{"from":[9,0,4],"to":[11,6,6],"rotation":{"angle":0,"axis":"y","origin":[0,6,4]},"faces":{"north":{"uv":[1,5,2,8],"texture":"#9"},"east":{"uv":[0,5,1,8],"texture":"#9"},"south":{"uv":[3,5,4,8],"texture":"#9"},"west":{"uv":[2,5,3,8],"texture":"#9"},"up":{"uv":[1,4,2,5],"texture":"#9"},"down":{"uv":[2,4,3,5],"texture":"#9"}}},{"from":[5,0,4],"to":[7,6,6],"rotation":{"angle":0,"axis":"y","origin":[0,6,4]},"faces":{"north":{"uv":[1,5,2,8],"texture":"#9"},"east":{"uv":[0,5,1,8],"texture":"#9"},"south":{"uv":[3,5,4,8],"texture":"#9"},"west":{"uv":[2,5,3,8],"texture":"#9"},"up":{"uv":[1,4,2,5],"texture":"#9"},"down":{"uv":[2,4,3,5],"texture":"#9"}}},{"from":[5,6,4],"to":[11,11,13],"rotation":{"angle":0,"axis":"x","origin":[0,6,4]},"faces":{"north":{"uv":[10,1,7,3.5],"rotation":180,"texture":"#9"},"east":{"uv":[10,3.5,12.5,8],"rotation":90,"texture":"#9"},"south":{"uv":[10,1,13,3.5],"texture":"#9"},"west":{"uv":[4.5,8,7,3.5],"rotation":270,"texture":"#9"},"up":{"uv":[15.5,3.5,12.5,8],"texture":"#9"},"down":{"uv":[7,3.5,10,8],"rotation":180,"texture":"#9"}}},{"from":[7,5.5,10],"to":[9,6,13],"rotation":{"angle":0,"axis":"x","origin":[0,6,4]},"faces":{"north":{"uv":[8,6.5,9,6.75],"rotation":180,"texture":"#9"},"east":{"uv":[9,6.5,9.25,8],"rotation":270,"texture":"#9"},"south":{"uv":[8,7.75,9,8],"texture":"#9"},"west":{"uv":[7.75,6.5,8,8],"rotation":90,"texture":"#9"},"up":{"uv":[8,6.5,9,8],"rotation":180,"texture":"#9"},"down":{"uv":[8,6.5,9,8],"texture":"#9"}}},{"from":[4,6,-2],"to":[12,14,4],"rotation":{"angle":0,"axis":"y","origin":[0,6,4]},"faces":{"north":{"uv":[1.5,1.5,3.5,3.5],"texture":"#9"},"east":{"uv":[0,1.5,1.5,3.5],"texture":"#9"},"south":{"uv":[7,1.5,5,3.5],"texture":"#9"},"west":{"uv":[3.5,1.5,5,3.5],"texture":"#9"},"up":{"uv":[3.5,1.5,1.5,0],"texture":"#9"},"down":{"uv":[3.5,0,5.5,1.5],"texture":"#9"}}},{"from":[3,12,0],"to":[4,15,1],"rotation":{"angle":0,"axis":"y","origin":[0,6,4]},"faces":{"north":{"uv":[6.25,0.25,6.5,1],"texture":"#9"},"east":{"uv":[6,0.25,6.25,1],"texture":"#9"},"south":{"uv":[5.75,0.25,6,1],"texture":"#9"},"west":{"uv":[5.5,0.25,5.75,1],"texture":"#9"},"up":{"uv":[5.75,0,6,0.25],"texture":"#9"},"down":{"uv":[6,0,6.25,0.25],"texture":"#9"}}},{"from":[12,12,0],"to":[13,15,1],"rotation":{"angle":0,"axis":"y","origin":[0,6,4]},"faces":{"north":{"uv":[6.25,0.25,6.5,1],"texture":"#9"},"east":{"uv":[6,0.25,6.25,1],"texture":"#9"},"south":{"uv":[5.75,0.25,6,1],"texture":"#9"},"west":{"uv":[5.5,0.25,5.75,1],"texture":"#9"},"up":{"uv":[5.75,0,6,0.25],"texture":"#9"},"down":{"uv":[6,0,6.25,0.25],"texture":"#9"}}},{"from":[2,11,10],"to":[2,14,14],"rotation":{"angle":45,"axis":"y","origin":[0,6,4]},"faces":{"north":{"uv":[0,0,0.25,2],"texture":"#9"},"east":{"uv":[13,1.75,15,3.5],"texture":"#9"},"south":{"uv":[0,0,0.25,2],"texture":"#9"},"west":{"uv":[13,1.75,15,3.5],"texture":"#9"},"up":{"uv":[0,0,2,0.5],"rotation":90,"texture":"#9"},"down":{"uv":[0,0,2,0.5],"rotation":270,"texture":"#9"}}},{"from":[0,11,12],"to":[4,14,12],"rotation":{"angle":45,"axis":"y","origin":[0,6,4]},"faces":{"north":{"uv":[13,1.75,15,3.5],"texture":"#9"},"east":{"uv":[0,0,0.25,2],"texture":"#9"},"south":{"uv":[13,1.75,15,3.5],"texture":"#9"},"west":{"uv":[0,0,0.25,2],"texture":"#9"},"up":{"uv":[0,0,2,0.5],"texture":"#9"},"down":{"uv":[0,0,2,0.5],"texture":"#9"}}},{"from":[6,14,7],"to":[10,17,7],"rotation":{"angle":45,"axis":"y","origin":[0,6,4]},"faces":{"north":{"uv":[13,1.75,15,3.5],"texture":"#9"},"east":{"uv":[0,0,0.25,2],"texture":"#9"},"south":{"uv":[13,1.75,15,3.5],"texture":"#9"},"west":{"uv":[0,0,0.25,2],"texture":"#9"},"up":{"uv":[0,0,2,0.5],"texture":"#9"},"down":{"uv":[0,0,2,0.5],"texture":"#9"}}},{"from":[8,14,5],"to":[8,17,9],"rotation":{"angle":45,"axis":"y","origin":[0,6,4]},"faces":{"north":{"uv":[0,0,0.25,2],"texture":"#9"},"east":{"uv":[13,1.75,15,3.5],"texture":"#9"},"south":{"uv":[0,0,0.25,2],"texture":"#9"},"west":{"uv":[13,1.75,15,3.5],"texture":"#9"},"up":{"uv":[0,0,2,0.5],"rotation":90,"texture":"#9"},"down":{"uv":[0,0,2,0.5],"rotation":270,"texture":"#9"}}},{"from":[10,11,10],"to":[10,14,14],"rotation":{"angle":0,"axis":"y","origin":[0,6,4]},"faces":{"north":{"uv":[0,0,0.25,2],"texture":"#9"},"east":{"uv":[13,1.75,15,3.5],"texture":"#9"},"south":{"uv":[0,0,0.25,2],"texture":"#9"},"west":{"uv":[13,1.75,15,3.5],"texture":"#9"},"up":{"uv":[0,0,2,0.5],"rotation":270,"texture":"#9"},"down":{"uv":[0,0,2,0.5],"rotation":90,"texture":"#9"}}},{"from":[8,11,12],"to":[12,14,12],"rotation":{"angle":0,"axis":"y","origin":[0,6,4]},"faces":{"north":{"uv":[13,1.75,15,3.5],"texture":"#9"},"east":{"uv":[0,0,0.25,2],"texture":"#9"},"south":{"uv":[13,1.75,15,3.5],"texture":"#9"},"west":{"uv":[0,0,0.25,2],"texture":"#9"},"up":{"uv":[0,0,2,0.5],"texture":"#9"},"down":{"uv":[0,0,2,0.5],"texture":"#9"}}}],"display":{"thirdperson_righthand":{"rotation":[75,45,0],"translation":[0,2,0],"scale":[0.375,0.375,0.375]},"thirdperson_lefthand":{"rotation":[75,45,0],"translation":[0,2,0],"scale":[0.375,0.375,0.375]},"firstperson_righthand":{"rotation":[0,45,0],"scale":[0.4,0.4,0.4]},"firstperson_lefthand":{"rotation":[0,45,0],"scale":[0.4,0.4,0.4]},"ground":{"translation":[0,3,0],"scale":[0.25,0.25,0.25]},"gui":{"rotation":[30,225,0],"translation":[-1,0,0],"scale":[0.625,0.625,0.625]},"head":{"rotation":[0,45,0],"translation":[0,19.25,0],"scale":[1.5,1.5,1.5]},"fixed":{"scale":[0.5,0.5,0.5]}},"groups":[{"name":"group","origin":[8,8,8],"color":0,"children":[0,1,2,3,4,5,6,7,8,9,10,11,12,13,14]},{"name":"group","origin":[8,8,8],"color":0,"children":[15,16,17,18,19,20,21,22,23,24,25,26,27,28,29,30,31,32,33]},{"name":"group","origin":[8,8,8],"color":0,"children":[34,35,36,37,38,39,40,41,42,43,44,45,46,47,48]},{"name":"group","origin":[8,8,8],"color":0,"children":[49,50,51,52,53,54,55,56,57,58,59,60,61,62,63]},{"name":"group","origin":[8,8,8],"color":0,"children":[64,65,66,67,68,69,70,71,72,73,74,75,76,77,78]},{"name":"group","origin":[8,8,8],"color":0,"children":[79,80,81,82,83,84,85,86,87,88,89,90,91,92,93]},{"name":"group","origin":[8,8,8],"color":0,"children":[94,95,96,97,98,99,100,101,102,103,104,105,106,107,108]},{"name":"group","origin":[8,8,8],"color":0,"children":[109,110,111,112,113,114,115,116,117,118,119,120,121,122,123]}]}