{"credit":"By KeepMeow","texture_size":[64,64],"textures":{"0":"entity/shulker/shulker_orange"},"elements":[{"from":[0,17.25,0],"to":[16,17.25,16],"faces":{"north":{"uv":[4,4,8,7],"texture":"#0"},"east":{"uv":[0,4,4,7],"texture":"#0"},"south":{"uv":[12,4,16,7],"texture":"#0"},"west":{"uv":[8,4,12,7],"texture":"#0"},"up":{"uv":[8,4,4,0],"texture":"#0"},"down":{"uv":[8,0,4,4],"texture":"#0"}}},{"from":[0,7.25,0],"to":[16,17.25,0],"faces":{"north":{"uv":[4,4,8,7],"texture":"#0"},"east":{"uv":[0,4,4,7],"texture":"#0"},"south":{"uv":[16,4,12,7],"texture":"#0"},"west":{"uv":[8,4,12,7],"texture":"#0"},"up":{"uv":[8,4,4,0],"texture":"#0"},"down":{"uv":[8,0,4,4],"texture":"#0"}}},{"from":[0,7.25,16],"to":[16,17.25,16],"faces":{"north":{"uv":[8,4,4,7],"texture":"#0"},"east":{"uv":[0,4,4,7],"texture":"#0"},"south":{"uv":[12,4,16,7],"texture":"#0"},"west":{"uv":[8,4,12,7],"texture":"#0"},"up":{"uv":[8,4,4,0],"texture":"#0"},"down":{"uv":[8,0,4,4],"texture":"#0"}}},{"from":[16,7.25,0],"to":[16,17.25,16],"faces":{"north":{"uv":[0,4,4,7],"texture":"#0"},"east":{"uv":[12,4,16,7],"texture":"#0"},"south":{"uv":[8,4,12,7],"texture":"#0"},"west":{"uv":[8,4,4,7],"texture":"#0"},"up":{"uv":[8,4,4,0],"rotation":270,"texture":"#0"},"down":{"uv":[8,0,4,4],"rotation":90,"texture":"#0"}}},{"from":[0,7.25,0],"to":[0,17.25,16],"faces":{"north":{"uv":[0,4,4,7],"texture":"#0"},"east":{"uv":[16,4,12,7],"texture":"#0"},"south":{"uv":[8,4,12,7],"texture":"#0"},"west":{"uv":[4,4,8,7],"texture":"#0"},"up":{"uv":[8,4,4,0],"rotation":270,"texture":"#0"},"down":{"uv":[8,0,4,4],"rotation":90,"texture":"#0"}}},{"from":[0,7.25,0],"to":[16,7.25,16],"faces":{"north":{"uv":[4,4,8,7],"texture":"#0"},"east":{"uv":[0,4,4,7],"texture":"#0"},"south":{"uv":[12,4,16,7],"texture":"#0"},"west":{"uv":[8,4,12,7],"texture":"#0"},"up":{"uv":[12,4,8,0],"texture":"#0"},"down":{"uv":[12,0,8,4],"texture":"#0"}}},{"from":[0,0,0],"to":[16,0,16],"faces":{"north":{"uv":[4,11,8,13],"texture":"#0"},"east":{"uv":[0,11,4,13],"texture":"#0"},"south":{"uv":[12,11,16,13],"texture":"#0"},"west":{"uv":[8,11,12,13],"texture":"#0"},"up":{"uv":[12,11,8,7],"texture":"#0"},"down":{"uv":[12,7,8,11],"texture":"#0"}}},{"from":[0,0,0],"to":[16,8,0],"faces":{"north":{"uv":[4,11,8,13],"texture":"#0"},"east":{"uv":[0,11,4,13],"texture":"#0"},"south":{"uv":[16,11,12,13],"texture":"#0"},"west":{"uv":[8,11,12,13],"texture":"#0"},"up":{"uv":[12,11,8,7],"texture":"#0"},"down":{"uv":[12,7,8,11],"texture":"#0"}}},{"from":[0,0,16],"to":[16,8,16],"faces":{"north":{"uv":[8,11,4,13],"texture":"#0"},"east":{"uv":[0,11,4,13],"texture":"#0"},"south":{"uv":[12,11,16,13],"texture":"#0"},"west":{"uv":[8,11,12,13],"texture":"#0"},"up":{"uv":[12,11,8,7],"texture":"#0"},"down":{"uv":[12,7,8,11],"texture":"#0"}}},{"from":[0,0,0],"to":[0,8,16],"faces":{"north":{"uv":[0,11,4,13],"texture":"#0"},"east":{"uv":[16,11,12,13],"texture":"#0"},"south":{"uv":[8,11,12,13],"texture":"#0"},"west":{"uv":[4,11,8,13],"texture":"#0"},"up":{"uv":[12,11,8,7],"rotation":270,"texture":"#0"},"down":{"uv":[12,7,8,11],"rotation":90,"texture":"#0"}}},{"from":[16,0,0],"to":[16,8,16],"faces":{"north":{"uv":[0,11,4,13],"texture":"#0"},"east":{"uv":[12,11,16,13],"texture":"#0"},"south":{"uv":[8,11,12,13],"texture":"#0"},"west":{"uv":[8,11,4,13],"texture":"#0"},"up":{"uv":[12,11,8,7],"rotation":270,"texture":"#0"},"down":{"uv":[12,7,8,11],"rotation":90,"texture":"#0"}}},{"from":[0,8,0],"to":[16,8,16],"faces":{"north":{"uv":[4,11,8,13],"texture":"#0"},"east":{"uv":[0,11,4,13],"texture":"#0"},"south":{"uv":[12,11,16,13],"texture":"#0"},"west":{"uv":[8,11,12,13],"texture":"#0"},"up":{"uv":[8,11,4,7],"texture":"#0"},"down":{"uv":[8,7,4,11],"texture":"#0"}}},{"from":[5,6,5],"to":[11,12,11],"faces":{"north":{"uv":[1.5,14.5,3,16],"texture":"#0"},"east":{"uv":[0,14.5,1.5,16],"texture":"#0"},"south":{"uv":[4.5,14.5,6,16],"texture":"#0"},"west":{"uv":[3,14.5,4.5,16],"texture":"#0"},"up":{"uv":[3,14.5,1.5,13],"texture":"#0"},"down":{"uv":[4.5,13,3,14.5],"texture":"#0"}}}],"display":{"thirdperson_righthand":{"rotation":[75,45,0],"translation":[0,2.5,0],"scale":[0.375,0.375,0.375]},"thirdperson_lefthand":{"rotation":[75,45,0],"translation":[0,2.5,0],"scale":[0.375,0.375,0.375]},"firstperson_righthand":{"rotation":[0,45,0],"scale":[0.4,0.4,0.4]},"firstperson_lefthand":{"rotation":[0,225,0],"scale":[0.4,0.4,0.4]},"ground":{"translation":[0,3,0],"scale":[0.25,0.25,0.25]},"gui":{"rotation":[30,225,0],"translation":[0,-0.25,0],"scale":[0.6,0.6,0.6]},"head":{"rotation":[0,25,0],"translation":[0,15.25,0]},"fixed":{"scale":[0.5,0.5,0.5]}}}