{"credit":"By KeepMeow","texture_size":[64,64],"textures":{"0":"entity/panda/panda","1":"block/bamboo_stalk","2":"block/bamboo_large_leaves"},"elements":[{"from":[5.5,0,6],"to":[11,6,10],"rotation":{"angle":0,"axis":"x","origin":[-2,-26,-9]},"faces":{"north":{"uv":[3.25,9.5,8,16],"texture":"#0"},"east":{"uv":[0,9.5,3.25,16],"texture":"#0"},"south":{"uv":[11.25,9.5,16,16],"texture":"#0"},"west":{"uv":[8,9.5,11.25,16],"texture":"#0"},"up":{"uv":[8,9.5,3.25,6.25],"texture":"#0"},"down":{"uv":[8,6.25,12.75,9.5],"texture":"#0"}}},{"from":[9.5,-8.5,24.25],"to":[11,-7,26.5],"rotation":{"angle":-45,"axis":"x","origin":[-2,-26,1]},"faces":{"north":{"uv":[13,0,14.5,1.5],"rotation":180,"texture":"#0"},"east":{"uv":[10,1.5,11.5,3.75],"rotation":270,"texture":"#0"},"south":{"uv":[11.5,0,13,1.5],"texture":"#0"},"west":{"uv":[13,1.5,14.5,3.75],"rotation":90,"texture":"#0"},"up":{"uv":[11.5,1.5,13,3.75],"rotation":180,"texture":"#0"},"down":{"uv":[14.5,1.5,16,3.75],"texture":"#0"}}},{"from":[5.5,-8.5,24.25],"to":[7,-7,26.5],"rotation":{"angle":-45,"axis":"x","origin":[-2,-26,1]},"faces":{"north":{"uv":[13,0,14.5,1.5],"rotation":180,"texture":"#0"},"east":{"uv":[10,1.5,11.5,3.75],"rotation":270,"texture":"#0"},"south":{"uv":[11.5,0,13,1.5],"texture":"#0"},"west":{"uv":[13,1.5,14.5,3.75],"rotation":90,"texture":"#0"},"up":{"uv":[11.5,1.5,13,3.75],"rotation":180,"texture":"#0"},"down":{"uv":[14.5,1.5,16,3.75],"texture":"#0"}}},{"from":[12.5,0,-1.25],"to":[14,1.5,1],"rotation":{"angle":-22.5,"axis":"y","origin":[-2,-12,-4]},"faces":{"north":{"uv":[13,0,14.5,1.5],"rotation":180,"texture":"#0"},"east":{"uv":[10,1.5,11.5,3.75],"rotation":270,"texture":"#0"},"south":{"uv":[11.5,0,13,1.5],"texture":"#0"},"west":{"uv":[13,1.5,14.5,3.75],"rotation":90,"texture":"#0"},"up":{"uv":[11.5,1.5,13,3.75],"rotation":180,"texture":"#0"},"down":{"uv":[14.5,1.5,16,3.75],"texture":"#0"}}},{"from":[1,0,6.25],"to":[2.5,1.5,8.5],"rotation":{"angle":22.5,"axis":"y","origin":[-2,-12,-4]},"faces":{"north":{"uv":[13,0,14.5,1.5],"rotation":180,"texture":"#0"},"east":{"uv":[10,1.5,11.5,3.75],"rotation":270,"texture":"#0"},"south":{"uv":[11.5,0,13,1.5],"texture":"#0"},"west":{"uv":[13,1.5,14.5,3.75],"rotation":90,"texture":"#0"},"up":{"uv":[11.5,1.5,13,3.75],"rotation":180,"texture":"#0"},"down":{"uv":[14.5,1.5,16,3.75],"texture":"#0"}}},{"from":[5,6,6],"to":[11.5,11,10.5],"rotation":{"angle":0,"axis":"x","origin":[-2,-12,1]},"faces":{"north":{"uv":[2.25,3.75,5.5,6.25],"texture":"#0"},"east":{"uv":[0,3.75,2.25,6.25],"texture":"#0"},"south":{"uv":[7.75,3.75,11,6.25],"texture":"#0"},"west":{"uv":[5.5,3.75,7.75,6.25],"texture":"#0"},"up":{"uv":[2.25,3.75,5.5,1.5],"texture":"#0"},"down":{"uv":[5.5,1.5,8.75,3.75],"texture":"#0"}}},{"from":[6.5,6,5],"to":[10,8.5,6],"rotation":{"angle":0,"axis":"x","origin":[-2,-12,1]},"faces":{"north":{"uv":[11.75,4.5,13.5,5.75],"texture":"#0"},"east":{"uv":[11.25,4.5,11.75,5.75],"texture":"#0"},"south":{"uv":[14,4.5,15.75,5.75],"texture":"#0"},"west":{"uv":[13.5,4.5,14,5.75],"texture":"#0"},"up":{"uv":[11.75,4,13.5,4.5],"texture":"#0"},"down":{"uv":[13.5,4,15.25,4.5],"texture":"#0"}}},{"from":[4,10.5,8],"to":[6.5,12.5,8.5],"rotation":{"angle":0,"axis":"x","origin":[-2,-12,1]},"faces":{"north":{"uv":[13.25,6.5,14.5,7.5],"texture":"#0"},"east":{"uv":[13,6.5,13.25,7.5],"texture":"#0"},"south":{"uv":[16,6.5,14.75,7.5],"texture":"#0"},"west":{"uv":[14.5,6.5,14.75,7.5],"texture":"#0"},"up":{"uv":[13.25,6.25,14.5,6.5],"texture":"#0"},"down":{"uv":[14.5,6.25,15.75,6.5],"texture":"#0"}}},{"from":[10,10.5,7.5],"to":[12.5,12.5,8],"rotation":{"angle":0,"axis":"x","origin":[-2,-12,1]},"faces":{"north":{"uv":[14.5,6.5,13.25,7.5],"texture":"#0"},"east":{"uv":[13,6.5,13.25,7.5],"texture":"#0"},"south":{"uv":[14.75,6.5,16,7.5],"texture":"#0"},"west":{"uv":[14.5,6.5,14.75,7.5],"texture":"#0"},"up":{"uv":[14.5,6.25,13.25,6.5],"texture":"#0"},"down":{"uv":[15.75,6.25,14.5,6.5],"texture":"#0"}}},{"from":[0,6,4],"to":[6,7,5],"rotation":{"angle":-22.5,"axis":"z","origin":[-2,-8,-16]},"faces":{"north":{"uv":[0,0,2,16],"rotation":90,"texture":"#1"},"east":{"uv":[13,4,16,7],"rotation":270,"texture":"#1"},"south":{"uv":[0,0,2,16],"rotation":270,"texture":"#1"},"west":{"uv":[13,0,16,3],"rotation":270,"texture":"#1"},"up":{"uv":[0,0,2,16],"rotation":270,"texture":"#1"},"down":{"uv":[0,0,2,16],"rotation":270,"texture":"#1"}}},{"from":[-1,6.75,4.5],"to":[1,8.75,4.5],"rotation":{"angle":-22.5,"axis":"z","origin":[-2,-12,-4]},"faces":{"north":{"uv":[0,5,6,11],"rotation":90,"texture":"#2"},"east":{"uv":[0,0,1.5,0.25],"rotation":270,"texture":"#2"},"south":{"uv":[6,5,0,11],"rotation":270,"texture":"#2"},"west":{"uv":[0,0,1.5,0.25],"rotation":270,"texture":"#2"},"up":{"uv":[0,0,0.25,1.5],"rotation":270,"texture":"#2"},"down":{"uv":[0,0,0.25,1.5],"rotation":270,"texture":"#2"}}}],"display":{"thirdperson_righthand":{"rotation":[75,45,0],"translation":[0,1,1],"scale":[0.375,0.375,0.375]},"thirdperson_lefthand":{"rotation":[75,45,0],"translation":[0,1,1],"scale":[0.375,0.375,0.375]},"firstperson_righthand":{"rotation":[0,45,0],"translation":[0,1.5,0],"scale":[0.4,0.4,0.4]},"firstperson_lefthand":{"rotation":[0,45,0],"translation":[0,1.5,0],"scale":[0.4,0.4,0.4]},"ground":{"translation":[0,3,0],"scale":[0.25,0.25,0.25]},"gui":{"rotation":[30,225,0],"translation":[0,1,0],"scale":[0.725,0.725,0.725]},"head":{"translation":[-0.25,19.5,0],"scale":[1.5,1.5,1.5]},"fixed":{"scale":[0.5,0.5,0.5]}}}