{"credit":"By KeepMeow","texture_size":[64,32],"textures":{"0":"entity/pig/pig"},"elements":[{"from":[5.55,7.5,14.75],"to":[7.55,9.5,17.75],"rotation":{"angle":22.5,"axis":"x","origin":[0,6,4]},"faces":{"north":{"uv":[1,8,2,10],"rotation":180,"texture":"#0"},"east":{"uv":[0,10,1,13],"rotation":90,"texture":"#0"},"south":{"uv":[3,8,2,10],"texture":"#0"},"west":{"uv":[2,10,3,13],"rotation":270,"texture":"#0"},"up":{"uv":[3,10,4,13],"texture":"#0"},"down":{"uv":[1,10,2,13],"rotation":180,"texture":"#0"}}},{"from":[8.45,7.5,14.75],"to":[10.45,9.5,17.75],"rotation":{"angle":22.5,"axis":"x","origin":[0,6,4]},"faces":{"north":{"uv":[1,8,2,10],"rotation":180,"texture":"#0"},"east":{"uv":[0,10,1,13],"rotation":90,"texture":"#0"},"south":{"uv":[3,8,2,10],"texture":"#0"},"west":{"uv":[2,10,3,13],"rotation":270,"texture":"#0"},"up":{"uv":[3,10,4,13],"texture":"#0"},"down":{"uv":[1,10,2,13],"rotation":180,"texture":"#0"}}},{"from":[6.5,-3.1,7.5],"to":[8.5,-0.1,9.5],"rotation":{"angle":22.5,"axis":"z","origin":[0,6,4]},"faces":{"north":{"uv":[1,10,2,13],"texture":"#0"},"east":{"uv":[0,10,1,13],"texture":"#0"},"south":{"uv":[3,10,4,13],"texture":"#0"},"west":{"uv":[2,10,3,13],"texture":"#0"},"up":{"uv":[1,8,2,10],"texture":"#0"},"down":{"uv":[3,8,2,10],"texture":"#0"}}},{"from":[6.25,3,7.5],"to":[8.25,6,9.5],"rotation":{"angle":-22.5,"axis":"z","origin":[0,6,4]},"faces":{"north":{"uv":[1,10,2,13],"texture":"#0"},"east":{"uv":[0,10,1,13],"texture":"#0"},"south":{"uv":[3,10,4,13],"texture":"#0"},"west":{"uv":[2,10,3,13],"texture":"#0"},"up":{"uv":[1,8,2,10],"texture":"#0"},"down":{"uv":[3,8,2,10],"texture":"#0"}}},{"from":[5.5,3,7],"to":[10.5,7,15],"rotation":{"angle":0,"axis":"x","origin":[0,6,4]},"faces":{"north":{"uv":[11.5,8,9,4],"rotation":180,"texture":"#0"},"east":{"uv":[13.75,8,11.5,16],"rotation":90,"texture":"#0"},"south":{"uv":[11.5,4,14,8],"texture":"#0"},"west":{"uv":[9,16,7,8],"rotation":270,"texture":"#0"},"up":{"uv":[16,8,13.75,16],"texture":"#0"},"down":{"uv":[9,8,11.5,16],"rotation":180,"texture":"#0"}}},{"from":[5.25,-7,-1],"to":[13.25,1,7],"rotation":{"angle":45,"axis":"z","origin":[0,0,0]},"faces":{"north":{"uv":[2,0,4,4],"rotation":180,"texture":"#0"},"east":{"uv":[0,4,2,8],"rotation":90,"texture":"#0"},"south":{"uv":[4,0,6,4],"texture":"#0"},"west":{"uv":[4,4,6,8],"rotation":270,"texture":"#0"},"up":{"uv":[6,4,8,8],"texture":"#0"},"down":{"uv":[2,4,4,8],"rotation":180,"texture":"#0"}}},{"from":[7.25,-8,3],"to":[11.25,-7,6],"rotation":{"angle":45,"axis":"z","origin":[0,0,0]},"faces":{"north":{"uv":[4.25,8,5.25,8.5],"rotation":180,"texture":"#0"},"east":{"uv":[5.25,8.5,5.5,10],"rotation":90,"texture":"#0"},"south":{"uv":[5.25,8,6.25,8.5],"texture":"#0"},"west":{"uv":[4,8.5,4.25,10],"rotation":270,"texture":"#0"},"up":{"uv":[4.25,8.5,5.25,10],"texture":"#0"},"down":{"uv":[4.25,8.5,5.25,10],"rotation":180,"texture":"#0"}}}],"display":{"thirdperson_righthand":{"rotation":[75,45,0],"translation":[0,2,0],"scale":[0.375,0.375,0.375]},"thirdperson_lefthand":{"rotation":[75,45,0],"translation":[0,2,0],"scale":[0.375,0.375,0.375]},"firstperson_righthand":{"rotation":[0,45,0],"scale":[0.4,0.4,0.4]},"firstperson_lefthand":{"rotation":[0,45,0],"scale":[0.4,0.4,0.4]},"ground":{"translation":[0,3,0],"scale":[0.25,0.25,0.25]},"gui":{"rotation":[90,0,-180],"scale":[0.625,0.625,0.625]},"head":{"rotation":[90,0,-90],"translation":[14.25,8.25,0],"scale":[1.5,1.5,1.5]},"fixed":{"rotation":[0,90,0],"translation":[0,0,-1],"scale":[0.5,0.5,0.5]}}}