{"credit":"By KeepMeow","texture_size":[64,64],"textures":{"0":"entity/piglin/piglin_brute"},"elements":[{"from":[-4.5,12.75,6.5],"to":[-3.75,16.75,9.5],"rotation":{"angle":-22.5,"axis":"z","origin":[0,-4,1]},"faces":{"north":{"uv":[13.75,2.5,14,3.75],"texture":"#0"},"east":{"uv":[12.75,2.5,13.75,3.75],"texture":"#0"},"south":{"uv":[15,2.5,15.25,3.75],"texture":"#0"},"west":{"uv":[14,2.5,15,3.75],"texture":"#0"},"up":{"uv":[14,2.5,13.75,1.5],"texture":"#0"},"down":{"uv":[14.25,1.5,14,2.5],"texture":"#0"}}},{"from":[18.25,6.75,6.5],"to":[19,10.75,9.5],"rotation":{"angle":22.5,"axis":"z","origin":[0,-4,1]},"faces":{"north":{"uv":[10.75,2.5,11,3.75],"texture":"#0"},"east":{"uv":[9.75,2.5,10.75,3.75],"texture":"#0"},"south":{"uv":[12,2.5,12.25,3.75],"texture":"#0"},"west":{"uv":[11,2.5,12,3.75],"texture":"#0"},"up":{"uv":[11,2.5,10.75,1.5],"texture":"#0"},"down":{"uv":[11.25,1.5,11,2.5],"texture":"#0"}}},{"from":[6,6,7.25],"to":[10,12,9.25],"rotation":{"angle":0,"axis":"x","origin":[0,-4,1]},"faces":{"north":{"uv":[5,5,7,8],"texture":"#0"},"east":{"uv":[4,5,5,8],"texture":"#0"},"south":{"uv":[8,5,10,8],"texture":"#0"},"west":{"uv":[7,5,8,8],"texture":"#0"},"up":{"uv":[7,5,5,4],"texture":"#0"},"down":{"uv":[9,4,7,5],"texture":"#0"}}},{"from":[5.95,5.95,7.2],"to":[10.05,12.05,9.3],"rotation":{"angle":0,"axis":"x","origin":[0,-4,1]},"faces":{"north":{"uv":[5,9,7,12],"texture":"#0"},"east":{"uv":[4,9,5,12],"texture":"#0"},"south":{"uv":[8,9,10,12],"texture":"#0"},"west":{"uv":[7,9,8,12],"texture":"#0"},"up":{"uv":[7,9,5,8],"texture":"#0"},"down":{"uv":[9,8,7,9],"texture":"#0"}}},{"from":[0,10,7.25],"to":[6,12,9.25],"rotation":{"angle":0,"axis":"z","origin":[0,-7,1]},"faces":{"north":{"uv":[9,13,10,16],"rotation":270,"texture":"#0"},"east":{"uv":[10,13,9,12],"rotation":90,"texture":"#0"},"south":{"uv":[11,13,12,16],"rotation":90,"texture":"#0"},"west":{"uv":[11,12,10,13],"rotation":90,"texture":"#0"},"up":{"uv":[10,13,11,16],"rotation":90,"texture":"#0"},"down":{"uv":[8,13,9,16],"rotation":90,"texture":"#0"}}},{"from":[10,10,7.25],"to":[16,12,9.25],"rotation":{"angle":0,"axis":"z","origin":[0,-7,1]},"faces":{"north":{"uv":[11,5,12,8],"rotation":90,"texture":"#0"},"east":{"uv":[13,4,12,5],"rotation":270,"texture":"#0"},"south":{"uv":[13,5,14,8],"rotation":270,"texture":"#0"},"west":{"uv":[12,5,11,4],"rotation":270,"texture":"#0"},"up":{"uv":[10,5,11,8],"rotation":270,"texture":"#0"},"down":{"uv":[12,5,13,8],"rotation":270,"texture":"#0"}}},{"from":[6,0,7.25],"to":[8,6,9.25],"faces":{"north":{"uv":[1,5,2,8],"texture":"#0"},"east":{"uv":[0,5,1,8],"texture":"#0"},"south":{"uv":[3,5,4,8],"texture":"#0"},"west":{"uv":[2,5,3,8],"texture":"#0"},"up":{"uv":[2,5,1,4],"texture":"#0"},"down":{"uv":[3,4,2,5],"texture":"#0"}}},{"from":[5.95,-0.05,7.2],"to":[8.05,6.05,9.3],"faces":{"north":{"uv":[1,13,2,16],"texture":"#0"},"east":{"uv":[0,13,1,16],"texture":"#0"},"south":{"uv":[3,13,4,16],"texture":"#0"},"west":{"uv":[2,13,3,16],"texture":"#0"},"up":{"uv":[2,13,1,12],"texture":"#0"},"down":{"uv":[3,12,2,13],"texture":"#0"}}},{"from":[8,0,7.25],"to":[10,6,9.25],"faces":{"north":{"uv":[1,5,2,8],"texture":"#0"},"east":{"uv":[0,5,1,8],"texture":"#0"},"south":{"uv":[3,5,4,8],"texture":"#0"},"west":{"uv":[2,5,3,8],"texture":"#0"},"up":{"uv":[2,5,1,4],"texture":"#0"},"down":{"uv":[3,4,2,5],"texture":"#0"}}},{"from":[7.95,-0.05,7.2],"to":[10.05,6.05,9.3],"faces":{"north":{"uv":[1,9,2,12],"texture":"#0"},"east":{"uv":[0,9,1,12],"texture":"#0"},"south":{"uv":[3,9,4,12],"texture":"#0"},"west":{"uv":[2,9,3,12],"texture":"#0"},"up":{"uv":[2,9,1,8],"texture":"#0"},"down":{"uv":[3,8,2,9],"texture":"#0"}}},{"from":[4.12,12,5.25],"to":[11.62,18,11.25],"rotation":{"angle":0,"axis":"x","origin":[0,-4.25,0.5]},"faces":{"north":{"uv":[4.5,4,2,2],"rotation":180,"texture":"#0"},"east":{"uv":[0,4,2,2],"rotation":270,"texture":"#0"},"south":{"uv":[9,2,6.5,4],"texture":"#0"},"west":{"uv":[4.5,4,6.5,2],"rotation":90,"texture":"#0"},"up":{"uv":[2,0,4.5,2],"rotation":180,"texture":"#0"},"down":{"uv":[4.5,0,7,2],"texture":"#0"}}},{"from":[6.37,12,4.5],"to":[9.37,15,5.25],"rotation":{"angle":0,"axis":"x","origin":[0,-4.25,0.5]},"faces":{"north":{"uv":[8,0.5,9,1.5],"texture":"#0"},"east":{"uv":[7.75,0.5,8,1.5],"texture":"#0"},"south":{"uv":[9.25,0.5,10.25,1.5],"texture":"#0"},"west":{"uv":[9,0.5,9.25,1.5],"texture":"#0"},"up":{"uv":[9,0.5,8,0.25],"texture":"#0"},"down":{"uv":[10,0.25,9,0.5],"texture":"#0"}}},{"from":[9.38,12,4.5],"to":[10.13,13.5,5.25],"rotation":{"angle":0,"axis":"x","origin":[0,-4.25,0.5]},"faces":{"north":{"uv":[0.75,1.25,1,1.75],"texture":"#0"},"east":{"uv":[0.5,1.25,0.75,1.75],"texture":"#0"},"south":{"uv":[1.25,1.25,1.5,1.75],"texture":"#0"},"west":{"uv":[1,1.25,1.25,1.75],"texture":"#0"},"up":{"uv":[1,1.25,0.75,1],"texture":"#0"},"down":{"uv":[1.25,1,1,1.25],"texture":"#0"}}},{"from":[5.63,12,4.5],"to":[6.38,13.5,5.25],"rotation":{"angle":0,"axis":"x","origin":[0,-4.25,0.5]},"faces":{"north":{"uv":[0.75,1.25,1,1.75],"texture":"#0"},"east":{"uv":[0.5,1.25,0.75,1.75],"texture":"#0"},"south":{"uv":[1.25,1.25,1.5,1.75],"texture":"#0"},"west":{"uv":[1,1.25,1.25,1.75],"texture":"#0"},"up":{"uv":[1,1.25,0.75,1],"texture":"#0"},"down":{"uv":[1.25,1,1,1.25],"texture":"#0"}}}],"display":{"thirdperson_righthand":{"rotation":[75,45,0],"translation":[0,1,0],"scale":[0.375,0.375,0.375]},"thirdperson_lefthand":{"rotation":[75,45,0],"translation":[0,1,0],"scale":[0.375,0.375,0.375]},"firstperson_righthand":{"rotation":[0,45,0],"scale":[0.4,0.4,0.4]},"firstperson_lefthand":{"rotation":[0,45,0],"scale":[0.4,0.4,0.4]},"ground":{"translation":[0,3,0],"scale":[0.25,0.25,0.25]},"gui":{"rotation":[30,225,0],"translation":[0,-1,0],"scale":[0.625,0.625,0.625]},"head":{"translation":[0,19.5,0],"scale":[1.5,1.5,1.5]},"fixed":{"scale":[0.5,0.5,0.5]}}}