{"credit":"By KeepMeow","texture_size":[64,32],"textures":{"0":"entity/silverfish"},"elements":[{"from":[6.5,0,-0.5],"to":[9.5,2,1.5],"faces":{"north":{"uv":[0.5,1,1.25,2],"texture":"#0"},"east":{"uv":[0,1,0.5,2],"texture":"#0"},"south":{"uv":[1.75,1,2.5,2],"texture":"#0"},"west":{"uv":[1.25,1,1.75,2],"texture":"#0"},"up":{"uv":[1.25,1,0.5,0],"texture":"#0"},"down":{"uv":[2,0,1.25,1],"texture":"#0"}}},{"from":[6,0,1.5],"to":[10,3,3.5],"faces":{"north":{"uv":[0.5,3,1.5,4.5],"texture":"#0"},"east":{"uv":[0,3,0.5,4.5],"texture":"#0"},"south":{"uv":[2,3,3,4.5],"texture":"#0"},"west":{"uv":[1.5,3,2,4.5],"texture":"#0"},"up":{"uv":[1.5,3,0.5,2],"texture":"#0"},"down":{"uv":[2.5,2,1.5,3],"texture":"#0"}}},{"from":[6,0,-0.5],"to":[12,4,2.5],"rotation":{"angle":-22.5,"axis":"y","origin":[0,0,0]},"faces":{"north":{"uv":[0.75,6,2.25,8],"texture":"#0"},"east":{"uv":[0,6,0.75,8],"texture":"#0"},"south":{"uv":[3,6,4.5,8],"texture":"#0"},"west":{"uv":[2.25,6,3,8],"texture":"#0"},"up":{"uv":[2.25,6,0.75,4.5],"texture":"#0"},"down":{"uv":[3.75,4.5,2.25,6],"texture":"#0"}}},{"from":[3,0,7.5],"to":[6,3,10.5],"rotation":{"angle":22.5,"axis":"y","origin":[0,0,0]},"faces":{"north":{"uv":[0.75,9.5,1.5,11],"texture":"#0"},"east":{"uv":[0,9.5,0.75,11],"texture":"#0"},"south":{"uv":[2.25,9.5,3,11],"texture":"#0"},"west":{"uv":[1.5,9.5,2.25,11],"texture":"#0"},"up":{"uv":[1.5,9.5,0.75,8],"texture":"#0"},"down":{"uv":[2.25,8,1.5,9.5],"texture":"#0"}}},{"from":[7,0,7.5],"to":[9,2,10.5],"faces":{"north":{"uv":[0.75,12.5,1.25,13.5],"texture":"#0"},"east":{"uv":[0,12.5,0.75,13.5],"texture":"#0"},"south":{"uv":[2,12.5,2.5,13.5],"texture":"#0"},"west":{"uv":[1.25,12.5,2,13.5],"texture":"#0"},"up":{"uv":[1.25,12.5,0.75,11],"texture":"#0"},"down":{"uv":[1.75,11,1.25,12.5],"texture":"#0"}}},{"from":[10,0,6.5],"to":[12,1,8.5],"rotation":{"angle":-22.5,"axis":"y","origin":[0,0,0]},"faces":{"north":{"uv":[3.25,1,3.75,1.5],"texture":"#0"},"east":{"uv":[2.75,1,3.25,1.5],"texture":"#0"},"south":{"uv":[4.25,1,4.75,1.5],"texture":"#0"},"west":{"uv":[3.75,1,4.25,1.5],"texture":"#0"},"up":{"uv":[3.75,1,3.25,0],"texture":"#0"},"down":{"uv":[4.25,0,3.75,1],"texture":"#0"}}},{"from":[6.5,0,12],"to":[7.5,1,14],"faces":{"north":{"uv":[3.75,3,4,3.5],"texture":"#0"},"east":{"uv":[3.25,3,3.75,3.5],"texture":"#0"},"south":{"uv":[4.5,3,4.75,3.5],"texture":"#0"},"west":{"uv":[4,3,4.5,3.5],"texture":"#0"},"up":{"uv":[4,3,3.75,2],"texture":"#0"},"down":{"uv":[4.25,2,4,3],"texture":"#0"}}},{"from":[4,0,-0.5],"to":[14,8,-0.5],"rotation":{"angle":-22.5,"axis":"y","origin":[0,0,0]},"faces":{"north":{"uv":[5.75,1.5,8.25,5.5],"texture":"#0"},"east":{"uv":[5,1.5,5.75,5.5],"texture":"#0"},"south":{"uv":[8.25,1.5,5.75,5.5],"texture":"#0"},"west":{"uv":[8.25,1.5,9,5.5],"texture":"#0"},"up":{"uv":[8.25,1.5,5.75,0],"texture":"#0"},"down":{"uv":[10.75,0,8.25,1.5],"texture":"#0"}}},{"from":[-0.5,0,7.5],"to":[9.5,8,7.5],"rotation":{"angle":22.5,"axis":"y","origin":[0,0,0]},"faces":{"north":{"uv":[9,1.5,11.5,5.5],"texture":"#0"},"east":{"uv":[5,1.5,5.75,5.5],"texture":"#0"},"south":{"uv":[11.5,1.5,9,5.5],"texture":"#0"},"west":{"uv":[8.25,1.5,9,5.5],"texture":"#0"},"up":{"uv":[8.25,1.5,5.75,0],"texture":"#0"},"down":{"uv":[10.75,0,8.25,1.5],"texture":"#0"}}},{"from":[5,0,7.5],"to":[11,4,7.5],"faces":{"north":{"uv":[5.75,7,7.25,9],"texture":"#0"},"east":{"uv":[5,7,5.75,9],"texture":"#0"},"south":{"uv":[7.25,7,5.75,9],"texture":"#0"},"west":{"uv":[7.25,7,8,9],"texture":"#0"},"up":{"uv":[7.25,7,5.75,5.5],"texture":"#0"},"down":{"uv":[8.75,5.5,7.25,7],"texture":"#0"}}},{"from":[8,0,6.5],"to":[14,4,6.5],"rotation":{"angle":-22.5,"axis":"y","origin":[0,0,0]},"faces":{"north":{"uv":[8,7,9.5,9],"texture":"#0"},"east":{"uv":[5,7,5.75,9],"texture":"#0"},"south":{"uv":[9.5,7,8,9],"texture":"#0"},"west":{"uv":[7.25,7,8,9],"texture":"#0"},"up":{"uv":[7.25,7,5.75,5.5],"texture":"#0"},"down":{"uv":[8.75,5.5,7.25,7],"texture":"#0"}}},{"from":[5,0,1],"to":[11,5,1],"faces":{"north":{"uv":[5.5,10,7,12.5],"texture":"#0"},"east":{"uv":[5,10,5.5,12.5],"texture":"#0"},"south":{"uv":[7,10,5.5,12.5],"texture":"#0"},"west":{"uv":[7,10,7.5,12.5],"texture":"#0"},"up":{"uv":[7,10,5.5,9],"texture":"#0"},"down":{"uv":[8.5,9,7,10],"texture":"#0"}}},{"from":[5,0,3],"to":[11,5,3],"faces":{"north":{"uv":[5.5,10,7,12.5],"texture":"#0"},"east":{"uv":[5,10,5.5,12.5],"texture":"#0"},"south":{"uv":[7,10,5.5,12.5],"texture":"#0"},"west":{"uv":[7,10,7.5,12.5],"texture":"#0"},"up":{"uv":[7,10,5.5,9],"texture":"#0"},"down":{"uv":[8.5,9,7,10],"texture":"#0"}}}],"display":{"thirdperson_righthand":{"rotation":[75,45,0],"translation":[0,1,2],"scale":[0.375,0.375,0.375]},"thirdperson_lefthand":{"rotation":[75,45,0],"translation":[0,1,2],"scale":[0.375,0.375,0.375]},"firstperson_righthand":{"rotation":[0,45,0],"translation":[0,2,0],"scale":[0.4,0.4,0.4]},"firstperson_lefthand":{"rotation":[0,45,0],"translation":[0,2,0],"scale":[0.4,0.4,0.4]},"ground":{"translation":[0,3,0],"scale":[0.25,0.25,0.25]},"gui":{"rotation":[30,225,0],"translation":[-1,3.5,0],"scale":[0.625,0.625,0.625]},"head":{"translation":[0,19,2.5],"scale":[1.5,1.5,1.5]},"fixed":{"scale":[0.5,0.5,0.5]}}}