{"credit":"By KeepMeow","texture_size":[128,128],"textures":{"0":"pets/static/tuff_golem_pet"},"elements":[{"from":[14,2,7],"to":[18,13,11],"faces":{"north":{"uv":[0.5,3.625,1,5],"texture":"#0"},"east":{"uv":[0,3.625,0.5,5],"texture":"#0"},"south":{"uv":[1.5,3.625,2,5],"texture":"#0"},"west":{"uv":[1,3.625,1.5,5],"texture":"#0"},"up":{"uv":[1,3.625,0.5,3.125],"texture":"#0"},"down":{"uv":[1.5,3.125,1,3.625],"texture":"#0"}}},{"from":[13,4,0.25],"to":[17,8,11.25],"faces":{"north":{"uv":[7.75,0,7.25,0.5],"rotation":180,"texture":"#0"},"east":{"uv":[6.25,0.5,6.75,1.875],"rotation":270,"texture":"#0"},"south":{"uv":[7.25,0.5,6.75,0],"texture":"#0"},"west":{"uv":[7.25,0.5,7.75,1.875],"rotation":90,"texture":"#0"},"up":{"uv":[6.75,0.5,7.25,1.875],"rotation":180,"texture":"#0"},"down":{"uv":[7.75,0.5,8.25,1.875],"texture":"#0"}}},{"from":[-1,4,0.25],"to":[3,8,11.25],"faces":{"north":{"uv":[9.75,0,9.25,0.5],"rotation":180,"texture":"#0"},"east":{"uv":[8.25,0.5,8.75,1.875],"rotation":270,"texture":"#0"},"south":{"uv":[9.25,0.5,8.75,0],"texture":"#0"},"west":{"uv":[9.25,0.5,9.75,1.875],"rotation":90,"texture":"#0"},"up":{"uv":[8.75,0.5,9.25,1.875],"rotation":180,"texture":"#0"},"down":{"uv":[9.75,0.5,10.25,1.875],"texture":"#0"}}},{"from":[9.5,1,1],"to":[13.5,5,6],"faces":{"north":{"uv":[5.75,0,5.25,0.5],"rotation":180,"texture":"#0"},"east":{"uv":[4.25,0.5,4.75,1.125],"rotation":270,"texture":"#0"},"south":{"uv":[5.25,0.5,4.75,0],"texture":"#0"},"west":{"uv":[5.25,0.5,5.75,1.125],"rotation":90,"texture":"#0"},"up":{"uv":[4.75,0.5,5.25,1.125],"rotation":180,"texture":"#0"},"down":{"uv":[5.75,0.5,6.25,1.125],"texture":"#0"}}},{"from":[9.5,1,6],"to":[13.5,5,11],"faces":{"north":{"uv":[3.75,0,3.25,0.5],"rotation":180,"texture":"#0"},"east":{"uv":[2.25,0.5,2.75,1.125],"rotation":270,"texture":"#0"},"south":{"uv":[3.25,0.5,2.75,0],"texture":"#0"},"west":{"uv":[3.25,0.5,3.75,1.125],"rotation":90,"texture":"#0"},"up":{"uv":[2.75,0.5,3.25,1.125],"rotation":180,"texture":"#0"},"down":{"uv":[3.75,0.5,4.25,1.125],"texture":"#0"}}},{"from":[2.5,1,1],"to":[6.5,5,6],"faces":{"north":{"uv":[5.5,3.125,5,3.625],"rotation":180,"texture":"#0"},"east":{"uv":[4,3.625,4.5,4.25],"rotation":270,"texture":"#0"},"south":{"uv":[5,3.625,4.5,3.125],"texture":"#0"},"west":{"uv":[5,3.625,5.5,4.25],"rotation":90,"texture":"#0"},"up":{"uv":[4.5,3.625,5,4.25],"rotation":180,"texture":"#0"},"down":{"uv":[5.5,3.625,6,4.25],"texture":"#0"}}},{"from":[2.5,1,6],"to":[6.5,5,11],"faces":{"north":{"uv":[4.25,0,3.75,0.5],"rotation":180,"texture":"#0"},"east":{"uv":[2.75,0.5,3.25,1.125],"rotation":270,"texture":"#0"},"south":{"uv":[3.75,0.5,3.25,0],"texture":"#0"},"west":{"uv":[3.75,0.5,4.25,1.125],"rotation":90,"texture":"#0"},"up":{"uv":[3.25,0.5,3.75,1.125],"rotation":180,"texture":"#0"},"down":{"uv":[2.25,0.5,2.75,1.125],"texture":"#0"}}},{"from":[2,5,4],"to":[14,20,14],"faces":{"north":{"uv":[1.25,1.25,2.75,3.125],"texture":"#0"},"east":{"uv":[0,1.25,1.25,3.125],"texture":"#0"},"south":{"uv":[4,1.25,5.5,3.125],"texture":"#0"},"west":{"uv":[2.75,1.25,4,3.125],"texture":"#0"},"up":{"uv":[2.75,1.25,1.25,0],"texture":"#0"},"down":{"uv":[4.25,0,2.75,1.25],"texture":"#0"}}},{"from":[1.75,2,-0.25],"to":[14.25,8.5,14.25],"faces":{"north":{"uv":[7.75,3.625,9.25,4.375],"texture":"#0"},"east":{"uv":[6,3.625,7.75,4.375],"texture":"#0"},"south":{"uv":[11,3.625,12.5,4.375],"texture":"#0"},"west":{"uv":[9.25,3.625,11,4.375],"texture":"#0"},"up":{"uv":[9.25,3.625,7.75,1.875],"texture":"#0"},"down":{"uv":[10.75,1.875,9.25,3.625],"texture":"#0"}}},{"from":[1.75,2,3.75],"to":[14.25,8.5,14.25],"faces":{"north":{"uv":[1.25,6.25,2.75,7],"texture":"#0"},"east":{"uv":[0,6.25,1.25,7],"texture":"#0"},"south":{"uv":[4,6.25,5.5,7],"texture":"#0"},"west":{"uv":[2.75,6.25,4,7],"texture":"#0"},"up":{"uv":[2.75,6.25,1.25,5],"texture":"#0"},"down":{"uv":[4.25,5,2.75,6.25],"texture":"#0"}}},{"from":[6.5,10,2],"to":[9.5,14,4],"faces":{"north":{"uv":[0.25,0.25,0.625,0.75],"texture":"#0"},"east":{"uv":[0,0.25,0.25,0.75],"texture":"#0"},"south":{"uv":[0.875,0.25,1.25,0.75],"texture":"#0"},"west":{"uv":[0.625,0.25,0.875,0.75],"texture":"#0"},"up":{"uv":[0.625,0.25,0.25,0],"texture":"#0"},"down":{"uv":[1,0,0.625,0.25],"texture":"#0"}}},{"from":[-2,2,7],"to":[2,13,11],"faces":{"north":{"uv":[2.5,3.625,3,5],"texture":"#0"},"east":{"uv":[2,3.625,2.5,5],"texture":"#0"},"south":{"uv":[3.5,3.625,4,5],"texture":"#0"},"west":{"uv":[3,3.625,3.5,5],"texture":"#0"},"up":{"uv":[3,3.625,2.5,3.125],"texture":"#0"},"down":{"uv":[3.5,3.125,3,3.625],"texture":"#0"}}}],"display":{"thirdperson_righthand":{"rotation":[75,45,0],"translation":[0,2.5,0],"scale":[0.25,0.25,0.25]},"thirdperson_lefthand":{"rotation":[75,45,0],"translation":[0,2.5,0],"scale":[0.25,0.25,0.25]},"firstperson_righthand":{"rotation":[0,45,0],"scale":[0.4,0.4,0.4]},"firstperson_lefthand":{"rotation":[0,45,0],"scale":[0.4,0.4,0.4]},"ground":{"translation":[0,3,0],"scale":[0.2,0.2,0.2]},"gui":{"rotation":[30,225,0],"translation":[0,-1.5,0],"scale":[0.5,0.5,0.5]},"head":{"translation":[0,17,0.25],"scale":[1.5,1.5,1.5]},"fixed":{"scale":[0.5,0.5,0.5]}}}