{"credit":"By KeepMeow","texture_size":[128,64],"textures":{"0":"entity/turtle/big_sea_turtle","1":"block/turtle_egg","2":"block/turtle_egg_very_cracked"},"elements":[{"from":[-1.5,4,-2],"to":[17.5,10,18],"faces":{"north":{"uv":[4,10.75,1.625,9.25],"rotation":180,"texture":"#0"},"east":{"uv":[0.875,10.75,1.625,15.75],"rotation":90,"texture":"#0"},"south":{"uv":[6.375,9.25,4,10.75],"texture":"#0"},"west":{"uv":[4,10.75,4.75,15.75],"rotation":270,"texture":"#0"},"up":{"uv":[4.75,10.75,7.125,15.75],"texture":"#0"},"down":{"uv":[1.625,10.75,4,15.75],"rotation":180,"texture":"#0"}}},{"from":[2.5,1,-2],"to":[13.5,4,16],"faces":{"north":{"uv":[5.625,1,4.25,0.25],"rotation":180,"texture":"#0"},"east":{"uv":[3.875,1,4.25,5.5],"rotation":90,"texture":"#0"},"south":{"uv":[7,0.25,5.625,1],"texture":"#0"},"west":{"uv":[5.625,1,6,5.5],"rotation":270,"texture":"#0"},"up":{"uv":[6,1,7.375,5.5],"texture":"#0"},"down":{"uv":[4.25,1,5.625,5.5],"rotation":180,"texture":"#0"}}},{"from":[3.5,0,-2],"to":[12.5,1,16],"faces":{"north":{"uv":[10,8.5,8.875,8.25],"rotation":180,"texture":"#0"},"east":{"uv":[8.75,8.5,8.875,13],"rotation":90,"texture":"#0"},"south":{"uv":[11.125,8.25,10,8.5],"texture":"#0"},"west":{"uv":[10,8.5,10.125,13],"rotation":270,"texture":"#0"},"up":{"uv":[10.125,8.5,11.25,13],"texture":"#0"},"down":{"uv":[8.875,8.5,10,13],"rotation":180,"texture":"#0"}}},{"from":[2.5,12.25,9.5],"to":[6.5,13.25,19.5],"rotation":{"angle":45,"axis":"x","origin":[0,0,0]},"faces":{"north":{"uv":[1.375,5.5,1.875,5.75],"texture":"#0"},"east":{"uv":[0.125,5.5,1.375,5.75],"texture":"#0"},"south":{"uv":[3.125,5.5,3.625,5.75],"texture":"#0"},"west":{"uv":[1.875,5.5,3.125,5.75],"texture":"#0"},"up":{"uv":[1.875,5.5,1.375,3],"texture":"#0"},"down":{"uv":[2.375,3,1.875,5.5],"texture":"#0"}}},{"from":[9.5,12.25,9.5],"to":[13.5,13.25,19.5],"rotation":{"angle":45,"axis":"x","origin":[0,0,0]},"faces":{"north":{"uv":[1.375,8.25,1.875,8.5],"texture":"#0"},"east":{"uv":[0.125,8.25,1.375,8.5],"texture":"#0"},"south":{"uv":[3.125,8.25,3.625,8.5],"texture":"#0"},"west":{"uv":[1.875,8.25,3.125,8.5],"texture":"#0"},"up":{"uv":[1.875,8.25,1.375,5.75],"texture":"#0"},"down":{"uv":[2.375,5.75,1.875,8.25],"texture":"#0"}}},{"from":[0.75,2,-13],"to":[6.75,7,-7],"rotation":{"angle":-45,"axis":"y","origin":[0,0,0]},"faces":{"north":{"uv":[1.125,1.5,1.875,2.75],"texture":"#0"},"east":{"uv":[0.375,1.5,1.125,2.75],"texture":"#0"},"south":{"uv":[2.625,1.5,3.375,2.75],"texture":"#0"},"west":{"uv":[1.875,1.5,2.625,2.75],"texture":"#0"},"up":{"uv":[1.875,1.5,1.125,0],"texture":"#0"},"down":{"uv":[2.625,0,1.875,1.5],"texture":"#0"}}},{"from":[-0.25,-8.25,-1],"to":[0.75,4.75,4],"rotation":{"angle":-22.5,"axis":"z","origin":[0,0,0]},"faces":{"north":{"uv":[4,7.25,5.625,7.5],"rotation":90,"texture":"#0"},"east":{"uv":[7.25,6,5.625,7.25],"rotation":270,"texture":"#0"},"south":{"uv":[6.25,7.25,7.875,7.5],"rotation":270,"texture":"#0"},"west":{"uv":[5.625,7.25,4,6],"rotation":270,"texture":"#0"},"up":{"uv":[3.375,7.25,4,7.5],"rotation":270,"texture":"#0"},"down":{"uv":[5.625,7.25,6.25,7.5],"rotation":270,"texture":"#0"}}},{"from":[14,-14.5,-1],"to":[15,-1.5,4],"rotation":{"angle":22.5,"axis":"z","origin":[0,0,0]},"faces":{"north":{"uv":[5.625,8.75,4,9],"rotation":270,"texture":"#0"},"east":{"uv":[5.625,8.75,4,7.5],"rotation":90,"texture":"#0"},"south":{"uv":[7.875,8.75,6.25,9],"rotation":90,"texture":"#0"},"west":{"uv":[7.25,7.5,5.625,8.75],"rotation":90,"texture":"#0"},"up":{"uv":[3.375,8.75,4,9],"rotation":90,"texture":"#0"},"down":{"uv":[6.25,8.75,5.625,9],"rotation":90,"texture":"#0"}}},{"from":[4,10,5],"to":[8,17,9],"faces":{"north":{"uv":[1,4,5,11],"texture":"#1"},"east":{"uv":[1,4,5,11],"texture":"#1"},"south":{"uv":[1,4,5,11],"texture":"#1"},"west":{"uv":[1,4,5,11],"texture":"#1"},"up":{"uv":[0,0,4,4],"texture":"#1"},"down":{"uv":[0,0,4,4],"texture":"#1"}}},{"from":[9,10,8],"to":[13,15,12],"faces":{"north":{"uv":[10,10,14,15],"texture":"#2"},"east":{"uv":[10,10,14,15],"texture":"#2"},"south":{"uv":[10,10,14,15],"texture":"#2"},"west":{"uv":[10,10,14,15],"texture":"#2"},"up":{"uv":[4,11,8,15],"texture":"#2"},"down":{"uv":[6,7,10,11],"texture":"#2"}}}],"display":{"thirdperson_righthand":{"rotation":[75,45,0],"translation":[0,2.5,0],"scale":[0.375,0.375,0.375]},"thirdperson_lefthand":{"rotation":[75,45,0],"translation":[0,2.5,0],"scale":[0.375,0.375,0.375]},"firstperson_righthand":{"rotation":[0,45,0],"scale":[0.4,0.4,0.4]},"firstperson_lefthand":{"rotation":[0,45,0],"scale":[0.4,0.4,0.4]},"ground":{"translation":[0,3,0],"scale":[0.25,0.25,0.25]},"gui":{"rotation":[30,225,0],"translation":[-0.5,0.75,0],"scale":[0.4,0.4,0.4]},"head":{"translation":[0,18.25,0],"scale":[1.5,1.5,1.5]},"fixed":{"scale":[0.5,0.5,0.5]}}}