{"credit":"By KeepMeow","texture_size":[64,32],"textures":{"0":"entity/skeleton/wither_skeleton"},"elements":[{"from":[8,0,11],"to":[14,6,11],"rotation":{"angle":-22.5,"axis":"y","origin":[0,-4,1]},"faces":{"north":{"uv":[4,0,2,4],"rotation":180,"texture":"#0"},"east":{"uv":[0,4,2,8],"rotation":270,"texture":"#0"},"south":{"uv":[4,4,2,0],"texture":"#0"},"west":{"uv":[4,4,6,8],"rotation":90,"texture":"#0"},"up":{"uv":[2,4,4,8],"rotation":180,"texture":"#0"},"down":{"uv":[6,4,8,8],"texture":"#0"}}},{"from":[8,0,5],"to":[14,6,5],"rotation":{"angle":-22.5,"axis":"y","origin":[0,-4,1]},"faces":{"north":{"uv":[6,0,4,4],"rotation":180,"texture":"#0"},"east":{"uv":[0,4,2,8],"rotation":270,"texture":"#0"},"south":{"uv":[6,4,4,0],"texture":"#0"},"west":{"uv":[4,4,6,8],"rotation":90,"texture":"#0"},"up":{"uv":[2,4,4,8],"rotation":180,"texture":"#0"},"down":{"uv":[6,4,8,8],"texture":"#0"}}},{"from":[8,6,5],"to":[14,6,11],"rotation":{"angle":-22.5,"axis":"y","origin":[0,-4,1]},"faces":{"north":{"uv":[6,0,4,4],"rotation":180,"texture":"#0"},"east":{"uv":[0,4,2,8],"rotation":270,"texture":"#0"},"south":{"uv":[4,4,2,0],"texture":"#0"},"west":{"uv":[4,4,6,8],"rotation":90,"texture":"#0"},"up":{"uv":[2,4,4,8],"rotation":180,"texture":"#0"},"down":{"uv":[4,4,2,8],"texture":"#0"}}},{"from":[8,0,5],"to":[14,0,11],"rotation":{"angle":-22.5,"axis":"y","origin":[0,-4,1]},"faces":{"north":{"uv":[6,0,4,4],"rotation":180,"texture":"#0"},"east":{"uv":[0,4,2,8],"rotation":270,"texture":"#0"},"south":{"uv":[4,4,2,0],"texture":"#0"},"west":{"uv":[4,4,6,8],"rotation":90,"texture":"#0"},"up":{"uv":[6,4,8,8],"rotation":180,"texture":"#0"},"down":{"uv":[6,4,8,8],"texture":"#0"}}},{"from":[14,0,5],"to":[14,6,11],"rotation":{"angle":-22.5,"axis":"y","origin":[0,-4,1]},"faces":{"north":{"uv":[6,0,4,4],"rotation":180,"texture":"#0"},"east":{"uv":[0,4,2,8],"rotation":270,"texture":"#0"},"south":{"uv":[4,4,2,0],"texture":"#0"},"west":{"uv":[0,8,2,4],"rotation":90,"texture":"#0"},"up":{"uv":[2,4,4,8],"rotation":180,"texture":"#0"},"down":{"uv":[6,4,8,8],"texture":"#0"}}},{"from":[8,0,5],"to":[8,6,11],"rotation":{"angle":-22.5,"axis":"y","origin":[0,-4,1]},"faces":{"north":{"uv":[6,0,4,4],"rotation":180,"texture":"#0"},"east":{"uv":[6,4,4,8],"rotation":270,"texture":"#0"},"south":{"uv":[4,4,2,0],"texture":"#0"},"west":{"uv":[4,4,6,8],"rotation":90,"texture":"#0"},"up":{"uv":[2,4,4,8],"rotation":180,"texture":"#0"},"down":{"uv":[6,4,8,8],"texture":"#0"}}},{"from":[1,0,5],"to":[2,1,11],"rotation":{"angle":22.5,"axis":"y","origin":[0,-7,1]},"faces":{"north":{"uv":[11.5,8,11,9],"rotation":180,"texture":"#0"},"east":{"uv":[10.5,9,11,15],"rotation":270,"texture":"#0"},"south":{"uv":[11,9,10.5,8],"texture":"#0"},"west":{"uv":[10,9,10.5,15],"rotation":90,"texture":"#0"},"up":{"uv":[11,9,11.5,15],"rotation":180,"texture":"#0"},"down":{"uv":[11.5,9,12,15],"texture":"#0"}}},{"from":[12,0,-1],"to":[13,1,5],"rotation":{"angle":-22.5,"axis":"y","origin":[0,-7,1]},"faces":{"north":{"uv":[11.5,8,11,9],"rotation":180,"texture":"#0"},"east":{"uv":[10.5,9,11,15],"rotation":270,"texture":"#0"},"south":{"uv":[11,9,10.5,8],"texture":"#0"},"west":{"uv":[10,9,10.5,15],"rotation":90,"texture":"#0"},"up":{"uv":[11,9,11.5,15],"rotation":180,"texture":"#0"},"down":{"uv":[11.5,9,12,15],"texture":"#0"}}},{"from":[8.5,0,-5],"to":[9.5,1,1],"rotation":{"angle":-22.5,"axis":"y","origin":[0,-7,1]},"faces":{"north":{"uv":[1.5,8,1,9],"rotation":180,"texture":"#0"},"east":{"uv":[0.5,9,1,15],"rotation":270,"texture":"#0"},"south":{"uv":[1,9,0.5,8],"texture":"#0"},"west":{"uv":[0,9,0.5,15],"rotation":90,"texture":"#0"},"up":{"uv":[1,9,1.5,15],"rotation":180,"texture":"#0"},"down":{"uv":[1.5,9,2,15],"texture":"#0"}}},{"from":[5.5,-4,8],"to":[6.5,-3,14],"rotation":{"angle":-45,"axis":"x","origin":[0,-7,1]},"faces":{"north":{"uv":[1.5,8,1,9],"rotation":180,"texture":"#0"},"east":{"uv":[0.5,9,1,15],"rotation":270,"texture":"#0"},"south":{"uv":[1,9,0.5,8],"texture":"#0"},"west":{"uv":[0,9,0.5,15],"rotation":90,"texture":"#0"},"up":{"uv":[1,9,1.5,15],"rotation":180,"texture":"#0"},"down":{"uv":[1.5,9,2,15],"texture":"#0"}}},{"from":[3,0,7],"to":[7,0,13],"rotation":{"angle":22.5,"axis":"y","origin":[0,-4,1]},"faces":{"north":{"uv":[9,4,7,5],"rotation":180,"texture":"#0"},"east":{"uv":[4,5,5,8],"rotation":270,"texture":"#0"},"south":{"uv":[7,5,5,4],"texture":"#0"},"west":{"uv":[7,5,8,8],"rotation":90,"texture":"#0"},"up":{"uv":[8,10,10,16],"rotation":180,"texture":"#0"},"down":{"uv":[10,10,8,16],"texture":"#0"}}},{"from":[3,0,7],"to":[3,2,13],"rotation":{"angle":22.5,"axis":"y","origin":[0,-4,1]},"faces":{"north":{"uv":[9,4,7,5],"rotation":180,"texture":"#0"},"east":{"uv":[8,10,7,16],"rotation":270,"texture":"#0"},"south":{"uv":[7,5,5,4],"texture":"#0"},"west":{"uv":[7,10,8,16],"rotation":90,"texture":"#0"},"up":{"uv":[7,10,5,16],"rotation":180,"texture":"#0"},"down":{"uv":[5,10,7,16],"texture":"#0"}}},{"from":[7,0,7],"to":[7,2,13],"rotation":{"angle":22.5,"axis":"y","origin":[0,-4,1]},"faces":{"north":{"uv":[9,4,7,5],"rotation":180,"texture":"#0"},"east":{"uv":[5,10,4,16],"rotation":270,"texture":"#0"},"south":{"uv":[7,5,5,4],"texture":"#0"},"west":{"uv":[4,10,5,16],"rotation":90,"texture":"#0"},"up":{"uv":[7,10,5,16],"rotation":180,"texture":"#0"},"down":{"uv":[5,10,7,16],"texture":"#0"}}},{"from":[3,2,7],"to":[7,2,13],"rotation":{"angle":22.5,"axis":"y","origin":[0,-4,1]},"faces":{"north":{"uv":[9,4,7,5],"rotation":180,"texture":"#0"},"east":{"uv":[4,5,5,8],"rotation":270,"texture":"#0"},"south":{"uv":[7,5,5,4],"texture":"#0"},"west":{"uv":[7,5,8,8],"rotation":90,"texture":"#0"},"up":{"uv":[7,10,5,16],"rotation":180,"texture":"#0"},"down":{"uv":[5,10,7,16],"texture":"#0"}}},{"from":[3,0,7],"to":[7,2,7],"rotation":{"angle":22.5,"axis":"y","origin":[0,-4,1]},"faces":{"north":{"uv":[9,8,7,10],"rotation":180,"texture":"#0"},"east":{"uv":[4,5,5,8],"rotation":270,"texture":"#0"},"south":{"uv":[9,10,7,8],"texture":"#0"},"west":{"uv":[7,5,8,8],"rotation":90,"texture":"#0"},"up":{"uv":[7,10,5,16],"rotation":180,"texture":"#0"},"down":{"uv":[5,10,7,16],"texture":"#0"}}}],"display":{"thirdperson_righthand":{"rotation":[75,45,0],"translation":[0,2.5,1],"scale":[0.375,0.375,0.375]},"thirdperson_lefthand":{"rotation":[75,45,0],"translation":[0,2.5,1],"scale":[0.375,0.375,0.375]},"firstperson_righthand":{"rotation":[0,45,0],"translation":[0,2,0],"scale":[0.4,0.4,0.4]},"firstperson_lefthand":{"rotation":[0,45,0],"translation":[0,2,0],"scale":[0.4,0.4,0.4]},"ground":{"translation":[0,3,0],"scale":[0.25,0.25,0.25]},"gui":{"rotation":[30,225,0],"translation":[0,2.5,0],"scale":[0.7,0.7,0.7]},"head":{"rotation":[0,45,0],"translation":[1.25,19.25,0.25],"scale":[1.5,1.5,1.5]},"fixed":{"rotation":[0,90,-90],"translation":[0,0,-4.25],"scale":[0.5,0.5,0.5]}},"groups":[0,1,2,3,4,5,6,7,8,9,{"name":"group","origin":[0,-4,1],"color":0,"children":[10,11,12,13,14]}]}